WARNING 2026-07-13 13:21:38,617 connectionpool Retrying (Retry(total=2, connect=None, read=None, redirect=None)) after connection broken by 'NewConnectionError('<telegram.vendor.ptb_urllib3.urllib3.connection.VerifiedHTTPSConnection object at 0x74a6b0329e10>: Failed to establish a new connection: [Errno -3] Temporary failure in name resolution')': /bot8663400657:AAEbBqdhw4ZfHrU7JqCGlj2twvONKQLYnTs/getUpdates
WARNING 2026-07-13 13:21:39,150 connectionpool Retrying (Retry(total=1, connect=None, read=None, redirect=None)) after connection broken by 'NewConnectionError('<telegram.vendor.ptb_urllib3.urllib3.connection.VerifiedHTTPSConnection object at 0x74a6b0329420>: Failed to establish a new connection: [Errno -2] Name or service not known')': /bot8663400657:AAEbBqdhw4ZfHrU7JqCGlj2twvONKQLYnTs/getUpdates
WARNING 2026-07-13 13:21:39,316 connectionpool Retrying (Retry(total=0, connect=None, read=None, redirect=None)) after connection broken by 'NewConnectionError('<telegram.vendor.ptb_urllib3.urllib3.connection.VerifiedHTTPSConnection object at 0x74a6b032ae00>: Failed to establish a new connection: [Errno -2] Name or service not known')': /bot8663400657:AAEbBqdhw4ZfHrU7JqCGlj2twvONKQLYnTs/getUpdates
ERROR 2026-07-13 13:21:39,412 updater Error while getting Updates: urllib3 HTTPError HTTPSConnectionPool(host='api.telegram.org', port=443): Max retries exceeded with url: /bot8663400657:AAEbBqdhw4ZfHrU7JqCGlj2twvONKQLYnTs/getUpdates (Caused by NewConnectionError('<telegram.vendor.ptb_urllib3.urllib3.connection.VerifiedHTTPSConnection object at 0x74a6b032b850>: Failed to establish a new connection: [Errno -2] Name or service not known'))
ERROR 2026-07-13 13:21:39,463 dispatcher No error handlers are registered, logging exception.
Traceback (most recent call last):
  File "/usr/local/lib/python3.10/site-packages/telegram/vendor/ptb_urllib3/urllib3/connection.py", line 140, in _new_conn
    conn = connection.create_connection(
  File "/usr/local/lib/python3.10/site-packages/telegram/vendor/ptb_urllib3/urllib3/util/connection.py", line 60, in create_connection
    for res in socket.getaddrinfo(host, port, family, socket.SOCK_STREAM):
  File "/usr/local/lib/python3.10/socket.py", line 967, in getaddrinfo
    for res in _socket.getaddrinfo(host, port, family, type, proto, flags):
socket.gaierror: [Errno -2] Name or service not known

During handling of the above exception, another exception occurred:

Traceback (most recent call last):
  File "/usr/local/lib/python3.10/site-packages/telegram/vendor/ptb_urllib3/urllib3/connectionpool.py", line 614, in urlopen
    httplib_response = self._make_request(conn, method, url,
  File "/usr/local/lib/python3.10/site-packages/telegram/vendor/ptb_urllib3/urllib3/connectionpool.py", line 360, in _make_request
    self._validate_conn(conn)
  File "/usr/local/lib/python3.10/site-packages/telegram/vendor/ptb_urllib3/urllib3/connectionpool.py", line 857, in _validate_conn
    super(HTTPSConnectionPool, self)._validate_conn(conn)
  File "/usr/local/lib/python3.10/site-packages/telegram/vendor/ptb_urllib3/urllib3/connectionpool.py", line 289, in _validate_conn
    conn.connect()
  File "/usr/local/lib/python3.10/site-packages/telegram/vendor/ptb_urllib3/urllib3/connection.py", line 284, in connect
    conn = self._new_conn()
  File "/usr/local/lib/python3.10/site-packages/telegram/vendor/ptb_urllib3/urllib3/connection.py", line 149, in _new_conn
    raise NewConnectionError(
telegram.vendor.ptb_urllib3.urllib3.exceptions.NewConnectionError: <telegram.vendor.ptb_urllib3.urllib3.connection.VerifiedHTTPSConnection object at 0x74a6b032b850>: Failed to establish a new connection: [Errno -2] Name or service not known

During handling of the above exception, another exception occurred:

Traceback (most recent call last):
  File "/usr/local/lib/python3.10/site-packages/telegram/utils/request.py", line 259, in _request_wrapper
    resp = self._con_pool.request(*args, **kwargs)
  File "/usr/local/lib/python3.10/site-packages/telegram/vendor/ptb_urllib3/urllib3/request.py", line 68, in request
    return self.request_encode_body(method, url, fields=fields,
  File "/usr/local/lib/python3.10/site-packages/telegram/vendor/ptb_urllib3/urllib3/request.py", line 148, in request_encode_body
    return self.urlopen(method, url, **extra_kw)
  File "/usr/local/lib/python3.10/site-packages/telegram/vendor/ptb_urllib3/urllib3/poolmanager.py", line 244, in urlopen
    response = conn.urlopen(method, u.request_uri, **kw)
  File "/usr/local/lib/python3.10/site-packages/telegram/vendor/ptb_urllib3/urllib3/connectionpool.py", line 691, in urlopen
    return self.urlopen(method, url, body, headers, retries,
  File "/usr/local/lib/python3.10/site-packages/telegram/vendor/ptb_urllib3/urllib3/connectionpool.py", line 691, in urlopen
    return self.urlopen(method, url, body, headers, retries,
  File "/usr/local/lib/python3.10/site-packages/telegram/vendor/ptb_urllib3/urllib3/connectionpool.py", line 691, in urlopen
    return self.urlopen(method, url, body, headers, retries,
  File "/usr/local/lib/python3.10/site-packages/telegram/vendor/ptb_urllib3/urllib3/connectionpool.py", line 665, in urlopen
    retries = retries.increment(method, url, error=e, _pool=self,
  File "/usr/local/lib/python3.10/site-packages/telegram/vendor/ptb_urllib3/urllib3/util/retry.py", line 376, in increment
    raise MaxRetryError(_pool, url, error or ResponseError(cause))
telegram.vendor.ptb_urllib3.urllib3.exceptions.MaxRetryError: HTTPSConnectionPool(host='api.telegram.org', port=443): Max retries exceeded with url: /bot8663400657:AAEbBqdhw4ZfHrU7JqCGlj2twvONKQLYnTs/getUpdates (Caused by NewConnectionError('<telegram.vendor.ptb_urllib3.urllib3.connection.VerifiedHTTPSConnection object at 0x74a6b032b850>: Failed to establish a new connection: [Errno -2] Name or service not known'))

The above exception was the direct cause of the following exception:

Traceback (most recent call last):
  File "/usr/local/lib/python3.10/site-packages/telegram/ext/updater.py", line 651, in _network_loop_retry
    if not action_cb():
  File "/usr/local/lib/python3.10/site-packages/telegram/ext/updater.py", line 602, in polling_action_cb
    updates = self.bot.get_updates(
  File "/usr/local/lib/python3.10/site-packages/telegram/ext/extbot.py", line 228, in get_updates
    updates = super().get_updates(
  File "/usr/local/lib/python3.10/site-packages/telegram/bot.py", line 134, in decorator
    result = func(*args, **kwargs)
  File "/usr/local/lib/python3.10/site-packages/telegram/bot.py", line 3140, in get_updates
    self._post(
  File "/usr/local/lib/python3.10/site-packages/telegram/bot.py", line 299, in _post
    return self.request.post(
  File "/usr/local/lib/python3.10/site-packages/telegram/utils/request.py", line 361, in post
    result = self._request_wrapper(
  File "/usr/local/lib/python3.10/site-packages/telegram/utils/request.py", line 265, in _request_wrapper
    raise NetworkError(f'urllib3 HTTPError {error}') from error
telegram.error.NetworkError: urllib3 HTTPError HTTPSConnectionPool(host='api.telegram.org', port=443): Max retries exceeded with url: /bot8663400657:AAEbBqdhw4ZfHrU7JqCGlj2twvONKQLYnTs/getUpdates (Caused by NewConnectionError('<telegram.vendor.ptb_urllib3.urllib3.connection.VerifiedHTTPSConnection object at 0x74a6b032b850>: Failed to establish a new connection: [Errno -2] Name or service not known'))
WARNING 2026-07-13 13:21:40,470 connectionpool Retrying (Retry(total=2, connect=None, read=None, redirect=None)) after connection broken by 'NewConnectionError('<telegram.vendor.ptb_urllib3.urllib3.connection.VerifiedHTTPSConnection object at 0x74a6b032b220>: Failed to establish a new connection: [Errno -2] Name or service not known')': /bot8663400657:AAEbBqdhw4ZfHrU7JqCGlj2twvONKQLYnTs/getUpdates
WARNING 2026-07-13 13:21:40,515 connectionpool Retrying (Retry(total=1, connect=None, read=None, redirect=None)) after connection broken by 'NewConnectionError('<telegram.vendor.ptb_urllib3.urllib3.connection.VerifiedHTTPSConnection object at 0x74a6b032b250>: Failed to establish a new connection: [Errno -2] Name or service not known')': /bot8663400657:AAEbBqdhw4ZfHrU7JqCGlj2twvONKQLYnTs/getUpdates
WARNING 2026-07-13 13:21:40,535 connectionpool Retrying (Retry(total=0, connect=None, read=None, redirect=None)) after connection broken by 'NewConnectionError('<telegram.vendor.ptb_urllib3.urllib3.connection.VerifiedHTTPSConnection object at 0x74a6b0329330>: Failed to establish a new connection: [Errno -2] Name or service not known')': /bot8663400657:AAEbBqdhw4ZfHrU7JqCGlj2twvONKQLYnTs/getUpdates
ERROR 2026-07-13 13:21:40,547 updater Error while getting Updates: urllib3 HTTPError HTTPSConnectionPool(host='api.telegram.org', port=443): Max retries exceeded with url: /bot8663400657:AAEbBqdhw4ZfHrU7JqCGlj2twvONKQLYnTs/getUpdates (Caused by NewConnectionError('<telegram.vendor.ptb_urllib3.urllib3.connection.VerifiedHTTPSConnection object at 0x74a6b03286d0>: Failed to establish a new connection: [Errno -2] Name or service not known'))
ERROR 2026-07-13 13:21:40,549 dispatcher No error handlers are registered, logging exception.
Traceback (most recent call last):
  File "/usr/local/lib/python3.10/site-packages/telegram/vendor/ptb_urllib3/urllib3/connection.py", line 140, in _new_conn
    conn = connection.create_connection(
  File "/usr/local/lib/python3.10/site-packages/telegram/vendor/ptb_urllib3/urllib3/util/connection.py", line 60, in create_connection
    for res in socket.getaddrinfo(host, port, family, socket.SOCK_STREAM):
  File "/usr/local/lib/python3.10/socket.py", line 967, in getaddrinfo
    for res in _socket.getaddrinfo(host, port, family, type, proto, flags):
socket.gaierror: [Errno -2] Name or service not known

During handling of the above exception, another exception occurred:

Traceback (most recent call last):
  File "/usr/local/lib/python3.10/site-packages/telegram/vendor/ptb_urllib3/urllib3/connectionpool.py", line 614, in urlopen
    httplib_response = self._make_request(conn, method, url,
  File "/usr/local/lib/python3.10/site-packages/telegram/vendor/ptb_urllib3/urllib3/connectionpool.py", line 360, in _make_request
    self._validate_conn(conn)
  File "/usr/local/lib/python3.10/site-packages/telegram/vendor/ptb_urllib3/urllib3/connectionpool.py", line 857, in _validate_conn
    super(HTTPSConnectionPool, self)._validate_conn(conn)
  File "/usr/local/lib/python3.10/site-packages/telegram/vendor/ptb_urllib3/urllib3/connectionpool.py", line 289, in _validate_conn
    conn.connect()
  File "/usr/local/lib/python3.10/site-packages/telegram/vendor/ptb_urllib3/urllib3/connection.py", line 284, in connect
    conn = self._new_conn()
  File "/usr/local/lib/python3.10/site-packages/telegram/vendor/ptb_urllib3/urllib3/connection.py", line 149, in _new_conn
    raise NewConnectionError(
telegram.vendor.ptb_urllib3.urllib3.exceptions.NewConnectionError: <telegram.vendor.ptb_urllib3.urllib3.connection.VerifiedHTTPSConnection object at 0x74a6b03286d0>: Failed to establish a new connection: [Errno -2] Name or service not known

During handling of the above exception, another exception occurred:

Traceback (most recent call last):
  File "/usr/local/lib/python3.10/site-packages/telegram/utils/request.py", line 259, in _request_wrapper
    resp = self._con_pool.request(*args, **kwargs)
  File "/usr/local/lib/python3.10/site-packages/telegram/vendor/ptb_urllib3/urllib3/request.py", line 68, in request
    return self.request_encode_body(method, url, fields=fields,
  File "/usr/local/lib/python3.10/site-packages/telegram/vendor/ptb_urllib3/urllib3/request.py", line 148, in request_encode_body
    return self.urlopen(method, url, **extra_kw)
  File "/usr/local/lib/python3.10/site-packages/telegram/vendor/ptb_urllib3/urllib3/poolmanager.py", line 244, in urlopen
    response = conn.urlopen(method, u.request_uri, **kw)
  File "/usr/local/lib/python3.10/site-packages/telegram/vendor/ptb_urllib3/urllib3/connectionpool.py", line 691, in urlopen
    return self.urlopen(method, url, body, headers, retries,
  File "/usr/local/lib/python3.10/site-packages/telegram/vendor/ptb_urllib3/urllib3/connectionpool.py", line 691, in urlopen
    return self.urlopen(method, url, body, headers, retries,
  File "/usr/local/lib/python3.10/site-packages/telegram/vendor/ptb_urllib3/urllib3/connectionpool.py", line 691, in urlopen
    return self.urlopen(method, url, body, headers, retries,
  File "/usr/local/lib/python3.10/site-packages/telegram/vendor/ptb_urllib3/urllib3/connectionpool.py", line 665, in urlopen
    retries = retries.increment(method, url, error=e, _pool=self,
  File "/usr/local/lib/python3.10/site-packages/telegram/vendor/ptb_urllib3/urllib3/util/retry.py", line 376, in increment
    raise MaxRetryError(_pool, url, error or ResponseError(cause))
telegram.vendor.ptb_urllib3.urllib3.exceptions.MaxRetryError: HTTPSConnectionPool(host='api.telegram.org', port=443): Max retries exceeded with url: /bot8663400657:AAEbBqdhw4ZfHrU7JqCGlj2twvONKQLYnTs/getUpdates (Caused by NewConnectionError('<telegram.vendor.ptb_urllib3.urllib3.connection.VerifiedHTTPSConnection object at 0x74a6b03286d0>: Failed to establish a new connection: [Errno -2] Name or service not known'))

The above exception was the direct cause of the following exception:

Traceback (most recent call last):
  File "/usr/local/lib/python3.10/site-packages/telegram/ext/updater.py", line 651, in _network_loop_retry
    if not action_cb():
  File "/usr/local/lib/python3.10/site-packages/telegram/ext/updater.py", line 602, in polling_action_cb
    updates = self.bot.get_updates(
  File "/usr/local/lib/python3.10/site-packages/telegram/ext/extbot.py", line 228, in get_updates
    updates = super().get_updates(
  File "/usr/local/lib/python3.10/site-packages/telegram/bot.py", line 134, in decorator
    result = func(*args, **kwargs)
  File "/usr/local/lib/python3.10/site-packages/telegram/bot.py", line 3140, in get_updates
    self._post(
  File "/usr/local/lib/python3.10/site-packages/telegram/bot.py", line 299, in _post
    return self.request.post(
  File "/usr/local/lib/python3.10/site-packages/telegram/utils/request.py", line 361, in post
    result = self._request_wrapper(
  File "/usr/local/lib/python3.10/site-packages/telegram/utils/request.py", line 265, in _request_wrapper
    raise NetworkError(f'urllib3 HTTPError {error}') from error
telegram.error.NetworkError: urllib3 HTTPError HTTPSConnectionPool(host='api.telegram.org', port=443): Max retries exceeded with url: /bot8663400657:AAEbBqdhw4ZfHrU7JqCGlj2twvONKQLYnTs/getUpdates (Caused by NewConnectionError('<telegram.vendor.ptb_urllib3.urllib3.connection.VerifiedHTTPSConnection object at 0x74a6b03286d0>: Failed to establish a new connection: [Errno -2] Name or service not known'))
WARNING 2026-07-13 13:21:42,059 connectionpool Retrying (Retry(total=2, connect=None, read=None, redirect=None)) after connection broken by 'NewConnectionError('<telegram.vendor.ptb_urllib3.urllib3.connection.VerifiedHTTPSConnection object at 0x74a6b032b460>: Failed to establish a new connection: [Errno -2] Name or service not known')': /bot8663400657:AAEbBqdhw4ZfHrU7JqCGlj2twvONKQLYnTs/getUpdates
WARNING 2026-07-13 13:21:42,074 connectionpool Retrying (Retry(total=1, connect=None, read=None, redirect=None)) after connection broken by 'NewConnectionError('<telegram.vendor.ptb_urllib3.urllib3.connection.VerifiedHTTPSConnection object at 0x74a6b0329b40>: Failed to establish a new connection: [Errno -2] Name or service not known')': /bot8663400657:AAEbBqdhw4ZfHrU7JqCGlj2twvONKQLYnTs/getUpdates
WARNING 2026-07-13 13:21:42,082 connectionpool Retrying (Retry(total=0, connect=None, read=None, redirect=None)) after connection broken by 'NewConnectionError('<telegram.vendor.ptb_urllib3.urllib3.connection.VerifiedHTTPSConnection object at 0x74a6b0329c90>: Failed to establish a new connection: [Errno -2] Name or service not known')': /bot8663400657:AAEbBqdhw4ZfHrU7JqCGlj2twvONKQLYnTs/getUpdates
ERROR 2026-07-13 13:21:42,090 updater Error while getting Updates: urllib3 HTTPError HTTPSConnectionPool(host='api.telegram.org', port=443): Max retries exceeded with url: /bot8663400657:AAEbBqdhw4ZfHrU7JqCGlj2twvONKQLYnTs/getUpdates (Caused by NewConnectionError('<telegram.vendor.ptb_urllib3.urllib3.connection.VerifiedHTTPSConnection object at 0x74a6b032a2c0>: Failed to establish a new connection: [Errno -2] Name or service not known'))
ERROR 2026-07-13 13:21:42,092 dispatcher No error handlers are registered, logging exception.
Traceback (most recent call last):
  File "/usr/local/lib/python3.10/site-packages/telegram/vendor/ptb_urllib3/urllib3/connection.py", line 140, in _new_conn
    conn = connection.create_connection(
  File "/usr/local/lib/python3.10/site-packages/telegram/vendor/ptb_urllib3/urllib3/util/connection.py", line 60, in create_connection
    for res in socket.getaddrinfo(host, port, family, socket.SOCK_STREAM):
  File "/usr/local/lib/python3.10/socket.py", line 967, in getaddrinfo
    for res in _socket.getaddrinfo(host, port, family, type, proto, flags):
socket.gaierror: [Errno -2] Name or service not known

During handling of the above exception, another exception occurred:

Traceback (most recent call last):
  File "/usr/local/lib/python3.10/site-packages/telegram/vendor/ptb_urllib3/urllib3/connectionpool.py", line 614, in urlopen
    httplib_response = self._make_request(conn, method, url,
  File "/usr/local/lib/python3.10/site-packages/telegram/vendor/ptb_urllib3/urllib3/connectionpool.py", line 360, in _make_request
    self._validate_conn(conn)
  File "/usr/local/lib/python3.10/site-packages/telegram/vendor/ptb_urllib3/urllib3/connectionpool.py", line 857, in _validate_conn
    super(HTTPSConnectionPool, self)._validate_conn(conn)
  File "/usr/local/lib/python3.10/site-packages/telegram/vendor/ptb_urllib3/urllib3/connectionpool.py", line 289, in _validate_conn
    conn.connect()
  File "/usr/local/lib/python3.10/site-packages/telegram/vendor/ptb_urllib3/urllib3/connection.py", line 284, in connect
    conn = self._new_conn()
  File "/usr/local/lib/python3.10/site-packages/telegram/vendor/ptb_urllib3/urllib3/connection.py", line 149, in _new_conn
    raise NewConnectionError(
telegram.vendor.ptb_urllib3.urllib3.exceptions.NewConnectionError: <telegram.vendor.ptb_urllib3.urllib3.connection.VerifiedHTTPSConnection object at 0x74a6b032a2c0>: Failed to establish a new connection: [Errno -2] Name or service not known

During handling of the above exception, another exception occurred:

Traceback (most recent call last):
  File "/usr/local/lib/python3.10/site-packages/telegram/utils/request.py", line 259, in _request_wrapper
    resp = self._con_pool.request(*args, **kwargs)
  File "/usr/local/lib/python3.10/site-packages/telegram/vendor/ptb_urllib3/urllib3/request.py", line 68, in request
    return self.request_encode_body(method, url, fields=fields,
  File "/usr/local/lib/python3.10/site-packages/telegram/vendor/ptb_urllib3/urllib3/request.py", line 148, in request_encode_body
    return self.urlopen(method, url, **extra_kw)
  File "/usr/local/lib/python3.10/site-packages/telegram/vendor/ptb_urllib3/urllib3/poolmanager.py", line 244, in urlopen
    response = conn.urlopen(method, u.request_uri, **kw)
  File "/usr/local/lib/python3.10/site-packages/telegram/vendor/ptb_urllib3/urllib3/connectionpool.py", line 691, in urlopen
    return self.urlopen(method, url, body, headers, retries,
  File "/usr/local/lib/python3.10/site-packages/telegram/vendor/ptb_urllib3/urllib3/connectionpool.py", line 691, in urlopen
    return self.urlopen(method, url, body, headers, retries,
  File "/usr/local/lib/python3.10/site-packages/telegram/vendor/ptb_urllib3/urllib3/connectionpool.py", line 691, in urlopen
    return self.urlopen(method, url, body, headers, retries,
  File "/usr/local/lib/python3.10/site-packages/telegram/vendor/ptb_urllib3/urllib3/connectionpool.py", line 665, in urlopen
    retries = retries.increment(method, url, error=e, _pool=self,
  File "/usr/local/lib/python3.10/site-packages/telegram/vendor/ptb_urllib3/urllib3/util/retry.py", line 376, in increment
    raise MaxRetryError(_pool, url, error or ResponseError(cause))
telegram.vendor.ptb_urllib3.urllib3.exceptions.MaxRetryError: HTTPSConnectionPool(host='api.telegram.org', port=443): Max retries exceeded with url: /bot8663400657:AAEbBqdhw4ZfHrU7JqCGlj2twvONKQLYnTs/getUpdates (Caused by NewConnectionError('<telegram.vendor.ptb_urllib3.urllib3.connection.VerifiedHTTPSConnection object at 0x74a6b032a2c0>: Failed to establish a new connection: [Errno -2] Name or service not known'))

The above exception was the direct cause of the following exception:

Traceback (most recent call last):
  File "/usr/local/lib/python3.10/site-packages/telegram/ext/updater.py", line 651, in _network_loop_retry
    if not action_cb():
  File "/usr/local/lib/python3.10/site-packages/telegram/ext/updater.py", line 602, in polling_action_cb
    updates = self.bot.get_updates(
  File "/usr/local/lib/python3.10/site-packages/telegram/ext/extbot.py", line 228, in get_updates
    updates = super().get_updates(
  File "/usr/local/lib/python3.10/site-packages/telegram/bot.py", line 134, in decorator
    result = func(*args, **kwargs)
  File "/usr/local/lib/python3.10/site-packages/telegram/bot.py", line 3140, in get_updates
    self._post(
  File "/usr/local/lib/python3.10/site-packages/telegram/bot.py", line 299, in _post
    return self.request.post(
  File "/usr/local/lib/python3.10/site-packages/telegram/utils/request.py", line 361, in post
    result = self._request_wrapper(
  File "/usr/local/lib/python3.10/site-packages/telegram/utils/request.py", line 265, in _request_wrapper
    raise NetworkError(f'urllib3 HTTPError {error}') from error
telegram.error.NetworkError: urllib3 HTTPError HTTPSConnectionPool(host='api.telegram.org', port=443): Max retries exceeded with url: /bot8663400657:AAEbBqdhw4ZfHrU7JqCGlj2twvONKQLYnTs/getUpdates (Caused by NewConnectionError('<telegram.vendor.ptb_urllib3.urllib3.connection.VerifiedHTTPSConnection object at 0x74a6b032a2c0>: Failed to establish a new connection: [Errno -2] Name or service not known'))
ERROR 2026-07-13 17:11:37,832 updater Error while getting Updates: urllib3 HTTPError ('Connection aborted.', RemoteDisconnected('Remote end closed connection without response'))
ERROR 2026-07-13 17:11:37,928 dispatcher No error handlers are registered, logging exception.
Traceback (most recent call last):
  File "/usr/local/lib/python3.10/site-packages/telegram/vendor/ptb_urllib3/urllib3/connectionpool.py", line 614, in urlopen
    httplib_response = self._make_request(conn, method, url,
  File "/usr/local/lib/python3.10/site-packages/telegram/vendor/ptb_urllib3/urllib3/connectionpool.py", line 402, in _make_request
    six.raise_from(e, None)
  File "<string>", line 2, in raise_from
  File "/usr/local/lib/python3.10/site-packages/telegram/vendor/ptb_urllib3/urllib3/connectionpool.py", line 398, in _make_request
    httplib_response = conn.getresponse()
  File "/usr/local/lib/python3.10/http/client.py", line 1395, in getresponse
    response.begin()
  File "/usr/local/lib/python3.10/http/client.py", line 323, in begin
    version, status, reason = self._read_status()
  File "/usr/local/lib/python3.10/http/client.py", line 292, in _read_status
    raise RemoteDisconnected("Remote end closed connection without"
http.client.RemoteDisconnected: Remote end closed connection without response

During handling of the above exception, another exception occurred:

Traceback (most recent call last):
  File "/usr/local/lib/python3.10/site-packages/telegram/utils/request.py", line 259, in _request_wrapper
    resp = self._con_pool.request(*args, **kwargs)
  File "/usr/local/lib/python3.10/site-packages/telegram/vendor/ptb_urllib3/urllib3/request.py", line 68, in request
    return self.request_encode_body(method, url, fields=fields,
  File "/usr/local/lib/python3.10/site-packages/telegram/vendor/ptb_urllib3/urllib3/request.py", line 148, in request_encode_body
    return self.urlopen(method, url, **extra_kw)
  File "/usr/local/lib/python3.10/site-packages/telegram/vendor/ptb_urllib3/urllib3/poolmanager.py", line 244, in urlopen
    response = conn.urlopen(method, u.request_uri, **kw)
  File "/usr/local/lib/python3.10/site-packages/telegram/vendor/ptb_urllib3/urllib3/connectionpool.py", line 665, in urlopen
    retries = retries.increment(method, url, error=e, _pool=self,
  File "/usr/local/lib/python3.10/site-packages/telegram/vendor/ptb_urllib3/urllib3/util/retry.py", line 347, in increment
    raise six.reraise(type(error), error, _stacktrace)
  File "/usr/local/lib/python3.10/site-packages/telegram/vendor/ptb_urllib3/urllib3/packages/six.py", line 685, in reraise
    raise value.with_traceback(tb)
  File "/usr/local/lib/python3.10/site-packages/telegram/vendor/ptb_urllib3/urllib3/connectionpool.py", line 614, in urlopen
    httplib_response = self._make_request(conn, method, url,
  File "/usr/local/lib/python3.10/site-packages/telegram/vendor/ptb_urllib3/urllib3/connectionpool.py", line 402, in _make_request
    six.raise_from(e, None)
  File "<string>", line 2, in raise_from
  File "/usr/local/lib/python3.10/site-packages/telegram/vendor/ptb_urllib3/urllib3/connectionpool.py", line 398, in _make_request
    httplib_response = conn.getresponse()
  File "/usr/local/lib/python3.10/http/client.py", line 1395, in getresponse
    response.begin()
  File "/usr/local/lib/python3.10/http/client.py", line 323, in begin
    version, status, reason = self._read_status()
  File "/usr/local/lib/python3.10/http/client.py", line 292, in _read_status
    raise RemoteDisconnected("Remote end closed connection without"
telegram.vendor.ptb_urllib3.urllib3.exceptions.ProtocolError: ('Connection aborted.', RemoteDisconnected('Remote end closed connection without response'))

The above exception was the direct cause of the following exception:

Traceback (most recent call last):
  File "/usr/local/lib/python3.10/site-packages/telegram/ext/updater.py", line 651, in _network_loop_retry
    if not action_cb():
  File "/usr/local/lib/python3.10/site-packages/telegram/ext/updater.py", line 602, in polling_action_cb
    updates = self.bot.get_updates(
  File "/usr/local/lib/python3.10/site-packages/telegram/ext/extbot.py", line 228, in get_updates
    updates = super().get_updates(
  File "/usr/local/lib/python3.10/site-packages/telegram/bot.py", line 134, in decorator
    result = func(*args, **kwargs)
  File "/usr/local/lib/python3.10/site-packages/telegram/bot.py", line 3140, in get_updates
    self._post(
  File "/usr/local/lib/python3.10/site-packages/telegram/bot.py", line 299, in _post
    return self.request.post(
  File "/usr/local/lib/python3.10/site-packages/telegram/utils/request.py", line 361, in post
    result = self._request_wrapper(
  File "/usr/local/lib/python3.10/site-packages/telegram/utils/request.py", line 265, in _request_wrapper
    raise NetworkError(f'urllib3 HTTPError {error}') from error
telegram.error.NetworkError: urllib3 HTTPError ('Connection aborted.', RemoteDisconnected('Remote end closed connection without response'))
ERROR 2026-07-13 20:15:51,507 updater Error while getting Updates: urllib3 HTTPError ('Connection aborted.', RemoteDisconnected('Remote end closed connection without response'))
ERROR 2026-07-13 20:15:51,703 dispatcher No error handlers are registered, logging exception.
Traceback (most recent call last):
  File "/usr/local/lib/python3.10/site-packages/telegram/vendor/ptb_urllib3/urllib3/connectionpool.py", line 614, in urlopen
    httplib_response = self._make_request(conn, method, url,
  File "/usr/local/lib/python3.10/site-packages/telegram/vendor/ptb_urllib3/urllib3/connectionpool.py", line 402, in _make_request
    six.raise_from(e, None)
  File "<string>", line 2, in raise_from
  File "/usr/local/lib/python3.10/site-packages/telegram/vendor/ptb_urllib3/urllib3/connectionpool.py", line 398, in _make_request
    httplib_response = conn.getresponse()
  File "/usr/local/lib/python3.10/http/client.py", line 1395, in getresponse
    response.begin()
  File "/usr/local/lib/python3.10/http/client.py", line 323, in begin
    version, status, reason = self._read_status()
  File "/usr/local/lib/python3.10/http/client.py", line 292, in _read_status
    raise RemoteDisconnected("Remote end closed connection without"
http.client.RemoteDisconnected: Remote end closed connection without response

During handling of the above exception, another exception occurred:

Traceback (most recent call last):
  File "/usr/local/lib/python3.10/site-packages/telegram/utils/request.py", line 259, in _request_wrapper
    resp = self._con_pool.request(*args, **kwargs)
  File "/usr/local/lib/python3.10/site-packages/telegram/vendor/ptb_urllib3/urllib3/request.py", line 68, in request
    return self.request_encode_body(method, url, fields=fields,
  File "/usr/local/lib/python3.10/site-packages/telegram/vendor/ptb_urllib3/urllib3/request.py", line 148, in request_encode_body
    return self.urlopen(method, url, **extra_kw)
  File "/usr/local/lib/python3.10/site-packages/telegram/vendor/ptb_urllib3/urllib3/poolmanager.py", line 244, in urlopen
    response = conn.urlopen(method, u.request_uri, **kw)
  File "/usr/local/lib/python3.10/site-packages/telegram/vendor/ptb_urllib3/urllib3/connectionpool.py", line 665, in urlopen
    retries = retries.increment(method, url, error=e, _pool=self,
  File "/usr/local/lib/python3.10/site-packages/telegram/vendor/ptb_urllib3/urllib3/util/retry.py", line 347, in increment
    raise six.reraise(type(error), error, _stacktrace)
  File "/usr/local/lib/python3.10/site-packages/telegram/vendor/ptb_urllib3/urllib3/packages/six.py", line 685, in reraise
    raise value.with_traceback(tb)
  File "/usr/local/lib/python3.10/site-packages/telegram/vendor/ptb_urllib3/urllib3/connectionpool.py", line 614, in urlopen
    httplib_response = self._make_request(conn, method, url,
  File "/usr/local/lib/python3.10/site-packages/telegram/vendor/ptb_urllib3/urllib3/connectionpool.py", line 402, in _make_request
    six.raise_from(e, None)
  File "<string>", line 2, in raise_from
  File "/usr/local/lib/python3.10/site-packages/telegram/vendor/ptb_urllib3/urllib3/connectionpool.py", line 398, in _make_request
    httplib_response = conn.getresponse()
  File "/usr/local/lib/python3.10/http/client.py", line 1395, in getresponse
    response.begin()
  File "/usr/local/lib/python3.10/http/client.py", line 323, in begin
    version, status, reason = self._read_status()
  File "/usr/local/lib/python3.10/http/client.py", line 292, in _read_status
    raise RemoteDisconnected("Remote end closed connection without"
telegram.vendor.ptb_urllib3.urllib3.exceptions.ProtocolError: ('Connection aborted.', RemoteDisconnected('Remote end closed connection without response'))

The above exception was the direct cause of the following exception:

Traceback (most recent call last):
  File "/usr/local/lib/python3.10/site-packages/telegram/ext/updater.py", line 651, in _network_loop_retry
    if not action_cb():
  File "/usr/local/lib/python3.10/site-packages/telegram/ext/updater.py", line 602, in polling_action_cb
    updates = self.bot.get_updates(
  File "/usr/local/lib/python3.10/site-packages/telegram/ext/extbot.py", line 228, in get_updates
    updates = super().get_updates(
  File "/usr/local/lib/python3.10/site-packages/telegram/bot.py", line 134, in decorator
    result = func(*args, **kwargs)
  File "/usr/local/lib/python3.10/site-packages/telegram/bot.py", line 3140, in get_updates
    self._post(
  File "/usr/local/lib/python3.10/site-packages/telegram/bot.py", line 299, in _post
    return self.request.post(
  File "/usr/local/lib/python3.10/site-packages/telegram/utils/request.py", line 361, in post
    result = self._request_wrapper(
  File "/usr/local/lib/python3.10/site-packages/telegram/utils/request.py", line 265, in _request_wrapper
    raise NetworkError(f'urllib3 HTTPError {error}') from error
telegram.error.NetworkError: urllib3 HTTPError ('Connection aborted.', RemoteDisconnected('Remote end closed connection without response'))
WARNING 2026-07-13 20:15:52,729 connectionpool Retrying (Retry(total=2, connect=None, read=None, redirect=None)) after connection broken by 'NewConnectionError('<telegram.vendor.ptb_urllib3.urllib3.connection.VerifiedHTTPSConnection object at 0x74a6b0344280>: Failed to establish a new connection: [Errno -2] Name or service not known')': /bot8663400657:AAEbBqdhw4ZfHrU7JqCGlj2twvONKQLYnTs/getUpdates
WARNING 2026-07-13 20:15:52,747 connectionpool Retrying (Retry(total=1, connect=None, read=None, redirect=None)) after connection broken by 'NewConnectionError('<telegram.vendor.ptb_urllib3.urllib3.connection.VerifiedHTTPSConnection object at 0x74a6b03440d0>: Failed to establish a new connection: [Errno -2] Name or service not known')': /bot8663400657:AAEbBqdhw4ZfHrU7JqCGlj2twvONKQLYnTs/getUpdates
WARNING 2026-07-13 20:15:52,762 connectionpool Retrying (Retry(total=0, connect=None, read=None, redirect=None)) after connection broken by 'NewConnectionError('<telegram.vendor.ptb_urllib3.urllib3.connection.VerifiedHTTPSConnection object at 0x74a6b0344d60>: Failed to establish a new connection: [Errno -2] Name or service not known')': /bot8663400657:AAEbBqdhw4ZfHrU7JqCGlj2twvONKQLYnTs/getUpdates
ERROR 2026-07-13 20:15:52,777 updater Error while getting Updates: urllib3 HTTPError HTTPSConnectionPool(host='api.telegram.org', port=443): Max retries exceeded with url: /bot8663400657:AAEbBqdhw4ZfHrU7JqCGlj2twvONKQLYnTs/getUpdates (Caused by NewConnectionError('<telegram.vendor.ptb_urllib3.urllib3.connection.VerifiedHTTPSConnection object at 0x74a6b0344c10>: Failed to establish a new connection: [Errno -2] Name or service not known'))
ERROR 2026-07-13 20:15:52,780 dispatcher No error handlers are registered, logging exception.
Traceback (most recent call last):
  File "/usr/local/lib/python3.10/site-packages/telegram/vendor/ptb_urllib3/urllib3/connection.py", line 140, in _new_conn
    conn = connection.create_connection(
  File "/usr/local/lib/python3.10/site-packages/telegram/vendor/ptb_urllib3/urllib3/util/connection.py", line 60, in create_connection
    for res in socket.getaddrinfo(host, port, family, socket.SOCK_STREAM):
  File "/usr/local/lib/python3.10/socket.py", line 967, in getaddrinfo
    for res in _socket.getaddrinfo(host, port, family, type, proto, flags):
socket.gaierror: [Errno -2] Name or service not known

During handling of the above exception, another exception occurred:

Traceback (most recent call last):
  File "/usr/local/lib/python3.10/site-packages/telegram/vendor/ptb_urllib3/urllib3/connectionpool.py", line 614, in urlopen
    httplib_response = self._make_request(conn, method, url,
  File "/usr/local/lib/python3.10/site-packages/telegram/vendor/ptb_urllib3/urllib3/connectionpool.py", line 360, in _make_request
    self._validate_conn(conn)
  File "/usr/local/lib/python3.10/site-packages/telegram/vendor/ptb_urllib3/urllib3/connectionpool.py", line 857, in _validate_conn
    super(HTTPSConnectionPool, self)._validate_conn(conn)
  File "/usr/local/lib/python3.10/site-packages/telegram/vendor/ptb_urllib3/urllib3/connectionpool.py", line 289, in _validate_conn
    conn.connect()
  File "/usr/local/lib/python3.10/site-packages/telegram/vendor/ptb_urllib3/urllib3/connection.py", line 284, in connect
    conn = self._new_conn()
  File "/usr/local/lib/python3.10/site-packages/telegram/vendor/ptb_urllib3/urllib3/connection.py", line 149, in _new_conn
    raise NewConnectionError(
telegram.vendor.ptb_urllib3.urllib3.exceptions.NewConnectionError: <telegram.vendor.ptb_urllib3.urllib3.connection.VerifiedHTTPSConnection object at 0x74a6b0344c10>: Failed to establish a new connection: [Errno -2] Name or service not known

During handling of the above exception, another exception occurred:

Traceback (most recent call last):
  File "/usr/local/lib/python3.10/site-packages/telegram/utils/request.py", line 259, in _request_wrapper
    resp = self._con_pool.request(*args, **kwargs)
  File "/usr/local/lib/python3.10/site-packages/telegram/vendor/ptb_urllib3/urllib3/request.py", line 68, in request
    return self.request_encode_body(method, url, fields=fields,
  File "/usr/local/lib/python3.10/site-packages/telegram/vendor/ptb_urllib3/urllib3/request.py", line 148, in request_encode_body
    return self.urlopen(method, url, **extra_kw)
  File "/usr/local/lib/python3.10/site-packages/telegram/vendor/ptb_urllib3/urllib3/poolmanager.py", line 244, in urlopen
    response = conn.urlopen(method, u.request_uri, **kw)
  File "/usr/local/lib/python3.10/site-packages/telegram/vendor/ptb_urllib3/urllib3/connectionpool.py", line 691, in urlopen
    return self.urlopen(method, url, body, headers, retries,
  File "/usr/local/lib/python3.10/site-packages/telegram/vendor/ptb_urllib3/urllib3/connectionpool.py", line 691, in urlopen
    return self.urlopen(method, url, body, headers, retries,
  File "/usr/local/lib/python3.10/site-packages/telegram/vendor/ptb_urllib3/urllib3/connectionpool.py", line 691, in urlopen
    return self.urlopen(method, url, body, headers, retries,
  File "/usr/local/lib/python3.10/site-packages/telegram/vendor/ptb_urllib3/urllib3/connectionpool.py", line 665, in urlopen
    retries = retries.increment(method, url, error=e, _pool=self,
  File "/usr/local/lib/python3.10/site-packages/telegram/vendor/ptb_urllib3/urllib3/util/retry.py", line 376, in increment
    raise MaxRetryError(_pool, url, error or ResponseError(cause))
telegram.vendor.ptb_urllib3.urllib3.exceptions.MaxRetryError: HTTPSConnectionPool(host='api.telegram.org', port=443): Max retries exceeded with url: /bot8663400657:AAEbBqdhw4ZfHrU7JqCGlj2twvONKQLYnTs/getUpdates (Caused by NewConnectionError('<telegram.vendor.ptb_urllib3.urllib3.connection.VerifiedHTTPSConnection object at 0x74a6b0344c10>: Failed to establish a new connection: [Errno -2] Name or service not known'))

The above exception was the direct cause of the following exception:

Traceback (most recent call last):
  File "/usr/local/lib/python3.10/site-packages/telegram/ext/updater.py", line 651, in _network_loop_retry
    if not action_cb():
  File "/usr/local/lib/python3.10/site-packages/telegram/ext/updater.py", line 602, in polling_action_cb
    updates = self.bot.get_updates(
  File "/usr/local/lib/python3.10/site-packages/telegram/ext/extbot.py", line 228, in get_updates
    updates = super().get_updates(
  File "/usr/local/lib/python3.10/site-packages/telegram/bot.py", line 134, in decorator
    result = func(*args, **kwargs)
  File "/usr/local/lib/python3.10/site-packages/telegram/bot.py", line 3140, in get_updates
    self._post(
  File "/usr/local/lib/python3.10/site-packages/telegram/bot.py", line 299, in _post
    return self.request.post(
  File "/usr/local/lib/python3.10/site-packages/telegram/utils/request.py", line 361, in post
    result = self._request_wrapper(
  File "/usr/local/lib/python3.10/site-packages/telegram/utils/request.py", line 265, in _request_wrapper
    raise NetworkError(f'urllib3 HTTPError {error}') from error
telegram.error.NetworkError: urllib3 HTTPError HTTPSConnectionPool(host='api.telegram.org', port=443): Max retries exceeded with url: /bot8663400657:AAEbBqdhw4ZfHrU7JqCGlj2twvONKQLYnTs/getUpdates (Caused by NewConnectionError('<telegram.vendor.ptb_urllib3.urllib3.connection.VerifiedHTTPSConnection object at 0x74a6b0344c10>: Failed to establish a new connection: [Errno -2] Name or service not known'))
WARNING 2026-07-13 20:15:54,307 connectionpool Retrying (Retry(total=2, connect=None, read=None, redirect=None)) after connection broken by 'NewConnectionError('<telegram.vendor.ptb_urllib3.urllib3.connection.VerifiedHTTPSConnection object at 0x74a6b03448b0>: Failed to establish a new connection: [Errno -2] Name or service not known')': /bot8663400657:AAEbBqdhw4ZfHrU7JqCGlj2twvONKQLYnTs/getUpdates
WARNING 2026-07-13 20:15:54,330 connectionpool Retrying (Retry(total=1, connect=None, read=None, redirect=None)) after connection broken by 'NewConnectionError('<telegram.vendor.ptb_urllib3.urllib3.connection.VerifiedHTTPSConnection object at 0x74a6b03447c0>: Failed to establish a new connection: [Errno -2] Name or service not known')': /bot8663400657:AAEbBqdhw4ZfHrU7JqCGlj2twvONKQLYnTs/getUpdates
WARNING 2026-07-13 20:15:54,347 connectionpool Retrying (Retry(total=0, connect=None, read=None, redirect=None)) after connection broken by 'NewConnectionError('<telegram.vendor.ptb_urllib3.urllib3.connection.VerifiedHTTPSConnection object at 0x74a6b0344550>: Failed to establish a new connection: [Errno -2] Name or service not known')': /bot8663400657:AAEbBqdhw4ZfHrU7JqCGlj2twvONKQLYnTs/getUpdates
ERROR 2026-07-13 20:15:54,383 updater Error while getting Updates: urllib3 HTTPError HTTPSConnectionPool(host='api.telegram.org', port=443): Max retries exceeded with url: /bot8663400657:AAEbBqdhw4ZfHrU7JqCGlj2twvONKQLYnTs/getUpdates (Caused by NewConnectionError('<telegram.vendor.ptb_urllib3.urllib3.connection.VerifiedHTTPSConnection object at 0x74a6b0344340>: Failed to establish a new connection: [Errno -2] Name or service not known'))
ERROR 2026-07-13 20:15:54,388 dispatcher No error handlers are registered, logging exception.
Traceback (most recent call last):
  File "/usr/local/lib/python3.10/site-packages/telegram/vendor/ptb_urllib3/urllib3/connection.py", line 140, in _new_conn
    conn = connection.create_connection(
  File "/usr/local/lib/python3.10/site-packages/telegram/vendor/ptb_urllib3/urllib3/util/connection.py", line 60, in create_connection
    for res in socket.getaddrinfo(host, port, family, socket.SOCK_STREAM):
  File "/usr/local/lib/python3.10/socket.py", line 967, in getaddrinfo
    for res in _socket.getaddrinfo(host, port, family, type, proto, flags):
socket.gaierror: [Errno -2] Name or service not known

During handling of the above exception, another exception occurred:

Traceback (most recent call last):
  File "/usr/local/lib/python3.10/site-packages/telegram/vendor/ptb_urllib3/urllib3/connectionpool.py", line 614, in urlopen
    httplib_response = self._make_request(conn, method, url,
  File "/usr/local/lib/python3.10/site-packages/telegram/vendor/ptb_urllib3/urllib3/connectionpool.py", line 360, in _make_request
    self._validate_conn(conn)
  File "/usr/local/lib/python3.10/site-packages/telegram/vendor/ptb_urllib3/urllib3/connectionpool.py", line 857, in _validate_conn
    super(HTTPSConnectionPool, self)._validate_conn(conn)
  File "/usr/local/lib/python3.10/site-packages/telegram/vendor/ptb_urllib3/urllib3/connectionpool.py", line 289, in _validate_conn
    conn.connect()
  File "/usr/local/lib/python3.10/site-packages/telegram/vendor/ptb_urllib3/urllib3/connection.py", line 284, in connect
    conn = self._new_conn()
  File "/usr/local/lib/python3.10/site-packages/telegram/vendor/ptb_urllib3/urllib3/connection.py", line 149, in _new_conn
    raise NewConnectionError(
telegram.vendor.ptb_urllib3.urllib3.exceptions.NewConnectionError: <telegram.vendor.ptb_urllib3.urllib3.connection.VerifiedHTTPSConnection object at 0x74a6b0344340>: Failed to establish a new connection: [Errno -2] Name or service not known

During handling of the above exception, another exception occurred:

Traceback (most recent call last):
  File "/usr/local/lib/python3.10/site-packages/telegram/utils/request.py", line 259, in _request_wrapper
    resp = self._con_pool.request(*args, **kwargs)
  File "/usr/local/lib/python3.10/site-packages/telegram/vendor/ptb_urllib3/urllib3/request.py", line 68, in request
    return self.request_encode_body(method, url, fields=fields,
  File "/usr/local/lib/python3.10/site-packages/telegram/vendor/ptb_urllib3/urllib3/request.py", line 148, in request_encode_body
    return self.urlopen(method, url, **extra_kw)
  File "/usr/local/lib/python3.10/site-packages/telegram/vendor/ptb_urllib3/urllib3/poolmanager.py", line 244, in urlopen
    response = conn.urlopen(method, u.request_uri, **kw)
  File "/usr/local/lib/python3.10/site-packages/telegram/vendor/ptb_urllib3/urllib3/connectionpool.py", line 691, in urlopen
    return self.urlopen(method, url, body, headers, retries,
  File "/usr/local/lib/python3.10/site-packages/telegram/vendor/ptb_urllib3/urllib3/connectionpool.py", line 691, in urlopen
    return self.urlopen(method, url, body, headers, retries,
  File "/usr/local/lib/python3.10/site-packages/telegram/vendor/ptb_urllib3/urllib3/connectionpool.py", line 691, in urlopen
    return self.urlopen(method, url, body, headers, retries,
  File "/usr/local/lib/python3.10/site-packages/telegram/vendor/ptb_urllib3/urllib3/connectionpool.py", line 665, in urlopen
    retries = retries.increment(method, url, error=e, _pool=self,
  File "/usr/local/lib/python3.10/site-packages/telegram/vendor/ptb_urllib3/urllib3/util/retry.py", line 376, in increment
    raise MaxRetryError(_pool, url, error or ResponseError(cause))
telegram.vendor.ptb_urllib3.urllib3.exceptions.MaxRetryError: HTTPSConnectionPool(host='api.telegram.org', port=443): Max retries exceeded with url: /bot8663400657:AAEbBqdhw4ZfHrU7JqCGlj2twvONKQLYnTs/getUpdates (Caused by NewConnectionError('<telegram.vendor.ptb_urllib3.urllib3.connection.VerifiedHTTPSConnection object at 0x74a6b0344340>: Failed to establish a new connection: [Errno -2] Name or service not known'))

The above exception was the direct cause of the following exception:

Traceback (most recent call last):
  File "/usr/local/lib/python3.10/site-packages/telegram/ext/updater.py", line 651, in _network_loop_retry
    if not action_cb():
  File "/usr/local/lib/python3.10/site-packages/telegram/ext/updater.py", line 602, in polling_action_cb
    updates = self.bot.get_updates(
  File "/usr/local/lib/python3.10/site-packages/telegram/ext/extbot.py", line 228, in get_updates
    updates = super().get_updates(
  File "/usr/local/lib/python3.10/site-packages/telegram/bot.py", line 134, in decorator
    result = func(*args, **kwargs)
  File "/usr/local/lib/python3.10/site-packages/telegram/bot.py", line 3140, in get_updates
    self._post(
  File "/usr/local/lib/python3.10/site-packages/telegram/bot.py", line 299, in _post
    return self.request.post(
  File "/usr/local/lib/python3.10/site-packages/telegram/utils/request.py", line 361, in post
    result = self._request_wrapper(
  File "/usr/local/lib/python3.10/site-packages/telegram/utils/request.py", line 265, in _request_wrapper
    raise NetworkError(f'urllib3 HTTPError {error}') from error
telegram.error.NetworkError: urllib3 HTTPError HTTPSConnectionPool(host='api.telegram.org', port=443): Max retries exceeded with url: /bot8663400657:AAEbBqdhw4ZfHrU7JqCGlj2twvONKQLYnTs/getUpdates (Caused by NewConnectionError('<telegram.vendor.ptb_urllib3.urllib3.connection.VerifiedHTTPSConnection object at 0x74a6b0344340>: Failed to establish a new connection: [Errno -2] Name or service not known'))
INFO 2026-07-14 14:52:01,246 runbot1 Starting bot polling (attempt 1/5)...
INFO 2026-07-14 14:52:01,247 base Scheduler started
ERROR 2026-07-14 14:52:01,350 signal Signal handler <bound method DjangoFixup.on_import_modules of <celery.fixups.django.DjangoFixup object at 0x7f028a2d3d30>> raised: ImportError("cannot import name 'TelegramAdminLoginVerifyView' from 'users.views' (/app/users/views.py)")
Traceback (most recent call last):
  File "/usr/local/lib/python3.10/site-packages/django/core/checks/urls.py", line 136, in check_custom_error_handlers
    handler = resolver.resolve_error_handler(status_code)
  File "/usr/local/lib/python3.10/site-packages/django/urls/resolvers.py", line 732, in resolve_error_handler
    callback = getattr(self.urlconf_module, "handler%s" % view_type, None)
  File "/usr/local/lib/python3.10/site-packages/django/utils/functional.py", line 47, in __get__
    res = instance.__dict__[self.name] = self.func(instance)
  File "/usr/local/lib/python3.10/site-packages/django/urls/resolvers.py", line 711, in urlconf_module
    return import_module(self.urlconf_name)
  File "/usr/local/lib/python3.10/importlib/__init__.py", line 126, in import_module
    return _bootstrap._gcd_import(name[level:], package, level)
  File "<frozen importlib._bootstrap>", line 1050, in _gcd_import
  File "<frozen importlib._bootstrap>", line 1027, in _find_and_load
  File "<frozen importlib._bootstrap>", line 1006, in _find_and_load_unlocked
  File "<frozen importlib._bootstrap>", line 688, in _load_unlocked
  File "<frozen importlib._bootstrap_external>", line 883, in exec_module
  File "<frozen importlib._bootstrap>", line 241, in _call_with_frames_removed
  File "/app/config/urls.py", line 52, in <module>
    path('api/v1/users/', include('users.urls')),
  File "/usr/local/lib/python3.10/site-packages/django/urls/conf.py", line 39, in include
    urlconf_module = import_module(urlconf_module)
  File "/usr/local/lib/python3.10/importlib/__init__.py", line 126, in import_module
    return _bootstrap._gcd_import(name[level:], package, level)
  File "<frozen importlib._bootstrap>", line 1050, in _gcd_import
  File "<frozen importlib._bootstrap>", line 1027, in _find_and_load
  File "<frozen importlib._bootstrap>", line 1006, in _find_and_load_unlocked
  File "<frozen importlib._bootstrap>", line 688, in _load_unlocked
  File "<frozen importlib._bootstrap_external>", line 883, in exec_module
  File "<frozen importlib._bootstrap>", line 241, in _call_with_frames_removed
  File "/app/users/urls.py", line 8, in <module>
    from .views import (
ImportError: cannot import name 'TelegramAdminLoginVerifyView' from 'users.views' (/app/users/views.py)

During handling of the above exception, another exception occurred:

Traceback (most recent call last):
  File "/usr/local/lib/python3.10/site-packages/celery/utils/dispatch/signal.py", line 276, in send
    response = receiver(signal=self, sender=sender, **named)
  File "/usr/local/lib/python3.10/site-packages/celery/fixups/django.py", line 97, in on_import_modules
    self.worker_fixup.validate_models()
  File "/usr/local/lib/python3.10/site-packages/celery/fixups/django.py", line 137, in validate_models
    run_checks()
  File "/usr/local/lib/python3.10/site-packages/django/core/checks/registry.py", line 88, in run_checks
    new_errors = check(app_configs=app_configs, databases=databases)
  File "/usr/local/lib/python3.10/site-packages/django/core/checks/urls.py", line 138, in check_custom_error_handlers
    path = getattr(resolver.urlconf_module, "handler%s" % status_code)
  File "/usr/local/lib/python3.10/site-packages/django/utils/functional.py", line 47, in __get__
    res = instance.__dict__[self.name] = self.func(instance)
  File "/usr/local/lib/python3.10/site-packages/django/urls/resolvers.py", line 711, in urlconf_module
    return import_module(self.urlconf_name)
  File "/usr/local/lib/python3.10/importlib/__init__.py", line 126, in import_module
    return _bootstrap._gcd_import(name[level:], package, level)
  File "<frozen importlib._bootstrap>", line 1050, in _gcd_import
  File "<frozen importlib._bootstrap>", line 1027, in _find_and_load
  File "<frozen importlib._bootstrap>", line 1006, in _find_and_load_unlocked
  File "<frozen importlib._bootstrap>", line 688, in _load_unlocked
  File "<frozen importlib._bootstrap_external>", line 883, in exec_module
  File "<frozen importlib._bootstrap>", line 241, in _call_with_frames_removed
  File "/app/config/urls.py", line 52, in <module>
    path('api/v1/users/', include('users.urls')),
  File "/usr/local/lib/python3.10/site-packages/django/urls/conf.py", line 39, in include
    urlconf_module = import_module(urlconf_module)
  File "/usr/local/lib/python3.10/importlib/__init__.py", line 126, in import_module
    return _bootstrap._gcd_import(name[level:], package, level)
  File "<frozen importlib._bootstrap>", line 1050, in _gcd_import
  File "<frozen importlib._bootstrap>", line 1027, in _find_and_load
  File "<frozen importlib._bootstrap>", line 1006, in _find_and_load_unlocked
  File "<frozen importlib._bootstrap>", line 688, in _load_unlocked
  File "<frozen importlib._bootstrap_external>", line 883, in exec_module
  File "<frozen importlib._bootstrap>", line 241, in _call_with_frames_removed
  File "/app/users/urls.py", line 8, in <module>
    from .views import (
ImportError: cannot import name 'TelegramAdminLoginVerifyView' from 'users.views' (/app/users/views.py)
WARNING 2026-07-15 12:13:39,108 connectionpool Retrying (Retry(total=2, connect=None, read=None, redirect=None)) after connection broken by 'NewConnectionError('<telegram.vendor.ptb_urllib3.urllib3.connection.VerifiedHTTPSConnection object at 0x73599552c9a0>: Failed to establish a new connection: [Errno -2] Name or service not known')': /bot8663400657:AAEbBqdhw4ZfHrU7JqCGlj2twvONKQLYnTs/getUpdates
WARNING 2026-07-15 12:13:39,203 connectionpool Retrying (Retry(total=1, connect=None, read=None, redirect=None)) after connection broken by 'NewConnectionError('<telegram.vendor.ptb_urllib3.urllib3.connection.VerifiedHTTPSConnection object at 0x73599552e230>: Failed to establish a new connection: [Errno -2] Name or service not known')': /bot8663400657:AAEbBqdhw4ZfHrU7JqCGlj2twvONKQLYnTs/getUpdates
WARNING 2026-07-15 12:13:39,278 connectionpool Retrying (Retry(total=0, connect=None, read=None, redirect=None)) after connection broken by 'NewConnectionError('<telegram.vendor.ptb_urllib3.urllib3.connection.VerifiedHTTPSConnection object at 0x73599552e560>: Failed to establish a new connection: [Errno -2] Name or service not known')': /bot8663400657:AAEbBqdhw4ZfHrU7JqCGlj2twvONKQLYnTs/getUpdates
ERROR 2026-07-15 12:13:39,325 updater Error while getting Updates: urllib3 HTTPError HTTPSConnectionPool(host='api.telegram.org', port=443): Max retries exceeded with url: /bot8663400657:AAEbBqdhw4ZfHrU7JqCGlj2twvONKQLYnTs/getUpdates (Caused by NewConnectionError('<telegram.vendor.ptb_urllib3.urllib3.connection.VerifiedHTTPSConnection object at 0x73599552db40>: Failed to establish a new connection: [Errno -2] Name or service not known'))
ERROR 2026-07-15 12:13:39,340 dispatcher No error handlers are registered, logging exception.
Traceback (most recent call last):
  File "/usr/local/lib/python3.10/site-packages/telegram/vendor/ptb_urllib3/urllib3/connection.py", line 140, in _new_conn
    conn = connection.create_connection(
  File "/usr/local/lib/python3.10/site-packages/telegram/vendor/ptb_urllib3/urllib3/util/connection.py", line 60, in create_connection
    for res in socket.getaddrinfo(host, port, family, socket.SOCK_STREAM):
  File "/usr/local/lib/python3.10/socket.py", line 967, in getaddrinfo
    for res in _socket.getaddrinfo(host, port, family, type, proto, flags):
socket.gaierror: [Errno -2] Name or service not known

During handling of the above exception, another exception occurred:

Traceback (most recent call last):
  File "/usr/local/lib/python3.10/site-packages/telegram/vendor/ptb_urllib3/urllib3/connectionpool.py", line 614, in urlopen
    httplib_response = self._make_request(conn, method, url,
  File "/usr/local/lib/python3.10/site-packages/telegram/vendor/ptb_urllib3/urllib3/connectionpool.py", line 360, in _make_request
    self._validate_conn(conn)
  File "/usr/local/lib/python3.10/site-packages/telegram/vendor/ptb_urllib3/urllib3/connectionpool.py", line 857, in _validate_conn
    super(HTTPSConnectionPool, self)._validate_conn(conn)
  File "/usr/local/lib/python3.10/site-packages/telegram/vendor/ptb_urllib3/urllib3/connectionpool.py", line 289, in _validate_conn
    conn.connect()
  File "/usr/local/lib/python3.10/site-packages/telegram/vendor/ptb_urllib3/urllib3/connection.py", line 284, in connect
    conn = self._new_conn()
  File "/usr/local/lib/python3.10/site-packages/telegram/vendor/ptb_urllib3/urllib3/connection.py", line 149, in _new_conn
    raise NewConnectionError(
telegram.vendor.ptb_urllib3.urllib3.exceptions.NewConnectionError: <telegram.vendor.ptb_urllib3.urllib3.connection.VerifiedHTTPSConnection object at 0x73599552db40>: Failed to establish a new connection: [Errno -2] Name or service not known

During handling of the above exception, another exception occurred:

Traceback (most recent call last):
  File "/usr/local/lib/python3.10/site-packages/telegram/utils/request.py", line 259, in _request_wrapper
    resp = self._con_pool.request(*args, **kwargs)
  File "/usr/local/lib/python3.10/site-packages/telegram/vendor/ptb_urllib3/urllib3/request.py", line 68, in request
    return self.request_encode_body(method, url, fields=fields,
  File "/usr/local/lib/python3.10/site-packages/telegram/vendor/ptb_urllib3/urllib3/request.py", line 148, in request_encode_body
    return self.urlopen(method, url, **extra_kw)
  File "/usr/local/lib/python3.10/site-packages/telegram/vendor/ptb_urllib3/urllib3/poolmanager.py", line 244, in urlopen
    response = conn.urlopen(method, u.request_uri, **kw)
  File "/usr/local/lib/python3.10/site-packages/telegram/vendor/ptb_urllib3/urllib3/connectionpool.py", line 691, in urlopen
    return self.urlopen(method, url, body, headers, retries,
  File "/usr/local/lib/python3.10/site-packages/telegram/vendor/ptb_urllib3/urllib3/connectionpool.py", line 691, in urlopen
    return self.urlopen(method, url, body, headers, retries,
  File "/usr/local/lib/python3.10/site-packages/telegram/vendor/ptb_urllib3/urllib3/connectionpool.py", line 691, in urlopen
    return self.urlopen(method, url, body, headers, retries,
  File "/usr/local/lib/python3.10/site-packages/telegram/vendor/ptb_urllib3/urllib3/connectionpool.py", line 665, in urlopen
    retries = retries.increment(method, url, error=e, _pool=self,
  File "/usr/local/lib/python3.10/site-packages/telegram/vendor/ptb_urllib3/urllib3/util/retry.py", line 376, in increment
    raise MaxRetryError(_pool, url, error or ResponseError(cause))
telegram.vendor.ptb_urllib3.urllib3.exceptions.MaxRetryError: HTTPSConnectionPool(host='api.telegram.org', port=443): Max retries exceeded with url: /bot8663400657:AAEbBqdhw4ZfHrU7JqCGlj2twvONKQLYnTs/getUpdates (Caused by NewConnectionError('<telegram.vendor.ptb_urllib3.urllib3.connection.VerifiedHTTPSConnection object at 0x73599552db40>: Failed to establish a new connection: [Errno -2] Name or service not known'))

The above exception was the direct cause of the following exception:

Traceback (most recent call last):
  File "/usr/local/lib/python3.10/site-packages/telegram/ext/updater.py", line 651, in _network_loop_retry
    if not action_cb():
  File "/usr/local/lib/python3.10/site-packages/telegram/ext/updater.py", line 602, in polling_action_cb
    updates = self.bot.get_updates(
  File "/usr/local/lib/python3.10/site-packages/telegram/ext/extbot.py", line 228, in get_updates
    updates = super().get_updates(
  File "/usr/local/lib/python3.10/site-packages/telegram/bot.py", line 134, in decorator
    result = func(*args, **kwargs)
  File "/usr/local/lib/python3.10/site-packages/telegram/bot.py", line 3140, in get_updates
    self._post(
  File "/usr/local/lib/python3.10/site-packages/telegram/bot.py", line 299, in _post
    return self.request.post(
  File "/usr/local/lib/python3.10/site-packages/telegram/utils/request.py", line 361, in post
    result = self._request_wrapper(
  File "/usr/local/lib/python3.10/site-packages/telegram/utils/request.py", line 265, in _request_wrapper
    raise NetworkError(f'urllib3 HTTPError {error}') from error
telegram.error.NetworkError: urllib3 HTTPError HTTPSConnectionPool(host='api.telegram.org', port=443): Max retries exceeded with url: /bot8663400657:AAEbBqdhw4ZfHrU7JqCGlj2twvONKQLYnTs/getUpdates (Caused by NewConnectionError('<telegram.vendor.ptb_urllib3.urllib3.connection.VerifiedHTTPSConnection object at 0x73599552db40>: Failed to establish a new connection: [Errno -2] Name or service not known'))
WARNING 2026-07-15 12:13:40,647 connectionpool Retrying (Retry(total=2, connect=None, read=None, redirect=None)) after connection broken by 'NewConnectionError('<telegram.vendor.ptb_urllib3.urllib3.connection.VerifiedHTTPSConnection object at 0x73599552e6b0>: Failed to establish a new connection: [Errno -2] Name or service not known')': /bot8663400657:AAEbBqdhw4ZfHrU7JqCGlj2twvONKQLYnTs/getUpdates
WARNING 2026-07-15 12:13:41,199 connectionpool Retrying (Retry(total=1, connect=None, read=None, redirect=None)) after connection broken by 'NewConnectionError('<telegram.vendor.ptb_urllib3.urllib3.connection.VerifiedHTTPSConnection object at 0x73599552e6e0>: Failed to establish a new connection: [Errno -2] Name or service not known')': /bot8663400657:AAEbBqdhw4ZfHrU7JqCGlj2twvONKQLYnTs/getUpdates
WARNING 2026-07-15 12:13:41,472 connectionpool Retrying (Retry(total=0, connect=None, read=None, redirect=None)) after connection broken by 'NewConnectionError('<telegram.vendor.ptb_urllib3.urllib3.connection.VerifiedHTTPSConnection object at 0x73599552e3e0>: Failed to establish a new connection: [Errno -2] Name or service not known')': /bot8663400657:AAEbBqdhw4ZfHrU7JqCGlj2twvONKQLYnTs/getUpdates
ERROR 2026-07-15 12:13:41,621 updater Error while getting Updates: urllib3 HTTPError HTTPSConnectionPool(host='api.telegram.org', port=443): Max retries exceeded with url: /bot8663400657:AAEbBqdhw4ZfHrU7JqCGlj2twvONKQLYnTs/getUpdates (Caused by NewConnectionError('<telegram.vendor.ptb_urllib3.urllib3.connection.VerifiedHTTPSConnection object at 0x73599552d630>: Failed to establish a new connection: [Errno -2] Name or service not known'))
ERROR 2026-07-15 12:13:41,656 dispatcher No error handlers are registered, logging exception.
Traceback (most recent call last):
  File "/usr/local/lib/python3.10/site-packages/telegram/vendor/ptb_urllib3/urllib3/connection.py", line 140, in _new_conn
    conn = connection.create_connection(
  File "/usr/local/lib/python3.10/site-packages/telegram/vendor/ptb_urllib3/urllib3/util/connection.py", line 60, in create_connection
    for res in socket.getaddrinfo(host, port, family, socket.SOCK_STREAM):
  File "/usr/local/lib/python3.10/socket.py", line 967, in getaddrinfo
    for res in _socket.getaddrinfo(host, port, family, type, proto, flags):
socket.gaierror: [Errno -2] Name or service not known

During handling of the above exception, another exception occurred:

Traceback (most recent call last):
  File "/usr/local/lib/python3.10/site-packages/telegram/vendor/ptb_urllib3/urllib3/connectionpool.py", line 614, in urlopen
    httplib_response = self._make_request(conn, method, url,
  File "/usr/local/lib/python3.10/site-packages/telegram/vendor/ptb_urllib3/urllib3/connectionpool.py", line 360, in _make_request
    self._validate_conn(conn)
  File "/usr/local/lib/python3.10/site-packages/telegram/vendor/ptb_urllib3/urllib3/connectionpool.py", line 857, in _validate_conn
    super(HTTPSConnectionPool, self)._validate_conn(conn)
  File "/usr/local/lib/python3.10/site-packages/telegram/vendor/ptb_urllib3/urllib3/connectionpool.py", line 289, in _validate_conn
    conn.connect()
  File "/usr/local/lib/python3.10/site-packages/telegram/vendor/ptb_urllib3/urllib3/connection.py", line 284, in connect
    conn = self._new_conn()
  File "/usr/local/lib/python3.10/site-packages/telegram/vendor/ptb_urllib3/urllib3/connection.py", line 149, in _new_conn
    raise NewConnectionError(
telegram.vendor.ptb_urllib3.urllib3.exceptions.NewConnectionError: <telegram.vendor.ptb_urllib3.urllib3.connection.VerifiedHTTPSConnection object at 0x73599552d630>: Failed to establish a new connection: [Errno -2] Name or service not known

During handling of the above exception, another exception occurred:

Traceback (most recent call last):
  File "/usr/local/lib/python3.10/site-packages/telegram/utils/request.py", line 259, in _request_wrapper
    resp = self._con_pool.request(*args, **kwargs)
  File "/usr/local/lib/python3.10/site-packages/telegram/vendor/ptb_urllib3/urllib3/request.py", line 68, in request
    return self.request_encode_body(method, url, fields=fields,
  File "/usr/local/lib/python3.10/site-packages/telegram/vendor/ptb_urllib3/urllib3/request.py", line 148, in request_encode_body
    return self.urlopen(method, url, **extra_kw)
  File "/usr/local/lib/python3.10/site-packages/telegram/vendor/ptb_urllib3/urllib3/poolmanager.py", line 244, in urlopen
    response = conn.urlopen(method, u.request_uri, **kw)
  File "/usr/local/lib/python3.10/site-packages/telegram/vendor/ptb_urllib3/urllib3/connectionpool.py", line 691, in urlopen
    return self.urlopen(method, url, body, headers, retries,
  File "/usr/local/lib/python3.10/site-packages/telegram/vendor/ptb_urllib3/urllib3/connectionpool.py", line 691, in urlopen
    return self.urlopen(method, url, body, headers, retries,
  File "/usr/local/lib/python3.10/site-packages/telegram/vendor/ptb_urllib3/urllib3/connectionpool.py", line 691, in urlopen
    return self.urlopen(method, url, body, headers, retries,
  File "/usr/local/lib/python3.10/site-packages/telegram/vendor/ptb_urllib3/urllib3/connectionpool.py", line 665, in urlopen
    retries = retries.increment(method, url, error=e, _pool=self,
  File "/usr/local/lib/python3.10/site-packages/telegram/vendor/ptb_urllib3/urllib3/util/retry.py", line 376, in increment
    raise MaxRetryError(_pool, url, error or ResponseError(cause))
telegram.vendor.ptb_urllib3.urllib3.exceptions.MaxRetryError: HTTPSConnectionPool(host='api.telegram.org', port=443): Max retries exceeded with url: /bot8663400657:AAEbBqdhw4ZfHrU7JqCGlj2twvONKQLYnTs/getUpdates (Caused by NewConnectionError('<telegram.vendor.ptb_urllib3.urllib3.connection.VerifiedHTTPSConnection object at 0x73599552d630>: Failed to establish a new connection: [Errno -2] Name or service not known'))

The above exception was the direct cause of the following exception:

Traceback (most recent call last):
  File "/usr/local/lib/python3.10/site-packages/telegram/ext/updater.py", line 651, in _network_loop_retry
    if not action_cb():
  File "/usr/local/lib/python3.10/site-packages/telegram/ext/updater.py", line 602, in polling_action_cb
    updates = self.bot.get_updates(
  File "/usr/local/lib/python3.10/site-packages/telegram/ext/extbot.py", line 228, in get_updates
    updates = super().get_updates(
  File "/usr/local/lib/python3.10/site-packages/telegram/bot.py", line 134, in decorator
    result = func(*args, **kwargs)
  File "/usr/local/lib/python3.10/site-packages/telegram/bot.py", line 3140, in get_updates
    self._post(
  File "/usr/local/lib/python3.10/site-packages/telegram/bot.py", line 299, in _post
    return self.request.post(
  File "/usr/local/lib/python3.10/site-packages/telegram/utils/request.py", line 361, in post
    result = self._request_wrapper(
  File "/usr/local/lib/python3.10/site-packages/telegram/utils/request.py", line 265, in _request_wrapper
    raise NetworkError(f'urllib3 HTTPError {error}') from error
telegram.error.NetworkError: urllib3 HTTPError HTTPSConnectionPool(host='api.telegram.org', port=443): Max retries exceeded with url: /bot8663400657:AAEbBqdhw4ZfHrU7JqCGlj2twvONKQLYnTs/getUpdates (Caused by NewConnectionError('<telegram.vendor.ptb_urllib3.urllib3.connection.VerifiedHTTPSConnection object at 0x73599552d630>: Failed to establish a new connection: [Errno -2] Name or service not known'))
WARNING 2026-07-15 12:13:43,293 connectionpool Retrying (Retry(total=2, connect=None, read=None, redirect=None)) after connection broken by 'NewConnectionError('<telegram.vendor.ptb_urllib3.urllib3.connection.VerifiedHTTPSConnection object at 0x73599552dcc0>: Failed to establish a new connection: [Errno -2] Name or service not known')': /bot8663400657:AAEbBqdhw4ZfHrU7JqCGlj2twvONKQLYnTs/getUpdates
WARNING 2026-07-15 12:13:46,220 connectionpool Retrying (Retry(total=1, connect=None, read=None, redirect=None)) after connection broken by 'NewConnectionError('<telegram.vendor.ptb_urllib3.urllib3.connection.VerifiedHTTPSConnection object at 0x73599552c850>: Failed to establish a new connection: [Errno -2] Name or service not known')': /bot8663400657:AAEbBqdhw4ZfHrU7JqCGlj2twvONKQLYnTs/getUpdates
WARNING 2026-07-15 12:13:47,504 connectionpool Retrying (Retry(total=0, connect=None, read=None, redirect=None)) after connection broken by 'NewConnectionError('<telegram.vendor.ptb_urllib3.urllib3.connection.VerifiedHTTPSConnection object at 0x73599552e980>: Failed to establish a new connection: [Errno -2] Name or service not known')': /bot8663400657:AAEbBqdhw4ZfHrU7JqCGlj2twvONKQLYnTs/getUpdates
ERROR 2026-07-15 12:13:47,866 updater Error while getting Updates: urllib3 HTTPError HTTPSConnectionPool(host='api.telegram.org', port=443): Max retries exceeded with url: /bot8663400657:AAEbBqdhw4ZfHrU7JqCGlj2twvONKQLYnTs/getUpdates (Caused by NewConnectionError('<telegram.vendor.ptb_urllib3.urllib3.connection.VerifiedHTTPSConnection object at 0x73599552dab0>: Failed to establish a new connection: [Errno -2] Name or service not known'))
ERROR 2026-07-15 12:13:48,076 dispatcher No error handlers are registered, logging exception.
Traceback (most recent call last):
  File "/usr/local/lib/python3.10/site-packages/telegram/vendor/ptb_urllib3/urllib3/connection.py", line 140, in _new_conn
    conn = connection.create_connection(
  File "/usr/local/lib/python3.10/site-packages/telegram/vendor/ptb_urllib3/urllib3/util/connection.py", line 60, in create_connection
    for res in socket.getaddrinfo(host, port, family, socket.SOCK_STREAM):
  File "/usr/local/lib/python3.10/socket.py", line 967, in getaddrinfo
    for res in _socket.getaddrinfo(host, port, family, type, proto, flags):
socket.gaierror: [Errno -2] Name or service not known

During handling of the above exception, another exception occurred:

Traceback (most recent call last):
  File "/usr/local/lib/python3.10/site-packages/telegram/vendor/ptb_urllib3/urllib3/connectionpool.py", line 614, in urlopen
    httplib_response = self._make_request(conn, method, url,
  File "/usr/local/lib/python3.10/site-packages/telegram/vendor/ptb_urllib3/urllib3/connectionpool.py", line 360, in _make_request
    self._validate_conn(conn)
  File "/usr/local/lib/python3.10/site-packages/telegram/vendor/ptb_urllib3/urllib3/connectionpool.py", line 857, in _validate_conn
    super(HTTPSConnectionPool, self)._validate_conn(conn)
  File "/usr/local/lib/python3.10/site-packages/telegram/vendor/ptb_urllib3/urllib3/connectionpool.py", line 289, in _validate_conn
    conn.connect()
  File "/usr/local/lib/python3.10/site-packages/telegram/vendor/ptb_urllib3/urllib3/connection.py", line 284, in connect
    conn = self._new_conn()
  File "/usr/local/lib/python3.10/site-packages/telegram/vendor/ptb_urllib3/urllib3/connection.py", line 149, in _new_conn
    raise NewConnectionError(
telegram.vendor.ptb_urllib3.urllib3.exceptions.NewConnectionError: <telegram.vendor.ptb_urllib3.urllib3.connection.VerifiedHTTPSConnection object at 0x73599552dab0>: Failed to establish a new connection: [Errno -2] Name or service not known

During handling of the above exception, another exception occurred:

Traceback (most recent call last):
  File "/usr/local/lib/python3.10/site-packages/telegram/utils/request.py", line 259, in _request_wrapper
    resp = self._con_pool.request(*args, **kwargs)
  File "/usr/local/lib/python3.10/site-packages/telegram/vendor/ptb_urllib3/urllib3/request.py", line 68, in request
    return self.request_encode_body(method, url, fields=fields,
  File "/usr/local/lib/python3.10/site-packages/telegram/vendor/ptb_urllib3/urllib3/request.py", line 148, in request_encode_body
    return self.urlopen(method, url, **extra_kw)
  File "/usr/local/lib/python3.10/site-packages/telegram/vendor/ptb_urllib3/urllib3/poolmanager.py", line 244, in urlopen
    response = conn.urlopen(method, u.request_uri, **kw)
  File "/usr/local/lib/python3.10/site-packages/telegram/vendor/ptb_urllib3/urllib3/connectionpool.py", line 691, in urlopen
    return self.urlopen(method, url, body, headers, retries,
  File "/usr/local/lib/python3.10/site-packages/telegram/vendor/ptb_urllib3/urllib3/connectionpool.py", line 691, in urlopen
    return self.urlopen(method, url, body, headers, retries,
  File "/usr/local/lib/python3.10/site-packages/telegram/vendor/ptb_urllib3/urllib3/connectionpool.py", line 691, in urlopen
    return self.urlopen(method, url, body, headers, retries,
  File "/usr/local/lib/python3.10/site-packages/telegram/vendor/ptb_urllib3/urllib3/connectionpool.py", line 665, in urlopen
    retries = retries.increment(method, url, error=e, _pool=self,
  File "/usr/local/lib/python3.10/site-packages/telegram/vendor/ptb_urllib3/urllib3/util/retry.py", line 376, in increment
    raise MaxRetryError(_pool, url, error or ResponseError(cause))
telegram.vendor.ptb_urllib3.urllib3.exceptions.MaxRetryError: HTTPSConnectionPool(host='api.telegram.org', port=443): Max retries exceeded with url: /bot8663400657:AAEbBqdhw4ZfHrU7JqCGlj2twvONKQLYnTs/getUpdates (Caused by NewConnectionError('<telegram.vendor.ptb_urllib3.urllib3.connection.VerifiedHTTPSConnection object at 0x73599552dab0>: Failed to establish a new connection: [Errno -2] Name or service not known'))

The above exception was the direct cause of the following exception:

Traceback (most recent call last):
  File "/usr/local/lib/python3.10/site-packages/telegram/ext/updater.py", line 651, in _network_loop_retry
    if not action_cb():
  File "/usr/local/lib/python3.10/site-packages/telegram/ext/updater.py", line 602, in polling_action_cb
    updates = self.bot.get_updates(
  File "/usr/local/lib/python3.10/site-packages/telegram/ext/extbot.py", line 228, in get_updates
    updates = super().get_updates(
  File "/usr/local/lib/python3.10/site-packages/telegram/bot.py", line 134, in decorator
    result = func(*args, **kwargs)
  File "/usr/local/lib/python3.10/site-packages/telegram/bot.py", line 3140, in get_updates
    self._post(
  File "/usr/local/lib/python3.10/site-packages/telegram/bot.py", line 299, in _post
    return self.request.post(
  File "/usr/local/lib/python3.10/site-packages/telegram/utils/request.py", line 361, in post
    result = self._request_wrapper(
  File "/usr/local/lib/python3.10/site-packages/telegram/utils/request.py", line 265, in _request_wrapper
    raise NetworkError(f'urllib3 HTTPError {error}') from error
telegram.error.NetworkError: urllib3 HTTPError HTTPSConnectionPool(host='api.telegram.org', port=443): Max retries exceeded with url: /bot8663400657:AAEbBqdhw4ZfHrU7JqCGlj2twvONKQLYnTs/getUpdates (Caused by NewConnectionError('<telegram.vendor.ptb_urllib3.urllib3.connection.VerifiedHTTPSConnection object at 0x73599552dab0>: Failed to establish a new connection: [Errno -2] Name or service not known'))
WARNING 2026-07-15 12:13:50,418 connectionpool Retrying (Retry(total=2, connect=None, read=None, redirect=None)) after connection broken by 'NewConnectionError('<telegram.vendor.ptb_urllib3.urllib3.connection.VerifiedHTTPSConnection object at 0x73599552c940>: Failed to establish a new connection: [Errno -2] Name or service not known')': /bot8663400657:AAEbBqdhw4ZfHrU7JqCGlj2twvONKQLYnTs/getUpdates
WARNING 2026-07-15 12:13:50,525 connectionpool Retrying (Retry(total=1, connect=None, read=None, redirect=None)) after connection broken by 'NewConnectionError('<telegram.vendor.ptb_urllib3.urllib3.connection.VerifiedHTTPSConnection object at 0x735995546950>: Failed to establish a new connection: [Errno -2] Name or service not known')': /bot8663400657:AAEbBqdhw4ZfHrU7JqCGlj2twvONKQLYnTs/getUpdates
WARNING 2026-07-15 12:13:50,607 connectionpool Retrying (Retry(total=0, connect=None, read=None, redirect=None)) after connection broken by 'NewConnectionError('<telegram.vendor.ptb_urllib3.urllib3.connection.VerifiedHTTPSConnection object at 0x735995546ad0>: Failed to establish a new connection: [Errno -2] Name or service not known')': /bot8663400657:AAEbBqdhw4ZfHrU7JqCGlj2twvONKQLYnTs/getUpdates
ERROR 2026-07-15 12:13:50,710 updater Error while getting Updates: urllib3 HTTPError HTTPSConnectionPool(host='api.telegram.org', port=443): Max retries exceeded with url: /bot8663400657:AAEbBqdhw4ZfHrU7JqCGlj2twvONKQLYnTs/getUpdates (Caused by NewConnectionError('<telegram.vendor.ptb_urllib3.urllib3.connection.VerifiedHTTPSConnection object at 0x735995546c50>: Failed to establish a new connection: [Errno -2] Name or service not known'))
ERROR 2026-07-15 12:13:50,729 dispatcher No error handlers are registered, logging exception.
Traceback (most recent call last):
  File "/usr/local/lib/python3.10/site-packages/telegram/vendor/ptb_urllib3/urllib3/connection.py", line 140, in _new_conn
    conn = connection.create_connection(
  File "/usr/local/lib/python3.10/site-packages/telegram/vendor/ptb_urllib3/urllib3/util/connection.py", line 60, in create_connection
    for res in socket.getaddrinfo(host, port, family, socket.SOCK_STREAM):
  File "/usr/local/lib/python3.10/socket.py", line 967, in getaddrinfo
    for res in _socket.getaddrinfo(host, port, family, type, proto, flags):
socket.gaierror: [Errno -2] Name or service not known

During handling of the above exception, another exception occurred:

Traceback (most recent call last):
  File "/usr/local/lib/python3.10/site-packages/telegram/vendor/ptb_urllib3/urllib3/connectionpool.py", line 614, in urlopen
    httplib_response = self._make_request(conn, method, url,
  File "/usr/local/lib/python3.10/site-packages/telegram/vendor/ptb_urllib3/urllib3/connectionpool.py", line 360, in _make_request
    self._validate_conn(conn)
  File "/usr/local/lib/python3.10/site-packages/telegram/vendor/ptb_urllib3/urllib3/connectionpool.py", line 857, in _validate_conn
    super(HTTPSConnectionPool, self)._validate_conn(conn)
  File "/usr/local/lib/python3.10/site-packages/telegram/vendor/ptb_urllib3/urllib3/connectionpool.py", line 289, in _validate_conn
    conn.connect()
  File "/usr/local/lib/python3.10/site-packages/telegram/vendor/ptb_urllib3/urllib3/connection.py", line 284, in connect
    conn = self._new_conn()
  File "/usr/local/lib/python3.10/site-packages/telegram/vendor/ptb_urllib3/urllib3/connection.py", line 149, in _new_conn
    raise NewConnectionError(
telegram.vendor.ptb_urllib3.urllib3.exceptions.NewConnectionError: <telegram.vendor.ptb_urllib3.urllib3.connection.VerifiedHTTPSConnection object at 0x735995546c50>: Failed to establish a new connection: [Errno -2] Name or service not known

During handling of the above exception, another exception occurred:

Traceback (most recent call last):
  File "/usr/local/lib/python3.10/site-packages/telegram/utils/request.py", line 259, in _request_wrapper
    resp = self._con_pool.request(*args, **kwargs)
  File "/usr/local/lib/python3.10/site-packages/telegram/vendor/ptb_urllib3/urllib3/request.py", line 68, in request
    return self.request_encode_body(method, url, fields=fields,
  File "/usr/local/lib/python3.10/site-packages/telegram/vendor/ptb_urllib3/urllib3/request.py", line 148, in request_encode_body
    return self.urlopen(method, url, **extra_kw)
  File "/usr/local/lib/python3.10/site-packages/telegram/vendor/ptb_urllib3/urllib3/poolmanager.py", line 244, in urlopen
    response = conn.urlopen(method, u.request_uri, **kw)
  File "/usr/local/lib/python3.10/site-packages/telegram/vendor/ptb_urllib3/urllib3/connectionpool.py", line 691, in urlopen
    return self.urlopen(method, url, body, headers, retries,
  File "/usr/local/lib/python3.10/site-packages/telegram/vendor/ptb_urllib3/urllib3/connectionpool.py", line 691, in urlopen
    return self.urlopen(method, url, body, headers, retries,
  File "/usr/local/lib/python3.10/site-packages/telegram/vendor/ptb_urllib3/urllib3/connectionpool.py", line 691, in urlopen
    return self.urlopen(method, url, body, headers, retries,
  File "/usr/local/lib/python3.10/site-packages/telegram/vendor/ptb_urllib3/urllib3/connectionpool.py", line 665, in urlopen
    retries = retries.increment(method, url, error=e, _pool=self,
  File "/usr/local/lib/python3.10/site-packages/telegram/vendor/ptb_urllib3/urllib3/util/retry.py", line 376, in increment
    raise MaxRetryError(_pool, url, error or ResponseError(cause))
telegram.vendor.ptb_urllib3.urllib3.exceptions.MaxRetryError: HTTPSConnectionPool(host='api.telegram.org', port=443): Max retries exceeded with url: /bot8663400657:AAEbBqdhw4ZfHrU7JqCGlj2twvONKQLYnTs/getUpdates (Caused by NewConnectionError('<telegram.vendor.ptb_urllib3.urllib3.connection.VerifiedHTTPSConnection object at 0x735995546c50>: Failed to establish a new connection: [Errno -2] Name or service not known'))

The above exception was the direct cause of the following exception:

Traceback (most recent call last):
  File "/usr/local/lib/python3.10/site-packages/telegram/ext/updater.py", line 651, in _network_loop_retry
    if not action_cb():
  File "/usr/local/lib/python3.10/site-packages/telegram/ext/updater.py", line 602, in polling_action_cb
    updates = self.bot.get_updates(
  File "/usr/local/lib/python3.10/site-packages/telegram/ext/extbot.py", line 228, in get_updates
    updates = super().get_updates(
  File "/usr/local/lib/python3.10/site-packages/telegram/bot.py", line 134, in decorator
    result = func(*args, **kwargs)
  File "/usr/local/lib/python3.10/site-packages/telegram/bot.py", line 3140, in get_updates
    self._post(
  File "/usr/local/lib/python3.10/site-packages/telegram/bot.py", line 299, in _post
    return self.request.post(
  File "/usr/local/lib/python3.10/site-packages/telegram/utils/request.py", line 361, in post
    result = self._request_wrapper(
  File "/usr/local/lib/python3.10/site-packages/telegram/utils/request.py", line 265, in _request_wrapper
    raise NetworkError(f'urllib3 HTTPError {error}') from error
telegram.error.NetworkError: urllib3 HTTPError HTTPSConnectionPool(host='api.telegram.org', port=443): Max retries exceeded with url: /bot8663400657:AAEbBqdhw4ZfHrU7JqCGlj2twvONKQLYnTs/getUpdates (Caused by NewConnectionError('<telegram.vendor.ptb_urllib3.urllib3.connection.VerifiedHTTPSConnection object at 0x735995546c50>: Failed to establish a new connection: [Errno -2] Name or service not known'))
WARNING 2026-07-15 12:13:54,142 connectionpool Retrying (Retry(total=2, connect=None, read=None, redirect=None)) after connection broken by 'NewConnectionError('<telegram.vendor.ptb_urllib3.urllib3.connection.VerifiedHTTPSConnection object at 0x73599552cb20>: Failed to establish a new connection: [Errno -2] Name or service not known')': /bot8663400657:AAEbBqdhw4ZfHrU7JqCGlj2twvONKQLYnTs/getUpdates
WARNING 2026-07-15 12:13:54,176 connectionpool Retrying (Retry(total=1, connect=None, read=None, redirect=None)) after connection broken by 'NewConnectionError('<telegram.vendor.ptb_urllib3.urllib3.connection.VerifiedHTTPSConnection object at 0x735995547160>: Failed to establish a new connection: [Errno -2] Name or service not known')': /bot8663400657:AAEbBqdhw4ZfHrU7JqCGlj2twvONKQLYnTs/getUpdates
WARNING 2026-07-15 12:13:54,196 connectionpool Retrying (Retry(total=0, connect=None, read=None, redirect=None)) after connection broken by 'NewConnectionError('<telegram.vendor.ptb_urllib3.urllib3.connection.VerifiedHTTPSConnection object at 0x735995545030>: Failed to establish a new connection: [Errno -2] Name or service not known')': /bot8663400657:AAEbBqdhw4ZfHrU7JqCGlj2twvONKQLYnTs/getUpdates
ERROR 2026-07-15 12:13:54,246 updater Error while getting Updates: urllib3 HTTPError HTTPSConnectionPool(host='api.telegram.org', port=443): Max retries exceeded with url: /bot8663400657:AAEbBqdhw4ZfHrU7JqCGlj2twvONKQLYnTs/getUpdates (Caused by NewConnectionError('<telegram.vendor.ptb_urllib3.urllib3.connection.VerifiedHTTPSConnection object at 0x735995544eb0>: Failed to establish a new connection: [Errno -2] Name or service not known'))
ERROR 2026-07-15 12:13:54,247 dispatcher No error handlers are registered, logging exception.
Traceback (most recent call last):
  File "/usr/local/lib/python3.10/site-packages/telegram/vendor/ptb_urllib3/urllib3/connection.py", line 140, in _new_conn
    conn = connection.create_connection(
  File "/usr/local/lib/python3.10/site-packages/telegram/vendor/ptb_urllib3/urllib3/util/connection.py", line 60, in create_connection
    for res in socket.getaddrinfo(host, port, family, socket.SOCK_STREAM):
  File "/usr/local/lib/python3.10/socket.py", line 967, in getaddrinfo
    for res in _socket.getaddrinfo(host, port, family, type, proto, flags):
socket.gaierror: [Errno -2] Name or service not known

During handling of the above exception, another exception occurred:

Traceback (most recent call last):
  File "/usr/local/lib/python3.10/site-packages/telegram/vendor/ptb_urllib3/urllib3/connectionpool.py", line 614, in urlopen
    httplib_response = self._make_request(conn, method, url,
  File "/usr/local/lib/python3.10/site-packages/telegram/vendor/ptb_urllib3/urllib3/connectionpool.py", line 360, in _make_request
    self._validate_conn(conn)
  File "/usr/local/lib/python3.10/site-packages/telegram/vendor/ptb_urllib3/urllib3/connectionpool.py", line 857, in _validate_conn
    super(HTTPSConnectionPool, self)._validate_conn(conn)
  File "/usr/local/lib/python3.10/site-packages/telegram/vendor/ptb_urllib3/urllib3/connectionpool.py", line 289, in _validate_conn
    conn.connect()
  File "/usr/local/lib/python3.10/site-packages/telegram/vendor/ptb_urllib3/urllib3/connection.py", line 284, in connect
    conn = self._new_conn()
  File "/usr/local/lib/python3.10/site-packages/telegram/vendor/ptb_urllib3/urllib3/connection.py", line 149, in _new_conn
    raise NewConnectionError(
telegram.vendor.ptb_urllib3.urllib3.exceptions.NewConnectionError: <telegram.vendor.ptb_urllib3.urllib3.connection.VerifiedHTTPSConnection object at 0x735995544eb0>: Failed to establish a new connection: [Errno -2] Name or service not known

During handling of the above exception, another exception occurred:

Traceback (most recent call last):
  File "/usr/local/lib/python3.10/site-packages/telegram/utils/request.py", line 259, in _request_wrapper
    resp = self._con_pool.request(*args, **kwargs)
  File "/usr/local/lib/python3.10/site-packages/telegram/vendor/ptb_urllib3/urllib3/request.py", line 68, in request
    return self.request_encode_body(method, url, fields=fields,
  File "/usr/local/lib/python3.10/site-packages/telegram/vendor/ptb_urllib3/urllib3/request.py", line 148, in request_encode_body
    return self.urlopen(method, url, **extra_kw)
  File "/usr/local/lib/python3.10/site-packages/telegram/vendor/ptb_urllib3/urllib3/poolmanager.py", line 244, in urlopen
    response = conn.urlopen(method, u.request_uri, **kw)
  File "/usr/local/lib/python3.10/site-packages/telegram/vendor/ptb_urllib3/urllib3/connectionpool.py", line 691, in urlopen
    return self.urlopen(method, url, body, headers, retries,
  File "/usr/local/lib/python3.10/site-packages/telegram/vendor/ptb_urllib3/urllib3/connectionpool.py", line 691, in urlopen
    return self.urlopen(method, url, body, headers, retries,
  File "/usr/local/lib/python3.10/site-packages/telegram/vendor/ptb_urllib3/urllib3/connectionpool.py", line 691, in urlopen
    return self.urlopen(method, url, body, headers, retries,
  File "/usr/local/lib/python3.10/site-packages/telegram/vendor/ptb_urllib3/urllib3/connectionpool.py", line 665, in urlopen
    retries = retries.increment(method, url, error=e, _pool=self,
  File "/usr/local/lib/python3.10/site-packages/telegram/vendor/ptb_urllib3/urllib3/util/retry.py", line 376, in increment
    raise MaxRetryError(_pool, url, error or ResponseError(cause))
telegram.vendor.ptb_urllib3.urllib3.exceptions.MaxRetryError: HTTPSConnectionPool(host='api.telegram.org', port=443): Max retries exceeded with url: /bot8663400657:AAEbBqdhw4ZfHrU7JqCGlj2twvONKQLYnTs/getUpdates (Caused by NewConnectionError('<telegram.vendor.ptb_urllib3.urllib3.connection.VerifiedHTTPSConnection object at 0x735995544eb0>: Failed to establish a new connection: [Errno -2] Name or service not known'))

The above exception was the direct cause of the following exception:

Traceback (most recent call last):
  File "/usr/local/lib/python3.10/site-packages/telegram/ext/updater.py", line 651, in _network_loop_retry
    if not action_cb():
  File "/usr/local/lib/python3.10/site-packages/telegram/ext/updater.py", line 602, in polling_action_cb
    updates = self.bot.get_updates(
  File "/usr/local/lib/python3.10/site-packages/telegram/ext/extbot.py", line 228, in get_updates
    updates = super().get_updates(
  File "/usr/local/lib/python3.10/site-packages/telegram/bot.py", line 134, in decorator
    result = func(*args, **kwargs)
  File "/usr/local/lib/python3.10/site-packages/telegram/bot.py", line 3140, in get_updates
    self._post(
  File "/usr/local/lib/python3.10/site-packages/telegram/bot.py", line 299, in _post
    return self.request.post(
  File "/usr/local/lib/python3.10/site-packages/telegram/utils/request.py", line 361, in post
    result = self._request_wrapper(
  File "/usr/local/lib/python3.10/site-packages/telegram/utils/request.py", line 265, in _request_wrapper
    raise NetworkError(f'urllib3 HTTPError {error}') from error
telegram.error.NetworkError: urllib3 HTTPError HTTPSConnectionPool(host='api.telegram.org', port=443): Max retries exceeded with url: /bot8663400657:AAEbBqdhw4ZfHrU7JqCGlj2twvONKQLYnTs/getUpdates (Caused by NewConnectionError('<telegram.vendor.ptb_urllib3.urllib3.connection.VerifiedHTTPSConnection object at 0x735995544eb0>: Failed to establish a new connection: [Errno -2] Name or service not known'))
ERROR 2026-07-15 12:14:14,730 updater Error while getting Updates: urllib3 HTTPError ('Connection aborted.', RemoteDisconnected('Remote end closed connection without response'))
ERROR 2026-07-15 12:14:14,795 dispatcher No error handlers are registered, logging exception.
Traceback (most recent call last):
  File "/usr/local/lib/python3.10/site-packages/telegram/vendor/ptb_urllib3/urllib3/connectionpool.py", line 614, in urlopen
    httplib_response = self._make_request(conn, method, url,
  File "/usr/local/lib/python3.10/site-packages/telegram/vendor/ptb_urllib3/urllib3/connectionpool.py", line 402, in _make_request
    six.raise_from(e, None)
  File "<string>", line 2, in raise_from
  File "/usr/local/lib/python3.10/site-packages/telegram/vendor/ptb_urllib3/urllib3/connectionpool.py", line 398, in _make_request
    httplib_response = conn.getresponse()
  File "/usr/local/lib/python3.10/http/client.py", line 1395, in getresponse
    response.begin()
  File "/usr/local/lib/python3.10/http/client.py", line 323, in begin
    version, status, reason = self._read_status()
  File "/usr/local/lib/python3.10/http/client.py", line 292, in _read_status
    raise RemoteDisconnected("Remote end closed connection without"
http.client.RemoteDisconnected: Remote end closed connection without response

During handling of the above exception, another exception occurred:

Traceback (most recent call last):
  File "/usr/local/lib/python3.10/site-packages/telegram/utils/request.py", line 259, in _request_wrapper
    resp = self._con_pool.request(*args, **kwargs)
  File "/usr/local/lib/python3.10/site-packages/telegram/vendor/ptb_urllib3/urllib3/request.py", line 68, in request
    return self.request_encode_body(method, url, fields=fields,
  File "/usr/local/lib/python3.10/site-packages/telegram/vendor/ptb_urllib3/urllib3/request.py", line 148, in request_encode_body
    return self.urlopen(method, url, **extra_kw)
  File "/usr/local/lib/python3.10/site-packages/telegram/vendor/ptb_urllib3/urllib3/poolmanager.py", line 244, in urlopen
    response = conn.urlopen(method, u.request_uri, **kw)
  File "/usr/local/lib/python3.10/site-packages/telegram/vendor/ptb_urllib3/urllib3/connectionpool.py", line 665, in urlopen
    retries = retries.increment(method, url, error=e, _pool=self,
  File "/usr/local/lib/python3.10/site-packages/telegram/vendor/ptb_urllib3/urllib3/util/retry.py", line 347, in increment
    raise six.reraise(type(error), error, _stacktrace)
  File "/usr/local/lib/python3.10/site-packages/telegram/vendor/ptb_urllib3/urllib3/packages/six.py", line 685, in reraise
    raise value.with_traceback(tb)
  File "/usr/local/lib/python3.10/site-packages/telegram/vendor/ptb_urllib3/urllib3/connectionpool.py", line 614, in urlopen
    httplib_response = self._make_request(conn, method, url,
  File "/usr/local/lib/python3.10/site-packages/telegram/vendor/ptb_urllib3/urllib3/connectionpool.py", line 402, in _make_request
    six.raise_from(e, None)
  File "<string>", line 2, in raise_from
  File "/usr/local/lib/python3.10/site-packages/telegram/vendor/ptb_urllib3/urllib3/connectionpool.py", line 398, in _make_request
    httplib_response = conn.getresponse()
  File "/usr/local/lib/python3.10/http/client.py", line 1395, in getresponse
    response.begin()
  File "/usr/local/lib/python3.10/http/client.py", line 323, in begin
    version, status, reason = self._read_status()
  File "/usr/local/lib/python3.10/http/client.py", line 292, in _read_status
    raise RemoteDisconnected("Remote end closed connection without"
telegram.vendor.ptb_urllib3.urllib3.exceptions.ProtocolError: ('Connection aborted.', RemoteDisconnected('Remote end closed connection without response'))

The above exception was the direct cause of the following exception:

Traceback (most recent call last):
  File "/usr/local/lib/python3.10/site-packages/telegram/ext/updater.py", line 651, in _network_loop_retry
    if not action_cb():
  File "/usr/local/lib/python3.10/site-packages/telegram/ext/updater.py", line 602, in polling_action_cb
    updates = self.bot.get_updates(
  File "/usr/local/lib/python3.10/site-packages/telegram/ext/extbot.py", line 228, in get_updates
    updates = super().get_updates(
  File "/usr/local/lib/python3.10/site-packages/telegram/bot.py", line 134, in decorator
    result = func(*args, **kwargs)
  File "/usr/local/lib/python3.10/site-packages/telegram/bot.py", line 3140, in get_updates
    self._post(
  File "/usr/local/lib/python3.10/site-packages/telegram/bot.py", line 299, in _post
    return self.request.post(
  File "/usr/local/lib/python3.10/site-packages/telegram/utils/request.py", line 361, in post
    result = self._request_wrapper(
  File "/usr/local/lib/python3.10/site-packages/telegram/utils/request.py", line 265, in _request_wrapper
    raise NetworkError(f'urllib3 HTTPError {error}') from error
telegram.error.NetworkError: urllib3 HTTPError ('Connection aborted.', RemoteDisconnected('Remote end closed connection without response'))
WARNING 2026-07-15 12:14:15,808 connectionpool Retrying (Retry(total=2, connect=None, read=None, redirect=None)) after connection broken by 'NewConnectionError('<telegram.vendor.ptb_urllib3.urllib3.connection.VerifiedHTTPSConnection object at 0x735995544d00>: Failed to establish a new connection: [Errno -2] Name or service not known')': /bot8663400657:AAEbBqdhw4ZfHrU7JqCGlj2twvONKQLYnTs/getUpdates
WARNING 2026-07-15 12:14:15,813 connectionpool Retrying (Retry(total=1, connect=None, read=None, redirect=None)) after connection broken by 'NewConnectionError('<telegram.vendor.ptb_urllib3.urllib3.connection.VerifiedHTTPSConnection object at 0x735995544ca0>: Failed to establish a new connection: [Errno -2] Name or service not known')': /bot8663400657:AAEbBqdhw4ZfHrU7JqCGlj2twvONKQLYnTs/getUpdates
WARNING 2026-07-15 12:14:15,819 connectionpool Retrying (Retry(total=0, connect=None, read=None, redirect=None)) after connection broken by 'NewConnectionError('<telegram.vendor.ptb_urllib3.urllib3.connection.VerifiedHTTPSConnection object at 0x735995546e60>: Failed to establish a new connection: [Errno -2] Name or service not known')': /bot8663400657:AAEbBqdhw4ZfHrU7JqCGlj2twvONKQLYnTs/getUpdates
ERROR 2026-07-15 12:14:15,824 updater Error while getting Updates: urllib3 HTTPError HTTPSConnectionPool(host='api.telegram.org', port=443): Max retries exceeded with url: /bot8663400657:AAEbBqdhw4ZfHrU7JqCGlj2twvONKQLYnTs/getUpdates (Caused by NewConnectionError('<telegram.vendor.ptb_urllib3.urllib3.connection.VerifiedHTTPSConnection object at 0x735995545690>: Failed to establish a new connection: [Errno -2] Name or service not known'))
ERROR 2026-07-15 12:14:15,826 dispatcher No error handlers are registered, logging exception.
Traceback (most recent call last):
  File "/usr/local/lib/python3.10/site-packages/telegram/vendor/ptb_urllib3/urllib3/connection.py", line 140, in _new_conn
    conn = connection.create_connection(
  File "/usr/local/lib/python3.10/site-packages/telegram/vendor/ptb_urllib3/urllib3/util/connection.py", line 60, in create_connection
    for res in socket.getaddrinfo(host, port, family, socket.SOCK_STREAM):
  File "/usr/local/lib/python3.10/socket.py", line 967, in getaddrinfo
    for res in _socket.getaddrinfo(host, port, family, type, proto, flags):
socket.gaierror: [Errno -2] Name or service not known

During handling of the above exception, another exception occurred:

Traceback (most recent call last):
  File "/usr/local/lib/python3.10/site-packages/telegram/vendor/ptb_urllib3/urllib3/connectionpool.py", line 614, in urlopen
    httplib_response = self._make_request(conn, method, url,
  File "/usr/local/lib/python3.10/site-packages/telegram/vendor/ptb_urllib3/urllib3/connectionpool.py", line 360, in _make_request
    self._validate_conn(conn)
  File "/usr/local/lib/python3.10/site-packages/telegram/vendor/ptb_urllib3/urllib3/connectionpool.py", line 857, in _validate_conn
    super(HTTPSConnectionPool, self)._validate_conn(conn)
  File "/usr/local/lib/python3.10/site-packages/telegram/vendor/ptb_urllib3/urllib3/connectionpool.py", line 289, in _validate_conn
    conn.connect()
  File "/usr/local/lib/python3.10/site-packages/telegram/vendor/ptb_urllib3/urllib3/connection.py", line 284, in connect
    conn = self._new_conn()
  File "/usr/local/lib/python3.10/site-packages/telegram/vendor/ptb_urllib3/urllib3/connection.py", line 149, in _new_conn
    raise NewConnectionError(
telegram.vendor.ptb_urllib3.urllib3.exceptions.NewConnectionError: <telegram.vendor.ptb_urllib3.urllib3.connection.VerifiedHTTPSConnection object at 0x735995545690>: Failed to establish a new connection: [Errno -2] Name or service not known

During handling of the above exception, another exception occurred:

Traceback (most recent call last):
  File "/usr/local/lib/python3.10/site-packages/telegram/utils/request.py", line 259, in _request_wrapper
    resp = self._con_pool.request(*args, **kwargs)
  File "/usr/local/lib/python3.10/site-packages/telegram/vendor/ptb_urllib3/urllib3/request.py", line 68, in request
    return self.request_encode_body(method, url, fields=fields,
  File "/usr/local/lib/python3.10/site-packages/telegram/vendor/ptb_urllib3/urllib3/request.py", line 148, in request_encode_body
    return self.urlopen(method, url, **extra_kw)
  File "/usr/local/lib/python3.10/site-packages/telegram/vendor/ptb_urllib3/urllib3/poolmanager.py", line 244, in urlopen
    response = conn.urlopen(method, u.request_uri, **kw)
  File "/usr/local/lib/python3.10/site-packages/telegram/vendor/ptb_urllib3/urllib3/connectionpool.py", line 691, in urlopen
    return self.urlopen(method, url, body, headers, retries,
  File "/usr/local/lib/python3.10/site-packages/telegram/vendor/ptb_urllib3/urllib3/connectionpool.py", line 691, in urlopen
    return self.urlopen(method, url, body, headers, retries,
  File "/usr/local/lib/python3.10/site-packages/telegram/vendor/ptb_urllib3/urllib3/connectionpool.py", line 691, in urlopen
    return self.urlopen(method, url, body, headers, retries,
  File "/usr/local/lib/python3.10/site-packages/telegram/vendor/ptb_urllib3/urllib3/connectionpool.py", line 665, in urlopen
    retries = retries.increment(method, url, error=e, _pool=self,
  File "/usr/local/lib/python3.10/site-packages/telegram/vendor/ptb_urllib3/urllib3/util/retry.py", line 376, in increment
    raise MaxRetryError(_pool, url, error or ResponseError(cause))
telegram.vendor.ptb_urllib3.urllib3.exceptions.MaxRetryError: HTTPSConnectionPool(host='api.telegram.org', port=443): Max retries exceeded with url: /bot8663400657:AAEbBqdhw4ZfHrU7JqCGlj2twvONKQLYnTs/getUpdates (Caused by NewConnectionError('<telegram.vendor.ptb_urllib3.urllib3.connection.VerifiedHTTPSConnection object at 0x735995545690>: Failed to establish a new connection: [Errno -2] Name or service not known'))

The above exception was the direct cause of the following exception:

Traceback (most recent call last):
  File "/usr/local/lib/python3.10/site-packages/telegram/ext/updater.py", line 651, in _network_loop_retry
    if not action_cb():
  File "/usr/local/lib/python3.10/site-packages/telegram/ext/updater.py", line 602, in polling_action_cb
    updates = self.bot.get_updates(
  File "/usr/local/lib/python3.10/site-packages/telegram/ext/extbot.py", line 228, in get_updates
    updates = super().get_updates(
  File "/usr/local/lib/python3.10/site-packages/telegram/bot.py", line 134, in decorator
    result = func(*args, **kwargs)
  File "/usr/local/lib/python3.10/site-packages/telegram/bot.py", line 3140, in get_updates
    self._post(
  File "/usr/local/lib/python3.10/site-packages/telegram/bot.py", line 299, in _post
    return self.request.post(
  File "/usr/local/lib/python3.10/site-packages/telegram/utils/request.py", line 361, in post
    result = self._request_wrapper(
  File "/usr/local/lib/python3.10/site-packages/telegram/utils/request.py", line 265, in _request_wrapper
    raise NetworkError(f'urllib3 HTTPError {error}') from error
telegram.error.NetworkError: urllib3 HTTPError HTTPSConnectionPool(host='api.telegram.org', port=443): Max retries exceeded with url: /bot8663400657:AAEbBqdhw4ZfHrU7JqCGlj2twvONKQLYnTs/getUpdates (Caused by NewConnectionError('<telegram.vendor.ptb_urllib3.urllib3.connection.VerifiedHTTPSConnection object at 0x735995545690>: Failed to establish a new connection: [Errno -2] Name or service not known'))
WARNING 2026-07-15 12:14:17,332 connectionpool Retrying (Retry(total=2, connect=None, read=None, redirect=None)) after connection broken by 'NewConnectionError('<telegram.vendor.ptb_urllib3.urllib3.connection.VerifiedHTTPSConnection object at 0x73599552db40>: Failed to establish a new connection: [Errno -2] Name or service not known')': /bot8663400657:AAEbBqdhw4ZfHrU7JqCGlj2twvONKQLYnTs/getUpdates
WARNING 2026-07-15 12:14:17,339 connectionpool Retrying (Retry(total=1, connect=None, read=None, redirect=None)) after connection broken by 'NewConnectionError('<telegram.vendor.ptb_urllib3.urllib3.connection.VerifiedHTTPSConnection object at 0x73599552c970>: Failed to establish a new connection: [Errno -2] Name or service not known')': /bot8663400657:AAEbBqdhw4ZfHrU7JqCGlj2twvONKQLYnTs/getUpdates
WARNING 2026-07-15 12:14:17,345 connectionpool Retrying (Retry(total=0, connect=None, read=None, redirect=None)) after connection broken by 'NewConnectionError('<telegram.vendor.ptb_urllib3.urllib3.connection.VerifiedHTTPSConnection object at 0x73599552e2c0>: Failed to establish a new connection: [Errno -2] Name or service not known')': /bot8663400657:AAEbBqdhw4ZfHrU7JqCGlj2twvONKQLYnTs/getUpdates
ERROR 2026-07-15 12:14:17,351 updater Error while getting Updates: urllib3 HTTPError HTTPSConnectionPool(host='api.telegram.org', port=443): Max retries exceeded with url: /bot8663400657:AAEbBqdhw4ZfHrU7JqCGlj2twvONKQLYnTs/getUpdates (Caused by NewConnectionError('<telegram.vendor.ptb_urllib3.urllib3.connection.VerifiedHTTPSConnection object at 0x73599552c850>: Failed to establish a new connection: [Errno -2] Name or service not known'))
ERROR 2026-07-15 12:14:17,352 dispatcher No error handlers are registered, logging exception.
Traceback (most recent call last):
  File "/usr/local/lib/python3.10/site-packages/telegram/vendor/ptb_urllib3/urllib3/connection.py", line 140, in _new_conn
    conn = connection.create_connection(
  File "/usr/local/lib/python3.10/site-packages/telegram/vendor/ptb_urllib3/urllib3/util/connection.py", line 60, in create_connection
    for res in socket.getaddrinfo(host, port, family, socket.SOCK_STREAM):
  File "/usr/local/lib/python3.10/socket.py", line 967, in getaddrinfo
    for res in _socket.getaddrinfo(host, port, family, type, proto, flags):
socket.gaierror: [Errno -2] Name or service not known

During handling of the above exception, another exception occurred:

Traceback (most recent call last):
  File "/usr/local/lib/python3.10/site-packages/telegram/vendor/ptb_urllib3/urllib3/connectionpool.py", line 614, in urlopen
    httplib_response = self._make_request(conn, method, url,
  File "/usr/local/lib/python3.10/site-packages/telegram/vendor/ptb_urllib3/urllib3/connectionpool.py", line 360, in _make_request
    self._validate_conn(conn)
  File "/usr/local/lib/python3.10/site-packages/telegram/vendor/ptb_urllib3/urllib3/connectionpool.py", line 857, in _validate_conn
    super(HTTPSConnectionPool, self)._validate_conn(conn)
  File "/usr/local/lib/python3.10/site-packages/telegram/vendor/ptb_urllib3/urllib3/connectionpool.py", line 289, in _validate_conn
    conn.connect()
  File "/usr/local/lib/python3.10/site-packages/telegram/vendor/ptb_urllib3/urllib3/connection.py", line 284, in connect
    conn = self._new_conn()
  File "/usr/local/lib/python3.10/site-packages/telegram/vendor/ptb_urllib3/urllib3/connection.py", line 149, in _new_conn
    raise NewConnectionError(
telegram.vendor.ptb_urllib3.urllib3.exceptions.NewConnectionError: <telegram.vendor.ptb_urllib3.urllib3.connection.VerifiedHTTPSConnection object at 0x73599552c850>: Failed to establish a new connection: [Errno -2] Name or service not known

During handling of the above exception, another exception occurred:

Traceback (most recent call last):
  File "/usr/local/lib/python3.10/site-packages/telegram/utils/request.py", line 259, in _request_wrapper
    resp = self._con_pool.request(*args, **kwargs)
  File "/usr/local/lib/python3.10/site-packages/telegram/vendor/ptb_urllib3/urllib3/request.py", line 68, in request
    return self.request_encode_body(method, url, fields=fields,
  File "/usr/local/lib/python3.10/site-packages/telegram/vendor/ptb_urllib3/urllib3/request.py", line 148, in request_encode_body
    return self.urlopen(method, url, **extra_kw)
  File "/usr/local/lib/python3.10/site-packages/telegram/vendor/ptb_urllib3/urllib3/poolmanager.py", line 244, in urlopen
    response = conn.urlopen(method, u.request_uri, **kw)
  File "/usr/local/lib/python3.10/site-packages/telegram/vendor/ptb_urllib3/urllib3/connectionpool.py", line 691, in urlopen
    return self.urlopen(method, url, body, headers, retries,
  File "/usr/local/lib/python3.10/site-packages/telegram/vendor/ptb_urllib3/urllib3/connectionpool.py", line 691, in urlopen
    return self.urlopen(method, url, body, headers, retries,
  File "/usr/local/lib/python3.10/site-packages/telegram/vendor/ptb_urllib3/urllib3/connectionpool.py", line 691, in urlopen
    return self.urlopen(method, url, body, headers, retries,
  File "/usr/local/lib/python3.10/site-packages/telegram/vendor/ptb_urllib3/urllib3/connectionpool.py", line 665, in urlopen
    retries = retries.increment(method, url, error=e, _pool=self,
  File "/usr/local/lib/python3.10/site-packages/telegram/vendor/ptb_urllib3/urllib3/util/retry.py", line 376, in increment
    raise MaxRetryError(_pool, url, error or ResponseError(cause))
telegram.vendor.ptb_urllib3.urllib3.exceptions.MaxRetryError: HTTPSConnectionPool(host='api.telegram.org', port=443): Max retries exceeded with url: /bot8663400657:AAEbBqdhw4ZfHrU7JqCGlj2twvONKQLYnTs/getUpdates (Caused by NewConnectionError('<telegram.vendor.ptb_urllib3.urllib3.connection.VerifiedHTTPSConnection object at 0x73599552c850>: Failed to establish a new connection: [Errno -2] Name or service not known'))

The above exception was the direct cause of the following exception:

Traceback (most recent call last):
  File "/usr/local/lib/python3.10/site-packages/telegram/ext/updater.py", line 651, in _network_loop_retry
    if not action_cb():
  File "/usr/local/lib/python3.10/site-packages/telegram/ext/updater.py", line 602, in polling_action_cb
    updates = self.bot.get_updates(
  File "/usr/local/lib/python3.10/site-packages/telegram/ext/extbot.py", line 228, in get_updates
    updates = super().get_updates(
  File "/usr/local/lib/python3.10/site-packages/telegram/bot.py", line 134, in decorator
    result = func(*args, **kwargs)
  File "/usr/local/lib/python3.10/site-packages/telegram/bot.py", line 3140, in get_updates
    self._post(
  File "/usr/local/lib/python3.10/site-packages/telegram/bot.py", line 299, in _post
    return self.request.post(
  File "/usr/local/lib/python3.10/site-packages/telegram/utils/request.py", line 361, in post
    result = self._request_wrapper(
  File "/usr/local/lib/python3.10/site-packages/telegram/utils/request.py", line 265, in _request_wrapper
    raise NetworkError(f'urllib3 HTTPError {error}') from error
telegram.error.NetworkError: urllib3 HTTPError HTTPSConnectionPool(host='api.telegram.org', port=443): Max retries exceeded with url: /bot8663400657:AAEbBqdhw4ZfHrU7JqCGlj2twvONKQLYnTs/getUpdates (Caused by NewConnectionError('<telegram.vendor.ptb_urllib3.urllib3.connection.VerifiedHTTPSConnection object at 0x73599552c850>: Failed to establish a new connection: [Errno -2] Name or service not known'))
WARNING 2026-07-15 12:14:19,608 connectionpool Retrying (Retry(total=2, connect=None, read=None, redirect=None)) after connection broken by 'NewConnectionError('<telegram.vendor.ptb_urllib3.urllib3.connection.VerifiedHTTPSConnection object at 0x73599552d6c0>: Failed to establish a new connection: [Errno -2] Name or service not known')': /bot8663400657:AAEbBqdhw4ZfHrU7JqCGlj2twvONKQLYnTs/getUpdates
WARNING 2026-07-15 12:14:19,613 connectionpool Retrying (Retry(total=1, connect=None, read=None, redirect=None)) after connection broken by 'NewConnectionError('<telegram.vendor.ptb_urllib3.urllib3.connection.VerifiedHTTPSConnection object at 0x7359955456c0>: Failed to establish a new connection: [Errno -2] Name or service not known')': /bot8663400657:AAEbBqdhw4ZfHrU7JqCGlj2twvONKQLYnTs/getUpdates
WARNING 2026-07-15 12:14:19,618 connectionpool Retrying (Retry(total=0, connect=None, read=None, redirect=None)) after connection broken by 'NewConnectionError('<telegram.vendor.ptb_urllib3.urllib3.connection.VerifiedHTTPSConnection object at 0x735995545810>: Failed to establish a new connection: [Errno -2] Name or service not known')': /bot8663400657:AAEbBqdhw4ZfHrU7JqCGlj2twvONKQLYnTs/getUpdates
ERROR 2026-07-15 12:14:19,624 updater Error while getting Updates: urllib3 HTTPError HTTPSConnectionPool(host='api.telegram.org', port=443): Max retries exceeded with url: /bot8663400657:AAEbBqdhw4ZfHrU7JqCGlj2twvONKQLYnTs/getUpdates (Caused by NewConnectionError('<telegram.vendor.ptb_urllib3.urllib3.connection.VerifiedHTTPSConnection object at 0x735995544970>: Failed to establish a new connection: [Errno -2] Name or service not known'))
ERROR 2026-07-15 12:14:19,625 dispatcher No error handlers are registered, logging exception.
Traceback (most recent call last):
  File "/usr/local/lib/python3.10/site-packages/telegram/vendor/ptb_urllib3/urllib3/connection.py", line 140, in _new_conn
    conn = connection.create_connection(
  File "/usr/local/lib/python3.10/site-packages/telegram/vendor/ptb_urllib3/urllib3/util/connection.py", line 60, in create_connection
    for res in socket.getaddrinfo(host, port, family, socket.SOCK_STREAM):
  File "/usr/local/lib/python3.10/socket.py", line 967, in getaddrinfo
    for res in _socket.getaddrinfo(host, port, family, type, proto, flags):
socket.gaierror: [Errno -2] Name or service not known

During handling of the above exception, another exception occurred:

Traceback (most recent call last):
  File "/usr/local/lib/python3.10/site-packages/telegram/vendor/ptb_urllib3/urllib3/connectionpool.py", line 614, in urlopen
    httplib_response = self._make_request(conn, method, url,
  File "/usr/local/lib/python3.10/site-packages/telegram/vendor/ptb_urllib3/urllib3/connectionpool.py", line 360, in _make_request
    self._validate_conn(conn)
  File "/usr/local/lib/python3.10/site-packages/telegram/vendor/ptb_urllib3/urllib3/connectionpool.py", line 857, in _validate_conn
    super(HTTPSConnectionPool, self)._validate_conn(conn)
  File "/usr/local/lib/python3.10/site-packages/telegram/vendor/ptb_urllib3/urllib3/connectionpool.py", line 289, in _validate_conn
    conn.connect()
  File "/usr/local/lib/python3.10/site-packages/telegram/vendor/ptb_urllib3/urllib3/connection.py", line 284, in connect
    conn = self._new_conn()
  File "/usr/local/lib/python3.10/site-packages/telegram/vendor/ptb_urllib3/urllib3/connection.py", line 149, in _new_conn
    raise NewConnectionError(
telegram.vendor.ptb_urllib3.urllib3.exceptions.NewConnectionError: <telegram.vendor.ptb_urllib3.urllib3.connection.VerifiedHTTPSConnection object at 0x735995544970>: Failed to establish a new connection: [Errno -2] Name or service not known

During handling of the above exception, another exception occurred:

Traceback (most recent call last):
  File "/usr/local/lib/python3.10/site-packages/telegram/utils/request.py", line 259, in _request_wrapper
    resp = self._con_pool.request(*args, **kwargs)
  File "/usr/local/lib/python3.10/site-packages/telegram/vendor/ptb_urllib3/urllib3/request.py", line 68, in request
    return self.request_encode_body(method, url, fields=fields,
  File "/usr/local/lib/python3.10/site-packages/telegram/vendor/ptb_urllib3/urllib3/request.py", line 148, in request_encode_body
    return self.urlopen(method, url, **extra_kw)
  File "/usr/local/lib/python3.10/site-packages/telegram/vendor/ptb_urllib3/urllib3/poolmanager.py", line 244, in urlopen
    response = conn.urlopen(method, u.request_uri, **kw)
  File "/usr/local/lib/python3.10/site-packages/telegram/vendor/ptb_urllib3/urllib3/connectionpool.py", line 691, in urlopen
    return self.urlopen(method, url, body, headers, retries,
  File "/usr/local/lib/python3.10/site-packages/telegram/vendor/ptb_urllib3/urllib3/connectionpool.py", line 691, in urlopen
    return self.urlopen(method, url, body, headers, retries,
  File "/usr/local/lib/python3.10/site-packages/telegram/vendor/ptb_urllib3/urllib3/connectionpool.py", line 691, in urlopen
    return self.urlopen(method, url, body, headers, retries,
  File "/usr/local/lib/python3.10/site-packages/telegram/vendor/ptb_urllib3/urllib3/connectionpool.py", line 665, in urlopen
    retries = retries.increment(method, url, error=e, _pool=self,
  File "/usr/local/lib/python3.10/site-packages/telegram/vendor/ptb_urllib3/urllib3/util/retry.py", line 376, in increment
    raise MaxRetryError(_pool, url, error or ResponseError(cause))
telegram.vendor.ptb_urllib3.urllib3.exceptions.MaxRetryError: HTTPSConnectionPool(host='api.telegram.org', port=443): Max retries exceeded with url: /bot8663400657:AAEbBqdhw4ZfHrU7JqCGlj2twvONKQLYnTs/getUpdates (Caused by NewConnectionError('<telegram.vendor.ptb_urllib3.urllib3.connection.VerifiedHTTPSConnection object at 0x735995544970>: Failed to establish a new connection: [Errno -2] Name or service not known'))

The above exception was the direct cause of the following exception:

Traceback (most recent call last):
  File "/usr/local/lib/python3.10/site-packages/telegram/ext/updater.py", line 651, in _network_loop_retry
    if not action_cb():
  File "/usr/local/lib/python3.10/site-packages/telegram/ext/updater.py", line 602, in polling_action_cb
    updates = self.bot.get_updates(
  File "/usr/local/lib/python3.10/site-packages/telegram/ext/extbot.py", line 228, in get_updates
    updates = super().get_updates(
  File "/usr/local/lib/python3.10/site-packages/telegram/bot.py", line 134, in decorator
    result = func(*args, **kwargs)
  File "/usr/local/lib/python3.10/site-packages/telegram/bot.py", line 3140, in get_updates
    self._post(
  File "/usr/local/lib/python3.10/site-packages/telegram/bot.py", line 299, in _post
    return self.request.post(
  File "/usr/local/lib/python3.10/site-packages/telegram/utils/request.py", line 361, in post
    result = self._request_wrapper(
  File "/usr/local/lib/python3.10/site-packages/telegram/utils/request.py", line 265, in _request_wrapper
    raise NetworkError(f'urllib3 HTTPError {error}') from error
telegram.error.NetworkError: urllib3 HTTPError HTTPSConnectionPool(host='api.telegram.org', port=443): Max retries exceeded with url: /bot8663400657:AAEbBqdhw4ZfHrU7JqCGlj2twvONKQLYnTs/getUpdates (Caused by NewConnectionError('<telegram.vendor.ptb_urllib3.urllib3.connection.VerifiedHTTPSConnection object at 0x735995544970>: Failed to establish a new connection: [Errno -2] Name or service not known'))
WARNING 2026-07-15 12:14:23,021 connectionpool Retrying (Retry(total=2, connect=None, read=None, redirect=None)) after connection broken by 'NewConnectionError('<telegram.vendor.ptb_urllib3.urllib3.connection.VerifiedHTTPSConnection object at 0x73599552dc00>: Failed to establish a new connection: [Errno -2] Name or service not known')': /bot8663400657:AAEbBqdhw4ZfHrU7JqCGlj2twvONKQLYnTs/getUpdates
WARNING 2026-07-15 12:14:23,030 connectionpool Retrying (Retry(total=1, connect=None, read=None, redirect=None)) after connection broken by 'NewConnectionError('<telegram.vendor.ptb_urllib3.urllib3.connection.VerifiedHTTPSConnection object at 0x735995545090>: Failed to establish a new connection: [Errno -2] Name or service not known')': /bot8663400657:AAEbBqdhw4ZfHrU7JqCGlj2twvONKQLYnTs/getUpdates
WARNING 2026-07-15 12:14:23,037 connectionpool Retrying (Retry(total=0, connect=None, read=None, redirect=None)) after connection broken by 'NewConnectionError('<telegram.vendor.ptb_urllib3.urllib3.connection.VerifiedHTTPSConnection object at 0x735995544fd0>: Failed to establish a new connection: [Errno -2] Name or service not known')': /bot8663400657:AAEbBqdhw4ZfHrU7JqCGlj2twvONKQLYnTs/getUpdates
ERROR 2026-07-15 12:14:23,042 updater Error while getting Updates: urllib3 HTTPError HTTPSConnectionPool(host='api.telegram.org', port=443): Max retries exceeded with url: /bot8663400657:AAEbBqdhw4ZfHrU7JqCGlj2twvONKQLYnTs/getUpdates (Caused by NewConnectionError('<telegram.vendor.ptb_urllib3.urllib3.connection.VerifiedHTTPSConnection object at 0x7359955468f0>: Failed to establish a new connection: [Errno -2] Name or service not known'))
ERROR 2026-07-15 12:14:23,044 dispatcher No error handlers are registered, logging exception.
Traceback (most recent call last):
  File "/usr/local/lib/python3.10/site-packages/telegram/vendor/ptb_urllib3/urllib3/connection.py", line 140, in _new_conn
    conn = connection.create_connection(
  File "/usr/local/lib/python3.10/site-packages/telegram/vendor/ptb_urllib3/urllib3/util/connection.py", line 60, in create_connection
    for res in socket.getaddrinfo(host, port, family, socket.SOCK_STREAM):
  File "/usr/local/lib/python3.10/socket.py", line 967, in getaddrinfo
    for res in _socket.getaddrinfo(host, port, family, type, proto, flags):
socket.gaierror: [Errno -2] Name or service not known

During handling of the above exception, another exception occurred:

Traceback (most recent call last):
  File "/usr/local/lib/python3.10/site-packages/telegram/vendor/ptb_urllib3/urllib3/connectionpool.py", line 614, in urlopen
    httplib_response = self._make_request(conn, method, url,
  File "/usr/local/lib/python3.10/site-packages/telegram/vendor/ptb_urllib3/urllib3/connectionpool.py", line 360, in _make_request
    self._validate_conn(conn)
  File "/usr/local/lib/python3.10/site-packages/telegram/vendor/ptb_urllib3/urllib3/connectionpool.py", line 857, in _validate_conn
    super(HTTPSConnectionPool, self)._validate_conn(conn)
  File "/usr/local/lib/python3.10/site-packages/telegram/vendor/ptb_urllib3/urllib3/connectionpool.py", line 289, in _validate_conn
    conn.connect()
  File "/usr/local/lib/python3.10/site-packages/telegram/vendor/ptb_urllib3/urllib3/connection.py", line 284, in connect
    conn = self._new_conn()
  File "/usr/local/lib/python3.10/site-packages/telegram/vendor/ptb_urllib3/urllib3/connection.py", line 149, in _new_conn
    raise NewConnectionError(
telegram.vendor.ptb_urllib3.urllib3.exceptions.NewConnectionError: <telegram.vendor.ptb_urllib3.urllib3.connection.VerifiedHTTPSConnection object at 0x7359955468f0>: Failed to establish a new connection: [Errno -2] Name or service not known

During handling of the above exception, another exception occurred:

Traceback (most recent call last):
  File "/usr/local/lib/python3.10/site-packages/telegram/utils/request.py", line 259, in _request_wrapper
    resp = self._con_pool.request(*args, **kwargs)
  File "/usr/local/lib/python3.10/site-packages/telegram/vendor/ptb_urllib3/urllib3/request.py", line 68, in request
    return self.request_encode_body(method, url, fields=fields,
  File "/usr/local/lib/python3.10/site-packages/telegram/vendor/ptb_urllib3/urllib3/request.py", line 148, in request_encode_body
    return self.urlopen(method, url, **extra_kw)
  File "/usr/local/lib/python3.10/site-packages/telegram/vendor/ptb_urllib3/urllib3/poolmanager.py", line 244, in urlopen
    response = conn.urlopen(method, u.request_uri, **kw)
  File "/usr/local/lib/python3.10/site-packages/telegram/vendor/ptb_urllib3/urllib3/connectionpool.py", line 691, in urlopen
    return self.urlopen(method, url, body, headers, retries,
  File "/usr/local/lib/python3.10/site-packages/telegram/vendor/ptb_urllib3/urllib3/connectionpool.py", line 691, in urlopen
    return self.urlopen(method, url, body, headers, retries,
  File "/usr/local/lib/python3.10/site-packages/telegram/vendor/ptb_urllib3/urllib3/connectionpool.py", line 691, in urlopen
    return self.urlopen(method, url, body, headers, retries,
  File "/usr/local/lib/python3.10/site-packages/telegram/vendor/ptb_urllib3/urllib3/connectionpool.py", line 665, in urlopen
    retries = retries.increment(method, url, error=e, _pool=self,
  File "/usr/local/lib/python3.10/site-packages/telegram/vendor/ptb_urllib3/urllib3/util/retry.py", line 376, in increment
    raise MaxRetryError(_pool, url, error or ResponseError(cause))
telegram.vendor.ptb_urllib3.urllib3.exceptions.MaxRetryError: HTTPSConnectionPool(host='api.telegram.org', port=443): Max retries exceeded with url: /bot8663400657:AAEbBqdhw4ZfHrU7JqCGlj2twvONKQLYnTs/getUpdates (Caused by NewConnectionError('<telegram.vendor.ptb_urllib3.urllib3.connection.VerifiedHTTPSConnection object at 0x7359955468f0>: Failed to establish a new connection: [Errno -2] Name or service not known'))

The above exception was the direct cause of the following exception:

Traceback (most recent call last):
  File "/usr/local/lib/python3.10/site-packages/telegram/ext/updater.py", line 651, in _network_loop_retry
    if not action_cb():
  File "/usr/local/lib/python3.10/site-packages/telegram/ext/updater.py", line 602, in polling_action_cb
    updates = self.bot.get_updates(
  File "/usr/local/lib/python3.10/site-packages/telegram/ext/extbot.py", line 228, in get_updates
    updates = super().get_updates(
  File "/usr/local/lib/python3.10/site-packages/telegram/bot.py", line 134, in decorator
    result = func(*args, **kwargs)
  File "/usr/local/lib/python3.10/site-packages/telegram/bot.py", line 3140, in get_updates
    self._post(
  File "/usr/local/lib/python3.10/site-packages/telegram/bot.py", line 299, in _post
    return self.request.post(
  File "/usr/local/lib/python3.10/site-packages/telegram/utils/request.py", line 361, in post
    result = self._request_wrapper(
  File "/usr/local/lib/python3.10/site-packages/telegram/utils/request.py", line 265, in _request_wrapper
    raise NetworkError(f'urllib3 HTTPError {error}') from error
telegram.error.NetworkError: urllib3 HTTPError HTTPSConnectionPool(host='api.telegram.org', port=443): Max retries exceeded with url: /bot8663400657:AAEbBqdhw4ZfHrU7JqCGlj2twvONKQLYnTs/getUpdates (Caused by NewConnectionError('<telegram.vendor.ptb_urllib3.urllib3.connection.VerifiedHTTPSConnection object at 0x7359955468f0>: Failed to establish a new connection: [Errno -2] Name or service not known'))
INFO 2026-07-15 12:18:23,152 updater Received signal 15 (SIGTERM), stopping...
INFO 2026-07-15 12:18:23,177 base Scheduler has been shut down
INFO 2026-07-15 12:18:27,195 runbot1 Starting bot polling (attempt 1/5)...
INFO 2026-07-15 12:18:27,198 base Scheduler started
INFO 2026-07-15 12:18:30,097 updater Received signal 15 (SIGTERM), stopping...
INFO 2026-07-15 12:18:30,098 base Scheduler has been shut down
INFO 2026-07-15 12:18:33,530 runbot1 Starting bot polling (attempt 1/5)...
INFO 2026-07-15 12:18:33,531 base Scheduler started
ERROR 2026-07-15 15:31:53,972 updater Error while getting Updates: urllib3 HTTPError ('Connection aborted.', RemoteDisconnected('Remote end closed connection without response'))
ERROR 2026-07-15 15:31:54,349 dispatcher No error handlers are registered, logging exception.
Traceback (most recent call last):
  File "/usr/local/lib/python3.10/site-packages/telegram/vendor/ptb_urllib3/urllib3/connectionpool.py", line 614, in urlopen
    httplib_response = self._make_request(conn, method, url,
  File "/usr/local/lib/python3.10/site-packages/telegram/vendor/ptb_urllib3/urllib3/connectionpool.py", line 402, in _make_request
    six.raise_from(e, None)
  File "<string>", line 2, in raise_from
  File "/usr/local/lib/python3.10/site-packages/telegram/vendor/ptb_urllib3/urllib3/connectionpool.py", line 398, in _make_request
    httplib_response = conn.getresponse()
  File "/usr/local/lib/python3.10/http/client.py", line 1395, in getresponse
    response.begin()
  File "/usr/local/lib/python3.10/http/client.py", line 323, in begin
    version, status, reason = self._read_status()
  File "/usr/local/lib/python3.10/http/client.py", line 292, in _read_status
    raise RemoteDisconnected("Remote end closed connection without"
http.client.RemoteDisconnected: Remote end closed connection without response

During handling of the above exception, another exception occurred:

Traceback (most recent call last):
  File "/usr/local/lib/python3.10/site-packages/telegram/utils/request.py", line 259, in _request_wrapper
    resp = self._con_pool.request(*args, **kwargs)
  File "/usr/local/lib/python3.10/site-packages/telegram/vendor/ptb_urllib3/urllib3/request.py", line 68, in request
    return self.request_encode_body(method, url, fields=fields,
  File "/usr/local/lib/python3.10/site-packages/telegram/vendor/ptb_urllib3/urllib3/request.py", line 148, in request_encode_body
    return self.urlopen(method, url, **extra_kw)
  File "/usr/local/lib/python3.10/site-packages/telegram/vendor/ptb_urllib3/urllib3/poolmanager.py", line 244, in urlopen
    response = conn.urlopen(method, u.request_uri, **kw)
  File "/usr/local/lib/python3.10/site-packages/telegram/vendor/ptb_urllib3/urllib3/connectionpool.py", line 665, in urlopen
    retries = retries.increment(method, url, error=e, _pool=self,
  File "/usr/local/lib/python3.10/site-packages/telegram/vendor/ptb_urllib3/urllib3/util/retry.py", line 347, in increment
    raise six.reraise(type(error), error, _stacktrace)
  File "/usr/local/lib/python3.10/site-packages/telegram/vendor/ptb_urllib3/urllib3/packages/six.py", line 685, in reraise
    raise value.with_traceback(tb)
  File "/usr/local/lib/python3.10/site-packages/telegram/vendor/ptb_urllib3/urllib3/connectionpool.py", line 614, in urlopen
    httplib_response = self._make_request(conn, method, url,
  File "/usr/local/lib/python3.10/site-packages/telegram/vendor/ptb_urllib3/urllib3/connectionpool.py", line 402, in _make_request
    six.raise_from(e, None)
  File "<string>", line 2, in raise_from
  File "/usr/local/lib/python3.10/site-packages/telegram/vendor/ptb_urllib3/urllib3/connectionpool.py", line 398, in _make_request
    httplib_response = conn.getresponse()
  File "/usr/local/lib/python3.10/http/client.py", line 1395, in getresponse
    response.begin()
  File "/usr/local/lib/python3.10/http/client.py", line 323, in begin
    version, status, reason = self._read_status()
  File "/usr/local/lib/python3.10/http/client.py", line 292, in _read_status
    raise RemoteDisconnected("Remote end closed connection without"
telegram.vendor.ptb_urllib3.urllib3.exceptions.ProtocolError: ('Connection aborted.', RemoteDisconnected('Remote end closed connection without response'))

The above exception was the direct cause of the following exception:

Traceback (most recent call last):
  File "/usr/local/lib/python3.10/site-packages/telegram/ext/updater.py", line 651, in _network_loop_retry
    if not action_cb():
  File "/usr/local/lib/python3.10/site-packages/telegram/ext/updater.py", line 602, in polling_action_cb
    updates = self.bot.get_updates(
  File "/usr/local/lib/python3.10/site-packages/telegram/ext/extbot.py", line 228, in get_updates
    updates = super().get_updates(
  File "/usr/local/lib/python3.10/site-packages/telegram/bot.py", line 134, in decorator
    result = func(*args, **kwargs)
  File "/usr/local/lib/python3.10/site-packages/telegram/bot.py", line 3140, in get_updates
    self._post(
  File "/usr/local/lib/python3.10/site-packages/telegram/bot.py", line 299, in _post
    return self.request.post(
  File "/usr/local/lib/python3.10/site-packages/telegram/utils/request.py", line 361, in post
    result = self._request_wrapper(
  File "/usr/local/lib/python3.10/site-packages/telegram/utils/request.py", line 265, in _request_wrapper
    raise NetworkError(f'urllib3 HTTPError {error}') from error
telegram.error.NetworkError: urllib3 HTTPError ('Connection aborted.', RemoteDisconnected('Remote end closed connection without response'))
ERROR 2026-07-15 16:12:04,724 updater Error while getting Updates: urllib3 HTTPError ('Connection aborted.', RemoteDisconnected('Remote end closed connection without response'))
ERROR 2026-07-15 16:12:04,876 dispatcher No error handlers are registered, logging exception.
Traceback (most recent call last):
  File "/usr/local/lib/python3.10/site-packages/telegram/vendor/ptb_urllib3/urllib3/connectionpool.py", line 614, in urlopen
    httplib_response = self._make_request(conn, method, url,
  File "/usr/local/lib/python3.10/site-packages/telegram/vendor/ptb_urllib3/urllib3/connectionpool.py", line 402, in _make_request
    six.raise_from(e, None)
  File "<string>", line 2, in raise_from
  File "/usr/local/lib/python3.10/site-packages/telegram/vendor/ptb_urllib3/urllib3/connectionpool.py", line 398, in _make_request
    httplib_response = conn.getresponse()
  File "/usr/local/lib/python3.10/http/client.py", line 1395, in getresponse
    response.begin()
  File "/usr/local/lib/python3.10/http/client.py", line 323, in begin
    version, status, reason = self._read_status()
  File "/usr/local/lib/python3.10/http/client.py", line 292, in _read_status
    raise RemoteDisconnected("Remote end closed connection without"
http.client.RemoteDisconnected: Remote end closed connection without response

During handling of the above exception, another exception occurred:

Traceback (most recent call last):
  File "/usr/local/lib/python3.10/site-packages/telegram/utils/request.py", line 259, in _request_wrapper
    resp = self._con_pool.request(*args, **kwargs)
  File "/usr/local/lib/python3.10/site-packages/telegram/vendor/ptb_urllib3/urllib3/request.py", line 68, in request
    return self.request_encode_body(method, url, fields=fields,
  File "/usr/local/lib/python3.10/site-packages/telegram/vendor/ptb_urllib3/urllib3/request.py", line 148, in request_encode_body
    return self.urlopen(method, url, **extra_kw)
  File "/usr/local/lib/python3.10/site-packages/telegram/vendor/ptb_urllib3/urllib3/poolmanager.py", line 244, in urlopen
    response = conn.urlopen(method, u.request_uri, **kw)
  File "/usr/local/lib/python3.10/site-packages/telegram/vendor/ptb_urllib3/urllib3/connectionpool.py", line 665, in urlopen
    retries = retries.increment(method, url, error=e, _pool=self,
  File "/usr/local/lib/python3.10/site-packages/telegram/vendor/ptb_urllib3/urllib3/util/retry.py", line 347, in increment
    raise six.reraise(type(error), error, _stacktrace)
  File "/usr/local/lib/python3.10/site-packages/telegram/vendor/ptb_urllib3/urllib3/packages/six.py", line 685, in reraise
    raise value.with_traceback(tb)
  File "/usr/local/lib/python3.10/site-packages/telegram/vendor/ptb_urllib3/urllib3/connectionpool.py", line 614, in urlopen
    httplib_response = self._make_request(conn, method, url,
  File "/usr/local/lib/python3.10/site-packages/telegram/vendor/ptb_urllib3/urllib3/connectionpool.py", line 402, in _make_request
    six.raise_from(e, None)
  File "<string>", line 2, in raise_from
  File "/usr/local/lib/python3.10/site-packages/telegram/vendor/ptb_urllib3/urllib3/connectionpool.py", line 398, in _make_request
    httplib_response = conn.getresponse()
  File "/usr/local/lib/python3.10/http/client.py", line 1395, in getresponse
    response.begin()
  File "/usr/local/lib/python3.10/http/client.py", line 323, in begin
    version, status, reason = self._read_status()
  File "/usr/local/lib/python3.10/http/client.py", line 292, in _read_status
    raise RemoteDisconnected("Remote end closed connection without"
telegram.vendor.ptb_urllib3.urllib3.exceptions.ProtocolError: ('Connection aborted.', RemoteDisconnected('Remote end closed connection without response'))

The above exception was the direct cause of the following exception:

Traceback (most recent call last):
  File "/usr/local/lib/python3.10/site-packages/telegram/ext/updater.py", line 651, in _network_loop_retry
    if not action_cb():
  File "/usr/local/lib/python3.10/site-packages/telegram/ext/updater.py", line 602, in polling_action_cb
    updates = self.bot.get_updates(
  File "/usr/local/lib/python3.10/site-packages/telegram/ext/extbot.py", line 228, in get_updates
    updates = super().get_updates(
  File "/usr/local/lib/python3.10/site-packages/telegram/bot.py", line 134, in decorator
    result = func(*args, **kwargs)
  File "/usr/local/lib/python3.10/site-packages/telegram/bot.py", line 3140, in get_updates
    self._post(
  File "/usr/local/lib/python3.10/site-packages/telegram/bot.py", line 299, in _post
    return self.request.post(
  File "/usr/local/lib/python3.10/site-packages/telegram/utils/request.py", line 361, in post
    result = self._request_wrapper(
  File "/usr/local/lib/python3.10/site-packages/telegram/utils/request.py", line 265, in _request_wrapper
    raise NetworkError(f'urllib3 HTTPError {error}') from error
telegram.error.NetworkError: urllib3 HTTPError ('Connection aborted.', RemoteDisconnected('Remote end closed connection without response'))
WARNING 2026-07-15 16:12:05,992 connectionpool Retrying (Retry(total=2, connect=None, read=None, redirect=None)) after connection broken by 'NewConnectionError('<telegram.vendor.ptb_urllib3.urllib3.connection.VerifiedHTTPSConnection object at 0x7263a7105cf0>: Failed to establish a new connection: [Errno -2] Name or service not known')': /bot8663400657:AAEbBqdhw4ZfHrU7JqCGlj2twvONKQLYnTs/getUpdates
WARNING 2026-07-15 16:12:06,025 connectionpool Retrying (Retry(total=1, connect=None, read=None, redirect=None)) after connection broken by 'NewConnectionError('<telegram.vendor.ptb_urllib3.urllib3.connection.VerifiedHTTPSConnection object at 0x7263a7105d20>: Failed to establish a new connection: [Errno -2] Name or service not known')': /bot8663400657:AAEbBqdhw4ZfHrU7JqCGlj2twvONKQLYnTs/getUpdates
WARNING 2026-07-15 16:12:06,049 connectionpool Retrying (Retry(total=0, connect=None, read=None, redirect=None)) after connection broken by 'NewConnectionError('<telegram.vendor.ptb_urllib3.urllib3.connection.VerifiedHTTPSConnection object at 0x7263a7106740>: Failed to establish a new connection: [Errno -2] Name or service not known')': /bot8663400657:AAEbBqdhw4ZfHrU7JqCGlj2twvONKQLYnTs/getUpdates
ERROR 2026-07-15 16:12:06,368 updater Error while getting Updates: urllib3 HTTPError HTTPSConnectionPool(host='api.telegram.org', port=443): Max retries exceeded with url: /bot8663400657:AAEbBqdhw4ZfHrU7JqCGlj2twvONKQLYnTs/getUpdates (Caused by NewConnectionError('<telegram.vendor.ptb_urllib3.urllib3.connection.VerifiedHTTPSConnection object at 0x7263a71065f0>: Failed to establish a new connection: [Errno -2] Name or service not known'))
ERROR 2026-07-15 16:12:06,372 dispatcher No error handlers are registered, logging exception.
Traceback (most recent call last):
  File "/usr/local/lib/python3.10/site-packages/telegram/vendor/ptb_urllib3/urllib3/connection.py", line 140, in _new_conn
    conn = connection.create_connection(
  File "/usr/local/lib/python3.10/site-packages/telegram/vendor/ptb_urllib3/urllib3/util/connection.py", line 60, in create_connection
    for res in socket.getaddrinfo(host, port, family, socket.SOCK_STREAM):
  File "/usr/local/lib/python3.10/socket.py", line 967, in getaddrinfo
    for res in _socket.getaddrinfo(host, port, family, type, proto, flags):
socket.gaierror: [Errno -2] Name or service not known

During handling of the above exception, another exception occurred:

Traceback (most recent call last):
  File "/usr/local/lib/python3.10/site-packages/telegram/vendor/ptb_urllib3/urllib3/connectionpool.py", line 614, in urlopen
    httplib_response = self._make_request(conn, method, url,
  File "/usr/local/lib/python3.10/site-packages/telegram/vendor/ptb_urllib3/urllib3/connectionpool.py", line 360, in _make_request
    self._validate_conn(conn)
  File "/usr/local/lib/python3.10/site-packages/telegram/vendor/ptb_urllib3/urllib3/connectionpool.py", line 857, in _validate_conn
    super(HTTPSConnectionPool, self)._validate_conn(conn)
  File "/usr/local/lib/python3.10/site-packages/telegram/vendor/ptb_urllib3/urllib3/connectionpool.py", line 289, in _validate_conn
    conn.connect()
  File "/usr/local/lib/python3.10/site-packages/telegram/vendor/ptb_urllib3/urllib3/connection.py", line 284, in connect
    conn = self._new_conn()
  File "/usr/local/lib/python3.10/site-packages/telegram/vendor/ptb_urllib3/urllib3/connection.py", line 149, in _new_conn
    raise NewConnectionError(
telegram.vendor.ptb_urllib3.urllib3.exceptions.NewConnectionError: <telegram.vendor.ptb_urllib3.urllib3.connection.VerifiedHTTPSConnection object at 0x7263a71065f0>: Failed to establish a new connection: [Errno -2] Name or service not known

During handling of the above exception, another exception occurred:

Traceback (most recent call last):
  File "/usr/local/lib/python3.10/site-packages/telegram/utils/request.py", line 259, in _request_wrapper
    resp = self._con_pool.request(*args, **kwargs)
  File "/usr/local/lib/python3.10/site-packages/telegram/vendor/ptb_urllib3/urllib3/request.py", line 68, in request
    return self.request_encode_body(method, url, fields=fields,
  File "/usr/local/lib/python3.10/site-packages/telegram/vendor/ptb_urllib3/urllib3/request.py", line 148, in request_encode_body
    return self.urlopen(method, url, **extra_kw)
  File "/usr/local/lib/python3.10/site-packages/telegram/vendor/ptb_urllib3/urllib3/poolmanager.py", line 244, in urlopen
    response = conn.urlopen(method, u.request_uri, **kw)
  File "/usr/local/lib/python3.10/site-packages/telegram/vendor/ptb_urllib3/urllib3/connectionpool.py", line 691, in urlopen
    return self.urlopen(method, url, body, headers, retries,
  File "/usr/local/lib/python3.10/site-packages/telegram/vendor/ptb_urllib3/urllib3/connectionpool.py", line 691, in urlopen
    return self.urlopen(method, url, body, headers, retries,
  File "/usr/local/lib/python3.10/site-packages/telegram/vendor/ptb_urllib3/urllib3/connectionpool.py", line 691, in urlopen
    return self.urlopen(method, url, body, headers, retries,
  File "/usr/local/lib/python3.10/site-packages/telegram/vendor/ptb_urllib3/urllib3/connectionpool.py", line 665, in urlopen
    retries = retries.increment(method, url, error=e, _pool=self,
  File "/usr/local/lib/python3.10/site-packages/telegram/vendor/ptb_urllib3/urllib3/util/retry.py", line 376, in increment
    raise MaxRetryError(_pool, url, error or ResponseError(cause))
telegram.vendor.ptb_urllib3.urllib3.exceptions.MaxRetryError: HTTPSConnectionPool(host='api.telegram.org', port=443): Max retries exceeded with url: /bot8663400657:AAEbBqdhw4ZfHrU7JqCGlj2twvONKQLYnTs/getUpdates (Caused by NewConnectionError('<telegram.vendor.ptb_urllib3.urllib3.connection.VerifiedHTTPSConnection object at 0x7263a71065f0>: Failed to establish a new connection: [Errno -2] Name or service not known'))

The above exception was the direct cause of the following exception:

Traceback (most recent call last):
  File "/usr/local/lib/python3.10/site-packages/telegram/ext/updater.py", line 651, in _network_loop_retry
    if not action_cb():
  File "/usr/local/lib/python3.10/site-packages/telegram/ext/updater.py", line 602, in polling_action_cb
    updates = self.bot.get_updates(
  File "/usr/local/lib/python3.10/site-packages/telegram/ext/extbot.py", line 228, in get_updates
    updates = super().get_updates(
  File "/usr/local/lib/python3.10/site-packages/telegram/bot.py", line 134, in decorator
    result = func(*args, **kwargs)
  File "/usr/local/lib/python3.10/site-packages/telegram/bot.py", line 3140, in get_updates
    self._post(
  File "/usr/local/lib/python3.10/site-packages/telegram/bot.py", line 299, in _post
    return self.request.post(
  File "/usr/local/lib/python3.10/site-packages/telegram/utils/request.py", line 361, in post
    result = self._request_wrapper(
  File "/usr/local/lib/python3.10/site-packages/telegram/utils/request.py", line 265, in _request_wrapper
    raise NetworkError(f'urllib3 HTTPError {error}') from error
telegram.error.NetworkError: urllib3 HTTPError HTTPSConnectionPool(host='api.telegram.org', port=443): Max retries exceeded with url: /bot8663400657:AAEbBqdhw4ZfHrU7JqCGlj2twvONKQLYnTs/getUpdates (Caused by NewConnectionError('<telegram.vendor.ptb_urllib3.urllib3.connection.VerifiedHTTPSConnection object at 0x7263a71065f0>: Failed to establish a new connection: [Errno -2] Name or service not known'))
WARNING 2026-07-15 16:12:07,885 connectionpool Retrying (Retry(total=2, connect=None, read=None, redirect=None)) after connection broken by 'NewConnectionError('<telegram.vendor.ptb_urllib3.urllib3.connection.VerifiedHTTPSConnection object at 0x7263a7106440>: Failed to establish a new connection: [Errno -2] Name or service not known')': /bot8663400657:AAEbBqdhw4ZfHrU7JqCGlj2twvONKQLYnTs/getUpdates
WARNING 2026-07-15 16:12:07,900 connectionpool Retrying (Retry(total=1, connect=None, read=None, redirect=None)) after connection broken by 'NewConnectionError('<telegram.vendor.ptb_urllib3.urllib3.connection.VerifiedHTTPSConnection object at 0x7263a7107490>: Failed to establish a new connection: [Errno -2] Name or service not known')': /bot8663400657:AAEbBqdhw4ZfHrU7JqCGlj2twvONKQLYnTs/getUpdates
WARNING 2026-07-15 16:12:07,914 connectionpool Retrying (Retry(total=0, connect=None, read=None, redirect=None)) after connection broken by 'NewConnectionError('<telegram.vendor.ptb_urllib3.urllib3.connection.VerifiedHTTPSConnection object at 0x7263a7104970>: Failed to establish a new connection: [Errno -2] Name or service not known')': /bot8663400657:AAEbBqdhw4ZfHrU7JqCGlj2twvONKQLYnTs/getUpdates
ERROR 2026-07-15 16:12:07,928 updater Error while getting Updates: urllib3 HTTPError HTTPSConnectionPool(host='api.telegram.org', port=443): Max retries exceeded with url: /bot8663400657:AAEbBqdhw4ZfHrU7JqCGlj2twvONKQLYnTs/getUpdates (Caused by NewConnectionError('<telegram.vendor.ptb_urllib3.urllib3.connection.VerifiedHTTPSConnection object at 0x7263a7104850>: Failed to establish a new connection: [Errno -2] Name or service not known'))
ERROR 2026-07-15 16:12:07,933 dispatcher No error handlers are registered, logging exception.
Traceback (most recent call last):
  File "/usr/local/lib/python3.10/site-packages/telegram/vendor/ptb_urllib3/urllib3/connection.py", line 140, in _new_conn
    conn = connection.create_connection(
  File "/usr/local/lib/python3.10/site-packages/telegram/vendor/ptb_urllib3/urllib3/util/connection.py", line 60, in create_connection
    for res in socket.getaddrinfo(host, port, family, socket.SOCK_STREAM):
  File "/usr/local/lib/python3.10/socket.py", line 967, in getaddrinfo
    for res in _socket.getaddrinfo(host, port, family, type, proto, flags):
socket.gaierror: [Errno -2] Name or service not known

During handling of the above exception, another exception occurred:

Traceback (most recent call last):
  File "/usr/local/lib/python3.10/site-packages/telegram/vendor/ptb_urllib3/urllib3/connectionpool.py", line 614, in urlopen
    httplib_response = self._make_request(conn, method, url,
  File "/usr/local/lib/python3.10/site-packages/telegram/vendor/ptb_urllib3/urllib3/connectionpool.py", line 360, in _make_request
    self._validate_conn(conn)
  File "/usr/local/lib/python3.10/site-packages/telegram/vendor/ptb_urllib3/urllib3/connectionpool.py", line 857, in _validate_conn
    super(HTTPSConnectionPool, self)._validate_conn(conn)
  File "/usr/local/lib/python3.10/site-packages/telegram/vendor/ptb_urllib3/urllib3/connectionpool.py", line 289, in _validate_conn
    conn.connect()
  File "/usr/local/lib/python3.10/site-packages/telegram/vendor/ptb_urllib3/urllib3/connection.py", line 284, in connect
    conn = self._new_conn()
  File "/usr/local/lib/python3.10/site-packages/telegram/vendor/ptb_urllib3/urllib3/connection.py", line 149, in _new_conn
    raise NewConnectionError(
telegram.vendor.ptb_urllib3.urllib3.exceptions.NewConnectionError: <telegram.vendor.ptb_urllib3.urllib3.connection.VerifiedHTTPSConnection object at 0x7263a7104850>: Failed to establish a new connection: [Errno -2] Name or service not known

During handling of the above exception, another exception occurred:

Traceback (most recent call last):
  File "/usr/local/lib/python3.10/site-packages/telegram/utils/request.py", line 259, in _request_wrapper
    resp = self._con_pool.request(*args, **kwargs)
  File "/usr/local/lib/python3.10/site-packages/telegram/vendor/ptb_urllib3/urllib3/request.py", line 68, in request
    return self.request_encode_body(method, url, fields=fields,
  File "/usr/local/lib/python3.10/site-packages/telegram/vendor/ptb_urllib3/urllib3/request.py", line 148, in request_encode_body
    return self.urlopen(method, url, **extra_kw)
  File "/usr/local/lib/python3.10/site-packages/telegram/vendor/ptb_urllib3/urllib3/poolmanager.py", line 244, in urlopen
    response = conn.urlopen(method, u.request_uri, **kw)
  File "/usr/local/lib/python3.10/site-packages/telegram/vendor/ptb_urllib3/urllib3/connectionpool.py", line 691, in urlopen
    return self.urlopen(method, url, body, headers, retries,
  File "/usr/local/lib/python3.10/site-packages/telegram/vendor/ptb_urllib3/urllib3/connectionpool.py", line 691, in urlopen
    return self.urlopen(method, url, body, headers, retries,
  File "/usr/local/lib/python3.10/site-packages/telegram/vendor/ptb_urllib3/urllib3/connectionpool.py", line 691, in urlopen
    return self.urlopen(method, url, body, headers, retries,
  File "/usr/local/lib/python3.10/site-packages/telegram/vendor/ptb_urllib3/urllib3/connectionpool.py", line 665, in urlopen
    retries = retries.increment(method, url, error=e, _pool=self,
  File "/usr/local/lib/python3.10/site-packages/telegram/vendor/ptb_urllib3/urllib3/util/retry.py", line 376, in increment
    raise MaxRetryError(_pool, url, error or ResponseError(cause))
telegram.vendor.ptb_urllib3.urllib3.exceptions.MaxRetryError: HTTPSConnectionPool(host='api.telegram.org', port=443): Max retries exceeded with url: /bot8663400657:AAEbBqdhw4ZfHrU7JqCGlj2twvONKQLYnTs/getUpdates (Caused by NewConnectionError('<telegram.vendor.ptb_urllib3.urllib3.connection.VerifiedHTTPSConnection object at 0x7263a7104850>: Failed to establish a new connection: [Errno -2] Name or service not known'))

The above exception was the direct cause of the following exception:

Traceback (most recent call last):
  File "/usr/local/lib/python3.10/site-packages/telegram/ext/updater.py", line 651, in _network_loop_retry
    if not action_cb():
  File "/usr/local/lib/python3.10/site-packages/telegram/ext/updater.py", line 602, in polling_action_cb
    updates = self.bot.get_updates(
  File "/usr/local/lib/python3.10/site-packages/telegram/ext/extbot.py", line 228, in get_updates
    updates = super().get_updates(
  File "/usr/local/lib/python3.10/site-packages/telegram/bot.py", line 134, in decorator
    result = func(*args, **kwargs)
  File "/usr/local/lib/python3.10/site-packages/telegram/bot.py", line 3140, in get_updates
    self._post(
  File "/usr/local/lib/python3.10/site-packages/telegram/bot.py", line 299, in _post
    return self.request.post(
  File "/usr/local/lib/python3.10/site-packages/telegram/utils/request.py", line 361, in post
    result = self._request_wrapper(
  File "/usr/local/lib/python3.10/site-packages/telegram/utils/request.py", line 265, in _request_wrapper
    raise NetworkError(f'urllib3 HTTPError {error}') from error
telegram.error.NetworkError: urllib3 HTTPError HTTPSConnectionPool(host='api.telegram.org', port=443): Max retries exceeded with url: /bot8663400657:AAEbBqdhw4ZfHrU7JqCGlj2twvONKQLYnTs/getUpdates (Caused by NewConnectionError('<telegram.vendor.ptb_urllib3.urllib3.connection.VerifiedHTTPSConnection object at 0x7263a7104850>: Failed to establish a new connection: [Errno -2] Name or service not known'))
WARNING 2026-07-15 22:42:09,620 connectionpool Retrying (Retry(total=2, connect=None, read=None, redirect=None)) after connection broken by 'NewConnectionError('<telegram.vendor.ptb_urllib3.urllib3.connection.VerifiedHTTPSConnection object at 0x7263a711e950>: Failed to establish a new connection: [Errno -3] Temporary failure in name resolution')': /bot8663400657:AAEbBqdhw4ZfHrU7JqCGlj2twvONKQLYnTs/getUpdates
WARNING 2026-07-15 22:42:09,638 connectionpool Retrying (Retry(total=1, connect=None, read=None, redirect=None)) after connection broken by 'NewConnectionError('<telegram.vendor.ptb_urllib3.urllib3.connection.VerifiedHTTPSConnection object at 0x7263a711ea10>: Failed to establish a new connection: [Errno -3] Temporary failure in name resolution')': /bot8663400657:AAEbBqdhw4ZfHrU7JqCGlj2twvONKQLYnTs/getUpdates
WARNING 2026-07-15 22:42:09,640 connectionpool Retrying (Retry(total=0, connect=None, read=None, redirect=None)) after connection broken by 'NewConnectionError('<telegram.vendor.ptb_urllib3.urllib3.connection.VerifiedHTTPSConnection object at 0x7263a711eb60>: Failed to establish a new connection: [Errno -3] Temporary failure in name resolution')': /bot8663400657:AAEbBqdhw4ZfHrU7JqCGlj2twvONKQLYnTs/getUpdates
ERROR 2026-07-15 22:42:09,644 updater Error while getting Updates: urllib3 HTTPError HTTPSConnectionPool(host='api.telegram.org', port=443): Max retries exceeded with url: /bot8663400657:AAEbBqdhw4ZfHrU7JqCGlj2twvONKQLYnTs/getUpdates (Caused by NewConnectionError('<telegram.vendor.ptb_urllib3.urllib3.connection.VerifiedHTTPSConnection object at 0x7263a711ecb0>: Failed to establish a new connection: [Errno -3] Temporary failure in name resolution'))
ERROR 2026-07-15 22:42:09,647 dispatcher No error handlers are registered, logging exception.
Traceback (most recent call last):
  File "/usr/local/lib/python3.10/site-packages/telegram/vendor/ptb_urllib3/urllib3/connection.py", line 140, in _new_conn
    conn = connection.create_connection(
  File "/usr/local/lib/python3.10/site-packages/telegram/vendor/ptb_urllib3/urllib3/util/connection.py", line 60, in create_connection
    for res in socket.getaddrinfo(host, port, family, socket.SOCK_STREAM):
  File "/usr/local/lib/python3.10/socket.py", line 967, in getaddrinfo
    for res in _socket.getaddrinfo(host, port, family, type, proto, flags):
socket.gaierror: [Errno -3] Temporary failure in name resolution

During handling of the above exception, another exception occurred:

Traceback (most recent call last):
  File "/usr/local/lib/python3.10/site-packages/telegram/vendor/ptb_urllib3/urllib3/connectionpool.py", line 614, in urlopen
    httplib_response = self._make_request(conn, method, url,
  File "/usr/local/lib/python3.10/site-packages/telegram/vendor/ptb_urllib3/urllib3/connectionpool.py", line 360, in _make_request
    self._validate_conn(conn)
  File "/usr/local/lib/python3.10/site-packages/telegram/vendor/ptb_urllib3/urllib3/connectionpool.py", line 857, in _validate_conn
    super(HTTPSConnectionPool, self)._validate_conn(conn)
  File "/usr/local/lib/python3.10/site-packages/telegram/vendor/ptb_urllib3/urllib3/connectionpool.py", line 289, in _validate_conn
    conn.connect()
  File "/usr/local/lib/python3.10/site-packages/telegram/vendor/ptb_urllib3/urllib3/connection.py", line 284, in connect
    conn = self._new_conn()
  File "/usr/local/lib/python3.10/site-packages/telegram/vendor/ptb_urllib3/urllib3/connection.py", line 149, in _new_conn
    raise NewConnectionError(
telegram.vendor.ptb_urllib3.urllib3.exceptions.NewConnectionError: <telegram.vendor.ptb_urllib3.urllib3.connection.VerifiedHTTPSConnection object at 0x7263a711ecb0>: Failed to establish a new connection: [Errno -3] Temporary failure in name resolution

During handling of the above exception, another exception occurred:

Traceback (most recent call last):
  File "/usr/local/lib/python3.10/site-packages/telegram/utils/request.py", line 259, in _request_wrapper
    resp = self._con_pool.request(*args, **kwargs)
  File "/usr/local/lib/python3.10/site-packages/telegram/vendor/ptb_urllib3/urllib3/request.py", line 68, in request
    return self.request_encode_body(method, url, fields=fields,
  File "/usr/local/lib/python3.10/site-packages/telegram/vendor/ptb_urllib3/urllib3/request.py", line 148, in request_encode_body
    return self.urlopen(method, url, **extra_kw)
  File "/usr/local/lib/python3.10/site-packages/telegram/vendor/ptb_urllib3/urllib3/poolmanager.py", line 244, in urlopen
    response = conn.urlopen(method, u.request_uri, **kw)
  File "/usr/local/lib/python3.10/site-packages/telegram/vendor/ptb_urllib3/urllib3/connectionpool.py", line 691, in urlopen
    return self.urlopen(method, url, body, headers, retries,
  File "/usr/local/lib/python3.10/site-packages/telegram/vendor/ptb_urllib3/urllib3/connectionpool.py", line 691, in urlopen
    return self.urlopen(method, url, body, headers, retries,
  File "/usr/local/lib/python3.10/site-packages/telegram/vendor/ptb_urllib3/urllib3/connectionpool.py", line 691, in urlopen
    return self.urlopen(method, url, body, headers, retries,
  File "/usr/local/lib/python3.10/site-packages/telegram/vendor/ptb_urllib3/urllib3/connectionpool.py", line 665, in urlopen
    retries = retries.increment(method, url, error=e, _pool=self,
  File "/usr/local/lib/python3.10/site-packages/telegram/vendor/ptb_urllib3/urllib3/util/retry.py", line 376, in increment
    raise MaxRetryError(_pool, url, error or ResponseError(cause))
telegram.vendor.ptb_urllib3.urllib3.exceptions.MaxRetryError: HTTPSConnectionPool(host='api.telegram.org', port=443): Max retries exceeded with url: /bot8663400657:AAEbBqdhw4ZfHrU7JqCGlj2twvONKQLYnTs/getUpdates (Caused by NewConnectionError('<telegram.vendor.ptb_urllib3.urllib3.connection.VerifiedHTTPSConnection object at 0x7263a711ecb0>: Failed to establish a new connection: [Errno -3] Temporary failure in name resolution'))

The above exception was the direct cause of the following exception:

Traceback (most recent call last):
  File "/usr/local/lib/python3.10/site-packages/telegram/ext/updater.py", line 651, in _network_loop_retry
    if not action_cb():
  File "/usr/local/lib/python3.10/site-packages/telegram/ext/updater.py", line 602, in polling_action_cb
    updates = self.bot.get_updates(
  File "/usr/local/lib/python3.10/site-packages/telegram/ext/extbot.py", line 228, in get_updates
    updates = super().get_updates(
  File "/usr/local/lib/python3.10/site-packages/telegram/bot.py", line 134, in decorator
    result = func(*args, **kwargs)
  File "/usr/local/lib/python3.10/site-packages/telegram/bot.py", line 3140, in get_updates
    self._post(
  File "/usr/local/lib/python3.10/site-packages/telegram/bot.py", line 299, in _post
    return self.request.post(
  File "/usr/local/lib/python3.10/site-packages/telegram/utils/request.py", line 361, in post
    result = self._request_wrapper(
  File "/usr/local/lib/python3.10/site-packages/telegram/utils/request.py", line 265, in _request_wrapper
    raise NetworkError(f'urllib3 HTTPError {error}') from error
telegram.error.NetworkError: urllib3 HTTPError HTTPSConnectionPool(host='api.telegram.org', port=443): Max retries exceeded with url: /bot8663400657:AAEbBqdhw4ZfHrU7JqCGlj2twvONKQLYnTs/getUpdates (Caused by NewConnectionError('<telegram.vendor.ptb_urllib3.urllib3.connection.VerifiedHTTPSConnection object at 0x7263a711ecb0>: Failed to establish a new connection: [Errno -3] Temporary failure in name resolution'))
WARNING 2026-07-15 22:42:10,648 connectionpool Retrying (Retry(total=2, connect=None, read=None, redirect=None)) after connection broken by 'NewConnectionError('<telegram.vendor.ptb_urllib3.urllib3.connection.VerifiedHTTPSConnection object at 0x7263a71069b0>: Failed to establish a new connection: [Errno -3] Temporary failure in name resolution')': /bot8663400657:AAEbBqdhw4ZfHrU7JqCGlj2twvONKQLYnTs/getUpdates
WARNING 2026-07-15 22:42:11,020 connectionpool Retrying (Retry(total=1, connect=None, read=None, redirect=None)) after connection broken by 'NewConnectionError('<telegram.vendor.ptb_urllib3.urllib3.connection.VerifiedHTTPSConnection object at 0x7263a711f130>: Failed to establish a new connection: [Errno -3] Temporary failure in name resolution')': /bot8663400657:AAEbBqdhw4ZfHrU7JqCGlj2twvONKQLYnTs/getUpdates
WARNING 2026-07-15 22:42:11,021 connectionpool Retrying (Retry(total=0, connect=None, read=None, redirect=None)) after connection broken by 'NewConnectionError('<telegram.vendor.ptb_urllib3.urllib3.connection.VerifiedHTTPSConnection object at 0x7263a711d090>: Failed to establish a new connection: [Errno -3] Temporary failure in name resolution')': /bot8663400657:AAEbBqdhw4ZfHrU7JqCGlj2twvONKQLYnTs/getUpdates
ERROR 2026-07-15 22:42:11,022 updater Error while getting Updates: urllib3 HTTPError HTTPSConnectionPool(host='api.telegram.org', port=443): Max retries exceeded with url: /bot8663400657:AAEbBqdhw4ZfHrU7JqCGlj2twvONKQLYnTs/getUpdates (Caused by NewConnectionError('<telegram.vendor.ptb_urllib3.urllib3.connection.VerifiedHTTPSConnection object at 0x7263a711cf10>: Failed to establish a new connection: [Errno -3] Temporary failure in name resolution'))
ERROR 2026-07-15 22:42:11,023 dispatcher No error handlers are registered, logging exception.
Traceback (most recent call last):
  File "/usr/local/lib/python3.10/site-packages/telegram/vendor/ptb_urllib3/urllib3/connection.py", line 140, in _new_conn
    conn = connection.create_connection(
  File "/usr/local/lib/python3.10/site-packages/telegram/vendor/ptb_urllib3/urllib3/util/connection.py", line 60, in create_connection
    for res in socket.getaddrinfo(host, port, family, socket.SOCK_STREAM):
  File "/usr/local/lib/python3.10/socket.py", line 967, in getaddrinfo
    for res in _socket.getaddrinfo(host, port, family, type, proto, flags):
socket.gaierror: [Errno -3] Temporary failure in name resolution

During handling of the above exception, another exception occurred:

Traceback (most recent call last):
  File "/usr/local/lib/python3.10/site-packages/telegram/vendor/ptb_urllib3/urllib3/connectionpool.py", line 614, in urlopen
    httplib_response = self._make_request(conn, method, url,
  File "/usr/local/lib/python3.10/site-packages/telegram/vendor/ptb_urllib3/urllib3/connectionpool.py", line 360, in _make_request
    self._validate_conn(conn)
  File "/usr/local/lib/python3.10/site-packages/telegram/vendor/ptb_urllib3/urllib3/connectionpool.py", line 857, in _validate_conn
    super(HTTPSConnectionPool, self)._validate_conn(conn)
  File "/usr/local/lib/python3.10/site-packages/telegram/vendor/ptb_urllib3/urllib3/connectionpool.py", line 289, in _validate_conn
    conn.connect()
  File "/usr/local/lib/python3.10/site-packages/telegram/vendor/ptb_urllib3/urllib3/connection.py", line 284, in connect
    conn = self._new_conn()
  File "/usr/local/lib/python3.10/site-packages/telegram/vendor/ptb_urllib3/urllib3/connection.py", line 149, in _new_conn
    raise NewConnectionError(
telegram.vendor.ptb_urllib3.urllib3.exceptions.NewConnectionError: <telegram.vendor.ptb_urllib3.urllib3.connection.VerifiedHTTPSConnection object at 0x7263a711cf10>: Failed to establish a new connection: [Errno -3] Temporary failure in name resolution

During handling of the above exception, another exception occurred:

Traceback (most recent call last):
  File "/usr/local/lib/python3.10/site-packages/telegram/utils/request.py", line 259, in _request_wrapper
    resp = self._con_pool.request(*args, **kwargs)
  File "/usr/local/lib/python3.10/site-packages/telegram/vendor/ptb_urllib3/urllib3/request.py", line 68, in request
    return self.request_encode_body(method, url, fields=fields,
  File "/usr/local/lib/python3.10/site-packages/telegram/vendor/ptb_urllib3/urllib3/request.py", line 148, in request_encode_body
    return self.urlopen(method, url, **extra_kw)
  File "/usr/local/lib/python3.10/site-packages/telegram/vendor/ptb_urllib3/urllib3/poolmanager.py", line 244, in urlopen
    response = conn.urlopen(method, u.request_uri, **kw)
  File "/usr/local/lib/python3.10/site-packages/telegram/vendor/ptb_urllib3/urllib3/connectionpool.py", line 691, in urlopen
    return self.urlopen(method, url, body, headers, retries,
  File "/usr/local/lib/python3.10/site-packages/telegram/vendor/ptb_urllib3/urllib3/connectionpool.py", line 691, in urlopen
    return self.urlopen(method, url, body, headers, retries,
  File "/usr/local/lib/python3.10/site-packages/telegram/vendor/ptb_urllib3/urllib3/connectionpool.py", line 691, in urlopen
    return self.urlopen(method, url, body, headers, retries,
  File "/usr/local/lib/python3.10/site-packages/telegram/vendor/ptb_urllib3/urllib3/connectionpool.py", line 665, in urlopen
    retries = retries.increment(method, url, error=e, _pool=self,
  File "/usr/local/lib/python3.10/site-packages/telegram/vendor/ptb_urllib3/urllib3/util/retry.py", line 376, in increment
    raise MaxRetryError(_pool, url, error or ResponseError(cause))
telegram.vendor.ptb_urllib3.urllib3.exceptions.MaxRetryError: HTTPSConnectionPool(host='api.telegram.org', port=443): Max retries exceeded with url: /bot8663400657:AAEbBqdhw4ZfHrU7JqCGlj2twvONKQLYnTs/getUpdates (Caused by NewConnectionError('<telegram.vendor.ptb_urllib3.urllib3.connection.VerifiedHTTPSConnection object at 0x7263a711cf10>: Failed to establish a new connection: [Errno -3] Temporary failure in name resolution'))

The above exception was the direct cause of the following exception:

Traceback (most recent call last):
  File "/usr/local/lib/python3.10/site-packages/telegram/ext/updater.py", line 651, in _network_loop_retry
    if not action_cb():
  File "/usr/local/lib/python3.10/site-packages/telegram/ext/updater.py", line 602, in polling_action_cb
    updates = self.bot.get_updates(
  File "/usr/local/lib/python3.10/site-packages/telegram/ext/extbot.py", line 228, in get_updates
    updates = super().get_updates(
  File "/usr/local/lib/python3.10/site-packages/telegram/bot.py", line 134, in decorator
    result = func(*args, **kwargs)
  File "/usr/local/lib/python3.10/site-packages/telegram/bot.py", line 3140, in get_updates
    self._post(
  File "/usr/local/lib/python3.10/site-packages/telegram/bot.py", line 299, in _post
    return self.request.post(
  File "/usr/local/lib/python3.10/site-packages/telegram/utils/request.py", line 361, in post
    result = self._request_wrapper(
  File "/usr/local/lib/python3.10/site-packages/telegram/utils/request.py", line 265, in _request_wrapper
    raise NetworkError(f'urllib3 HTTPError {error}') from error
telegram.error.NetworkError: urllib3 HTTPError HTTPSConnectionPool(host='api.telegram.org', port=443): Max retries exceeded with url: /bot8663400657:AAEbBqdhw4ZfHrU7JqCGlj2twvONKQLYnTs/getUpdates (Caused by NewConnectionError('<telegram.vendor.ptb_urllib3.urllib3.connection.VerifiedHTTPSConnection object at 0x7263a711cf10>: Failed to establish a new connection: [Errno -3] Temporary failure in name resolution'))
WARNING 2026-07-15 22:42:12,526 connectionpool Retrying (Retry(total=2, connect=None, read=None, redirect=None)) after connection broken by 'NewConnectionError('<telegram.vendor.ptb_urllib3.urllib3.connection.VerifiedHTTPSConnection object at 0x7263a711edd0>: Failed to establish a new connection: [Errno -3] Temporary failure in name resolution')': /bot8663400657:AAEbBqdhw4ZfHrU7JqCGlj2twvONKQLYnTs/getUpdates
WARNING 2026-07-15 22:42:12,528 connectionpool Retrying (Retry(total=1, connect=None, read=None, redirect=None)) after connection broken by 'NewConnectionError('<telegram.vendor.ptb_urllib3.urllib3.connection.VerifiedHTTPSConnection object at 0x7263a711ccd0>: Failed to establish a new connection: [Errno -3] Temporary failure in name resolution')': /bot8663400657:AAEbBqdhw4ZfHrU7JqCGlj2twvONKQLYnTs/getUpdates
WARNING 2026-07-15 22:42:12,531 connectionpool Retrying (Retry(total=0, connect=None, read=None, redirect=None)) after connection broken by 'NewConnectionError('<telegram.vendor.ptb_urllib3.urllib3.connection.VerifiedHTTPSConnection object at 0x7263a711cb50>: Failed to establish a new connection: [Errno -3] Temporary failure in name resolution')': /bot8663400657:AAEbBqdhw4ZfHrU7JqCGlj2twvONKQLYnTs/getUpdates
ERROR 2026-07-15 22:42:12,533 updater Error while getting Updates: urllib3 HTTPError HTTPSConnectionPool(host='api.telegram.org', port=443): Max retries exceeded with url: /bot8663400657:AAEbBqdhw4ZfHrU7JqCGlj2twvONKQLYnTs/getUpdates (Caused by NewConnectionError('<telegram.vendor.ptb_urllib3.urllib3.connection.VerifiedHTTPSConnection object at 0x7263a711ee90>: Failed to establish a new connection: [Errno -3] Temporary failure in name resolution'))
ERROR 2026-07-15 22:42:12,534 dispatcher No error handlers are registered, logging exception.
Traceback (most recent call last):
  File "/usr/local/lib/python3.10/site-packages/telegram/vendor/ptb_urllib3/urllib3/connection.py", line 140, in _new_conn
    conn = connection.create_connection(
  File "/usr/local/lib/python3.10/site-packages/telegram/vendor/ptb_urllib3/urllib3/util/connection.py", line 60, in create_connection
    for res in socket.getaddrinfo(host, port, family, socket.SOCK_STREAM):
  File "/usr/local/lib/python3.10/socket.py", line 967, in getaddrinfo
    for res in _socket.getaddrinfo(host, port, family, type, proto, flags):
socket.gaierror: [Errno -3] Temporary failure in name resolution

During handling of the above exception, another exception occurred:

Traceback (most recent call last):
  File "/usr/local/lib/python3.10/site-packages/telegram/vendor/ptb_urllib3/urllib3/connectionpool.py", line 614, in urlopen
    httplib_response = self._make_request(conn, method, url,
  File "/usr/local/lib/python3.10/site-packages/telegram/vendor/ptb_urllib3/urllib3/connectionpool.py", line 360, in _make_request
    self._validate_conn(conn)
  File "/usr/local/lib/python3.10/site-packages/telegram/vendor/ptb_urllib3/urllib3/connectionpool.py", line 857, in _validate_conn
    super(HTTPSConnectionPool, self)._validate_conn(conn)
  File "/usr/local/lib/python3.10/site-packages/telegram/vendor/ptb_urllib3/urllib3/connectionpool.py", line 289, in _validate_conn
    conn.connect()
  File "/usr/local/lib/python3.10/site-packages/telegram/vendor/ptb_urllib3/urllib3/connection.py", line 284, in connect
    conn = self._new_conn()
  File "/usr/local/lib/python3.10/site-packages/telegram/vendor/ptb_urllib3/urllib3/connection.py", line 149, in _new_conn
    raise NewConnectionError(
telegram.vendor.ptb_urllib3.urllib3.exceptions.NewConnectionError: <telegram.vendor.ptb_urllib3.urllib3.connection.VerifiedHTTPSConnection object at 0x7263a711ee90>: Failed to establish a new connection: [Errno -3] Temporary failure in name resolution

During handling of the above exception, another exception occurred:

Traceback (most recent call last):
  File "/usr/local/lib/python3.10/site-packages/telegram/utils/request.py", line 259, in _request_wrapper
    resp = self._con_pool.request(*args, **kwargs)
  File "/usr/local/lib/python3.10/site-packages/telegram/vendor/ptb_urllib3/urllib3/request.py", line 68, in request
    return self.request_encode_body(method, url, fields=fields,
  File "/usr/local/lib/python3.10/site-packages/telegram/vendor/ptb_urllib3/urllib3/request.py", line 148, in request_encode_body
    return self.urlopen(method, url, **extra_kw)
  File "/usr/local/lib/python3.10/site-packages/telegram/vendor/ptb_urllib3/urllib3/poolmanager.py", line 244, in urlopen
    response = conn.urlopen(method, u.request_uri, **kw)
  File "/usr/local/lib/python3.10/site-packages/telegram/vendor/ptb_urllib3/urllib3/connectionpool.py", line 691, in urlopen
    return self.urlopen(method, url, body, headers, retries,
  File "/usr/local/lib/python3.10/site-packages/telegram/vendor/ptb_urllib3/urllib3/connectionpool.py", line 691, in urlopen
    return self.urlopen(method, url, body, headers, retries,
  File "/usr/local/lib/python3.10/site-packages/telegram/vendor/ptb_urllib3/urllib3/connectionpool.py", line 691, in urlopen
    return self.urlopen(method, url, body, headers, retries,
  File "/usr/local/lib/python3.10/site-packages/telegram/vendor/ptb_urllib3/urllib3/connectionpool.py", line 665, in urlopen
    retries = retries.increment(method, url, error=e, _pool=self,
  File "/usr/local/lib/python3.10/site-packages/telegram/vendor/ptb_urllib3/urllib3/util/retry.py", line 376, in increment
    raise MaxRetryError(_pool, url, error or ResponseError(cause))
telegram.vendor.ptb_urllib3.urllib3.exceptions.MaxRetryError: HTTPSConnectionPool(host='api.telegram.org', port=443): Max retries exceeded with url: /bot8663400657:AAEbBqdhw4ZfHrU7JqCGlj2twvONKQLYnTs/getUpdates (Caused by NewConnectionError('<telegram.vendor.ptb_urllib3.urllib3.connection.VerifiedHTTPSConnection object at 0x7263a711ee90>: Failed to establish a new connection: [Errno -3] Temporary failure in name resolution'))

The above exception was the direct cause of the following exception:

Traceback (most recent call last):
  File "/usr/local/lib/python3.10/site-packages/telegram/ext/updater.py", line 651, in _network_loop_retry
    if not action_cb():
  File "/usr/local/lib/python3.10/site-packages/telegram/ext/updater.py", line 602, in polling_action_cb
    updates = self.bot.get_updates(
  File "/usr/local/lib/python3.10/site-packages/telegram/ext/extbot.py", line 228, in get_updates
    updates = super().get_updates(
  File "/usr/local/lib/python3.10/site-packages/telegram/bot.py", line 134, in decorator
    result = func(*args, **kwargs)
  File "/usr/local/lib/python3.10/site-packages/telegram/bot.py", line 3140, in get_updates
    self._post(
  File "/usr/local/lib/python3.10/site-packages/telegram/bot.py", line 299, in _post
    return self.request.post(
  File "/usr/local/lib/python3.10/site-packages/telegram/utils/request.py", line 361, in post
    result = self._request_wrapper(
  File "/usr/local/lib/python3.10/site-packages/telegram/utils/request.py", line 265, in _request_wrapper
    raise NetworkError(f'urllib3 HTTPError {error}') from error
telegram.error.NetworkError: urllib3 HTTPError HTTPSConnectionPool(host='api.telegram.org', port=443): Max retries exceeded with url: /bot8663400657:AAEbBqdhw4ZfHrU7JqCGlj2twvONKQLYnTs/getUpdates (Caused by NewConnectionError('<telegram.vendor.ptb_urllib3.urllib3.connection.VerifiedHTTPSConnection object at 0x7263a711ee90>: Failed to establish a new connection: [Errno -3] Temporary failure in name resolution'))
WARNING 2026-07-15 22:42:14,787 connectionpool Retrying (Retry(total=2, connect=None, read=None, redirect=None)) after connection broken by 'NewConnectionError('<telegram.vendor.ptb_urllib3.urllib3.connection.VerifiedHTTPSConnection object at 0x7263a711cd60>: Failed to establish a new connection: [Errno -3] Temporary failure in name resolution')': /bot8663400657:AAEbBqdhw4ZfHrU7JqCGlj2twvONKQLYnTs/getUpdates
WARNING 2026-07-15 22:42:14,804 connectionpool Retrying (Retry(total=1, connect=None, read=None, redirect=None)) after connection broken by 'NewConnectionError('<telegram.vendor.ptb_urllib3.urllib3.connection.VerifiedHTTPSConnection object at 0x7263a711d6c0>: Failed to establish a new connection: [Errno -3] Temporary failure in name resolution')': /bot8663400657:AAEbBqdhw4ZfHrU7JqCGlj2twvONKQLYnTs/getUpdates
WARNING 2026-07-15 22:42:14,807 connectionpool Retrying (Retry(total=0, connect=None, read=None, redirect=None)) after connection broken by 'NewConnectionError('<telegram.vendor.ptb_urllib3.urllib3.connection.VerifiedHTTPSConnection object at 0x7263a7106950>: Failed to establish a new connection: [Errno -3] Temporary failure in name resolution')': /bot8663400657:AAEbBqdhw4ZfHrU7JqCGlj2twvONKQLYnTs/getUpdates
ERROR 2026-07-15 22:42:14,809 updater Error while getting Updates: urllib3 HTTPError HTTPSConnectionPool(host='api.telegram.org', port=443): Max retries exceeded with url: /bot8663400657:AAEbBqdhw4ZfHrU7JqCGlj2twvONKQLYnTs/getUpdates (Caused by NewConnectionError('<telegram.vendor.ptb_urllib3.urllib3.connection.VerifiedHTTPSConnection object at 0x7263a71064a0>: Failed to establish a new connection: [Errno -3] Temporary failure in name resolution'))
ERROR 2026-07-15 22:42:14,810 dispatcher No error handlers are registered, logging exception.
Traceback (most recent call last):
  File "/usr/local/lib/python3.10/site-packages/telegram/vendor/ptb_urllib3/urllib3/connection.py", line 140, in _new_conn
    conn = connection.create_connection(
  File "/usr/local/lib/python3.10/site-packages/telegram/vendor/ptb_urllib3/urllib3/util/connection.py", line 60, in create_connection
    for res in socket.getaddrinfo(host, port, family, socket.SOCK_STREAM):
  File "/usr/local/lib/python3.10/socket.py", line 967, in getaddrinfo
    for res in _socket.getaddrinfo(host, port, family, type, proto, flags):
socket.gaierror: [Errno -3] Temporary failure in name resolution

During handling of the above exception, another exception occurred:

Traceback (most recent call last):
  File "/usr/local/lib/python3.10/site-packages/telegram/vendor/ptb_urllib3/urllib3/connectionpool.py", line 614, in urlopen
    httplib_response = self._make_request(conn, method, url,
  File "/usr/local/lib/python3.10/site-packages/telegram/vendor/ptb_urllib3/urllib3/connectionpool.py", line 360, in _make_request
    self._validate_conn(conn)
  File "/usr/local/lib/python3.10/site-packages/telegram/vendor/ptb_urllib3/urllib3/connectionpool.py", line 857, in _validate_conn
    super(HTTPSConnectionPool, self)._validate_conn(conn)
  File "/usr/local/lib/python3.10/site-packages/telegram/vendor/ptb_urllib3/urllib3/connectionpool.py", line 289, in _validate_conn
    conn.connect()
  File "/usr/local/lib/python3.10/site-packages/telegram/vendor/ptb_urllib3/urllib3/connection.py", line 284, in connect
    conn = self._new_conn()
  File "/usr/local/lib/python3.10/site-packages/telegram/vendor/ptb_urllib3/urllib3/connection.py", line 149, in _new_conn
    raise NewConnectionError(
telegram.vendor.ptb_urllib3.urllib3.exceptions.NewConnectionError: <telegram.vendor.ptb_urllib3.urllib3.connection.VerifiedHTTPSConnection object at 0x7263a71064a0>: Failed to establish a new connection: [Errno -3] Temporary failure in name resolution

During handling of the above exception, another exception occurred:

Traceback (most recent call last):
  File "/usr/local/lib/python3.10/site-packages/telegram/utils/request.py", line 259, in _request_wrapper
    resp = self._con_pool.request(*args, **kwargs)
  File "/usr/local/lib/python3.10/site-packages/telegram/vendor/ptb_urllib3/urllib3/request.py", line 68, in request
    return self.request_encode_body(method, url, fields=fields,
  File "/usr/local/lib/python3.10/site-packages/telegram/vendor/ptb_urllib3/urllib3/request.py", line 148, in request_encode_body
    return self.urlopen(method, url, **extra_kw)
  File "/usr/local/lib/python3.10/site-packages/telegram/vendor/ptb_urllib3/urllib3/poolmanager.py", line 244, in urlopen
    response = conn.urlopen(method, u.request_uri, **kw)
  File "/usr/local/lib/python3.10/site-packages/telegram/vendor/ptb_urllib3/urllib3/connectionpool.py", line 691, in urlopen
    return self.urlopen(method, url, body, headers, retries,
  File "/usr/local/lib/python3.10/site-packages/telegram/vendor/ptb_urllib3/urllib3/connectionpool.py", line 691, in urlopen
    return self.urlopen(method, url, body, headers, retries,
  File "/usr/local/lib/python3.10/site-packages/telegram/vendor/ptb_urllib3/urllib3/connectionpool.py", line 691, in urlopen
    return self.urlopen(method, url, body, headers, retries,
  File "/usr/local/lib/python3.10/site-packages/telegram/vendor/ptb_urllib3/urllib3/connectionpool.py", line 665, in urlopen
    retries = retries.increment(method, url, error=e, _pool=self,
  File "/usr/local/lib/python3.10/site-packages/telegram/vendor/ptb_urllib3/urllib3/util/retry.py", line 376, in increment
    raise MaxRetryError(_pool, url, error or ResponseError(cause))
telegram.vendor.ptb_urllib3.urllib3.exceptions.MaxRetryError: HTTPSConnectionPool(host='api.telegram.org', port=443): Max retries exceeded with url: /bot8663400657:AAEbBqdhw4ZfHrU7JqCGlj2twvONKQLYnTs/getUpdates (Caused by NewConnectionError('<telegram.vendor.ptb_urllib3.urllib3.connection.VerifiedHTTPSConnection object at 0x7263a71064a0>: Failed to establish a new connection: [Errno -3] Temporary failure in name resolution'))

The above exception was the direct cause of the following exception:

Traceback (most recent call last):
  File "/usr/local/lib/python3.10/site-packages/telegram/ext/updater.py", line 651, in _network_loop_retry
    if not action_cb():
  File "/usr/local/lib/python3.10/site-packages/telegram/ext/updater.py", line 602, in polling_action_cb
    updates = self.bot.get_updates(
  File "/usr/local/lib/python3.10/site-packages/telegram/ext/extbot.py", line 228, in get_updates
    updates = super().get_updates(
  File "/usr/local/lib/python3.10/site-packages/telegram/bot.py", line 134, in decorator
    result = func(*args, **kwargs)
  File "/usr/local/lib/python3.10/site-packages/telegram/bot.py", line 3140, in get_updates
    self._post(
  File "/usr/local/lib/python3.10/site-packages/telegram/bot.py", line 299, in _post
    return self.request.post(
  File "/usr/local/lib/python3.10/site-packages/telegram/utils/request.py", line 361, in post
    result = self._request_wrapper(
  File "/usr/local/lib/python3.10/site-packages/telegram/utils/request.py", line 265, in _request_wrapper
    raise NetworkError(f'urllib3 HTTPError {error}') from error
telegram.error.NetworkError: urllib3 HTTPError HTTPSConnectionPool(host='api.telegram.org', port=443): Max retries exceeded with url: /bot8663400657:AAEbBqdhw4ZfHrU7JqCGlj2twvONKQLYnTs/getUpdates (Caused by NewConnectionError('<telegram.vendor.ptb_urllib3.urllib3.connection.VerifiedHTTPSConnection object at 0x7263a71064a0>: Failed to establish a new connection: [Errno -3] Temporary failure in name resolution'))
WARNING 2026-07-15 22:42:18,189 connectionpool Retrying (Retry(total=2, connect=None, read=None, redirect=None)) after connection broken by 'NewConnectionError('<telegram.vendor.ptb_urllib3.urllib3.connection.VerifiedHTTPSConnection object at 0x7263a71055d0>: Failed to establish a new connection: [Errno -3] Temporary failure in name resolution')': /bot8663400657:AAEbBqdhw4ZfHrU7JqCGlj2twvONKQLYnTs/getUpdates
WARNING 2026-07-15 22:42:18,192 connectionpool Retrying (Retry(total=1, connect=None, read=None, redirect=None)) after connection broken by 'NewConnectionError('<telegram.vendor.ptb_urllib3.urllib3.connection.VerifiedHTTPSConnection object at 0x7263a7104b50>: Failed to establish a new connection: [Errno -3] Temporary failure in name resolution')': /bot8663400657:AAEbBqdhw4ZfHrU7JqCGlj2twvONKQLYnTs/getUpdates
WARNING 2026-07-15 22:42:18,193 connectionpool Retrying (Retry(total=0, connect=None, read=None, redirect=None)) after connection broken by 'NewConnectionError('<telegram.vendor.ptb_urllib3.urllib3.connection.VerifiedHTTPSConnection object at 0x7263a7106440>: Failed to establish a new connection: [Errno -3] Temporary failure in name resolution')': /bot8663400657:AAEbBqdhw4ZfHrU7JqCGlj2twvONKQLYnTs/getUpdates
ERROR 2026-07-15 22:42:18,196 updater Error while getting Updates: urllib3 HTTPError HTTPSConnectionPool(host='api.telegram.org', port=443): Max retries exceeded with url: /bot8663400657:AAEbBqdhw4ZfHrU7JqCGlj2twvONKQLYnTs/getUpdates (Caused by NewConnectionError('<telegram.vendor.ptb_urllib3.urllib3.connection.VerifiedHTTPSConnection object at 0x7263a711ee00>: Failed to establish a new connection: [Errno -3] Temporary failure in name resolution'))
ERROR 2026-07-15 22:42:18,197 dispatcher No error handlers are registered, logging exception.
Traceback (most recent call last):
  File "/usr/local/lib/python3.10/site-packages/telegram/vendor/ptb_urllib3/urllib3/connection.py", line 140, in _new_conn
    conn = connection.create_connection(
  File "/usr/local/lib/python3.10/site-packages/telegram/vendor/ptb_urllib3/urllib3/util/connection.py", line 60, in create_connection
    for res in socket.getaddrinfo(host, port, family, socket.SOCK_STREAM):
  File "/usr/local/lib/python3.10/socket.py", line 967, in getaddrinfo
    for res in _socket.getaddrinfo(host, port, family, type, proto, flags):
socket.gaierror: [Errno -3] Temporary failure in name resolution

During handling of the above exception, another exception occurred:

Traceback (most recent call last):
  File "/usr/local/lib/python3.10/site-packages/telegram/vendor/ptb_urllib3/urllib3/connectionpool.py", line 614, in urlopen
    httplib_response = self._make_request(conn, method, url,
  File "/usr/local/lib/python3.10/site-packages/telegram/vendor/ptb_urllib3/urllib3/connectionpool.py", line 360, in _make_request
    self._validate_conn(conn)
  File "/usr/local/lib/python3.10/site-packages/telegram/vendor/ptb_urllib3/urllib3/connectionpool.py", line 857, in _validate_conn
    super(HTTPSConnectionPool, self)._validate_conn(conn)
  File "/usr/local/lib/python3.10/site-packages/telegram/vendor/ptb_urllib3/urllib3/connectionpool.py", line 289, in _validate_conn
    conn.connect()
  File "/usr/local/lib/python3.10/site-packages/telegram/vendor/ptb_urllib3/urllib3/connection.py", line 284, in connect
    conn = self._new_conn()
  File "/usr/local/lib/python3.10/site-packages/telegram/vendor/ptb_urllib3/urllib3/connection.py", line 149, in _new_conn
    raise NewConnectionError(
telegram.vendor.ptb_urllib3.urllib3.exceptions.NewConnectionError: <telegram.vendor.ptb_urllib3.urllib3.connection.VerifiedHTTPSConnection object at 0x7263a711ee00>: Failed to establish a new connection: [Errno -3] Temporary failure in name resolution

During handling of the above exception, another exception occurred:

Traceback (most recent call last):
  File "/usr/local/lib/python3.10/site-packages/telegram/utils/request.py", line 259, in _request_wrapper
    resp = self._con_pool.request(*args, **kwargs)
  File "/usr/local/lib/python3.10/site-packages/telegram/vendor/ptb_urllib3/urllib3/request.py", line 68, in request
    return self.request_encode_body(method, url, fields=fields,
  File "/usr/local/lib/python3.10/site-packages/telegram/vendor/ptb_urllib3/urllib3/request.py", line 148, in request_encode_body
    return self.urlopen(method, url, **extra_kw)
  File "/usr/local/lib/python3.10/site-packages/telegram/vendor/ptb_urllib3/urllib3/poolmanager.py", line 244, in urlopen
    response = conn.urlopen(method, u.request_uri, **kw)
  File "/usr/local/lib/python3.10/site-packages/telegram/vendor/ptb_urllib3/urllib3/connectionpool.py", line 691, in urlopen
    return self.urlopen(method, url, body, headers, retries,
  File "/usr/local/lib/python3.10/site-packages/telegram/vendor/ptb_urllib3/urllib3/connectionpool.py", line 691, in urlopen
    return self.urlopen(method, url, body, headers, retries,
  File "/usr/local/lib/python3.10/site-packages/telegram/vendor/ptb_urllib3/urllib3/connectionpool.py", line 691, in urlopen
    return self.urlopen(method, url, body, headers, retries,
  File "/usr/local/lib/python3.10/site-packages/telegram/vendor/ptb_urllib3/urllib3/connectionpool.py", line 665, in urlopen
    retries = retries.increment(method, url, error=e, _pool=self,
  File "/usr/local/lib/python3.10/site-packages/telegram/vendor/ptb_urllib3/urllib3/util/retry.py", line 376, in increment
    raise MaxRetryError(_pool, url, error or ResponseError(cause))
telegram.vendor.ptb_urllib3.urllib3.exceptions.MaxRetryError: HTTPSConnectionPool(host='api.telegram.org', port=443): Max retries exceeded with url: /bot8663400657:AAEbBqdhw4ZfHrU7JqCGlj2twvONKQLYnTs/getUpdates (Caused by NewConnectionError('<telegram.vendor.ptb_urllib3.urllib3.connection.VerifiedHTTPSConnection object at 0x7263a711ee00>: Failed to establish a new connection: [Errno -3] Temporary failure in name resolution'))

The above exception was the direct cause of the following exception:

Traceback (most recent call last):
  File "/usr/local/lib/python3.10/site-packages/telegram/ext/updater.py", line 651, in _network_loop_retry
    if not action_cb():
  File "/usr/local/lib/python3.10/site-packages/telegram/ext/updater.py", line 602, in polling_action_cb
    updates = self.bot.get_updates(
  File "/usr/local/lib/python3.10/site-packages/telegram/ext/extbot.py", line 228, in get_updates
    updates = super().get_updates(
  File "/usr/local/lib/python3.10/site-packages/telegram/bot.py", line 134, in decorator
    result = func(*args, **kwargs)
  File "/usr/local/lib/python3.10/site-packages/telegram/bot.py", line 3140, in get_updates
    self._post(
  File "/usr/local/lib/python3.10/site-packages/telegram/bot.py", line 299, in _post
    return self.request.post(
  File "/usr/local/lib/python3.10/site-packages/telegram/utils/request.py", line 361, in post
    result = self._request_wrapper(
  File "/usr/local/lib/python3.10/site-packages/telegram/utils/request.py", line 265, in _request_wrapper
    raise NetworkError(f'urllib3 HTTPError {error}') from error
telegram.error.NetworkError: urllib3 HTTPError HTTPSConnectionPool(host='api.telegram.org', port=443): Max retries exceeded with url: /bot8663400657:AAEbBqdhw4ZfHrU7JqCGlj2twvONKQLYnTs/getUpdates (Caused by NewConnectionError('<telegram.vendor.ptb_urllib3.urllib3.connection.VerifiedHTTPSConnection object at 0x7263a711ee00>: Failed to establish a new connection: [Errno -3] Temporary failure in name resolution'))
WARNING 2026-07-15 22:42:23,265 connectionpool Retrying (Retry(total=2, connect=None, read=None, redirect=None)) after connection broken by 'NewConnectionError('<telegram.vendor.ptb_urllib3.urllib3.connection.VerifiedHTTPSConnection object at 0x7263a71065c0>: Failed to establish a new connection: [Errno -3] Temporary failure in name resolution')': /bot8663400657:AAEbBqdhw4ZfHrU7JqCGlj2twvONKQLYnTs/getUpdates
WARNING 2026-07-15 22:42:23,428 connectionpool Retrying (Retry(total=1, connect=None, read=None, redirect=None)) after connection broken by 'NewConnectionError('<telegram.vendor.ptb_urllib3.urllib3.connection.VerifiedHTTPSConnection object at 0x7263a711f0d0>: Failed to establish a new connection: [Errno -3] Temporary failure in name resolution')': /bot8663400657:AAEbBqdhw4ZfHrU7JqCGlj2twvONKQLYnTs/getUpdates
WARNING 2026-07-15 22:42:23,431 connectionpool Retrying (Retry(total=0, connect=None, read=None, redirect=None)) after connection broken by 'NewConnectionError('<telegram.vendor.ptb_urllib3.urllib3.connection.VerifiedHTTPSConnection object at 0x7263a711cf40>: Failed to establish a new connection: [Errno -3] Temporary failure in name resolution')': /bot8663400657:AAEbBqdhw4ZfHrU7JqCGlj2twvONKQLYnTs/getUpdates
ERROR 2026-07-15 22:42:23,432 updater Error while getting Updates: urllib3 HTTPError HTTPSConnectionPool(host='api.telegram.org', port=443): Max retries exceeded with url: /bot8663400657:AAEbBqdhw4ZfHrU7JqCGlj2twvONKQLYnTs/getUpdates (Caused by NewConnectionError('<telegram.vendor.ptb_urllib3.urllib3.connection.VerifiedHTTPSConnection object at 0x7263a711f190>: Failed to establish a new connection: [Errno -3] Temporary failure in name resolution'))
ERROR 2026-07-15 22:42:23,433 dispatcher No error handlers are registered, logging exception.
Traceback (most recent call last):
  File "/usr/local/lib/python3.10/site-packages/telegram/vendor/ptb_urllib3/urllib3/connection.py", line 140, in _new_conn
    conn = connection.create_connection(
  File "/usr/local/lib/python3.10/site-packages/telegram/vendor/ptb_urllib3/urllib3/util/connection.py", line 60, in create_connection
    for res in socket.getaddrinfo(host, port, family, socket.SOCK_STREAM):
  File "/usr/local/lib/python3.10/socket.py", line 967, in getaddrinfo
    for res in _socket.getaddrinfo(host, port, family, type, proto, flags):
socket.gaierror: [Errno -3] Temporary failure in name resolution

During handling of the above exception, another exception occurred:

Traceback (most recent call last):
  File "/usr/local/lib/python3.10/site-packages/telegram/vendor/ptb_urllib3/urllib3/connectionpool.py", line 614, in urlopen
    httplib_response = self._make_request(conn, method, url,
  File "/usr/local/lib/python3.10/site-packages/telegram/vendor/ptb_urllib3/urllib3/connectionpool.py", line 360, in _make_request
    self._validate_conn(conn)
  File "/usr/local/lib/python3.10/site-packages/telegram/vendor/ptb_urllib3/urllib3/connectionpool.py", line 857, in _validate_conn
    super(HTTPSConnectionPool, self)._validate_conn(conn)
  File "/usr/local/lib/python3.10/site-packages/telegram/vendor/ptb_urllib3/urllib3/connectionpool.py", line 289, in _validate_conn
    conn.connect()
  File "/usr/local/lib/python3.10/site-packages/telegram/vendor/ptb_urllib3/urllib3/connection.py", line 284, in connect
    conn = self._new_conn()
  File "/usr/local/lib/python3.10/site-packages/telegram/vendor/ptb_urllib3/urllib3/connection.py", line 149, in _new_conn
    raise NewConnectionError(
telegram.vendor.ptb_urllib3.urllib3.exceptions.NewConnectionError: <telegram.vendor.ptb_urllib3.urllib3.connection.VerifiedHTTPSConnection object at 0x7263a711f190>: Failed to establish a new connection: [Errno -3] Temporary failure in name resolution

During handling of the above exception, another exception occurred:

Traceback (most recent call last):
  File "/usr/local/lib/python3.10/site-packages/telegram/utils/request.py", line 259, in _request_wrapper
    resp = self._con_pool.request(*args, **kwargs)
  File "/usr/local/lib/python3.10/site-packages/telegram/vendor/ptb_urllib3/urllib3/request.py", line 68, in request
    return self.request_encode_body(method, url, fields=fields,
  File "/usr/local/lib/python3.10/site-packages/telegram/vendor/ptb_urllib3/urllib3/request.py", line 148, in request_encode_body
    return self.urlopen(method, url, **extra_kw)
  File "/usr/local/lib/python3.10/site-packages/telegram/vendor/ptb_urllib3/urllib3/poolmanager.py", line 244, in urlopen
    response = conn.urlopen(method, u.request_uri, **kw)
  File "/usr/local/lib/python3.10/site-packages/telegram/vendor/ptb_urllib3/urllib3/connectionpool.py", line 691, in urlopen
    return self.urlopen(method, url, body, headers, retries,
  File "/usr/local/lib/python3.10/site-packages/telegram/vendor/ptb_urllib3/urllib3/connectionpool.py", line 691, in urlopen
    return self.urlopen(method, url, body, headers, retries,
  File "/usr/local/lib/python3.10/site-packages/telegram/vendor/ptb_urllib3/urllib3/connectionpool.py", line 691, in urlopen
    return self.urlopen(method, url, body, headers, retries,
  File "/usr/local/lib/python3.10/site-packages/telegram/vendor/ptb_urllib3/urllib3/connectionpool.py", line 665, in urlopen
    retries = retries.increment(method, url, error=e, _pool=self,
  File "/usr/local/lib/python3.10/site-packages/telegram/vendor/ptb_urllib3/urllib3/util/retry.py", line 376, in increment
    raise MaxRetryError(_pool, url, error or ResponseError(cause))
telegram.vendor.ptb_urllib3.urllib3.exceptions.MaxRetryError: HTTPSConnectionPool(host='api.telegram.org', port=443): Max retries exceeded with url: /bot8663400657:AAEbBqdhw4ZfHrU7JqCGlj2twvONKQLYnTs/getUpdates (Caused by NewConnectionError('<telegram.vendor.ptb_urllib3.urllib3.connection.VerifiedHTTPSConnection object at 0x7263a711f190>: Failed to establish a new connection: [Errno -3] Temporary failure in name resolution'))

The above exception was the direct cause of the following exception:

Traceback (most recent call last):
  File "/usr/local/lib/python3.10/site-packages/telegram/ext/updater.py", line 651, in _network_loop_retry
    if not action_cb():
  File "/usr/local/lib/python3.10/site-packages/telegram/ext/updater.py", line 602, in polling_action_cb
    updates = self.bot.get_updates(
  File "/usr/local/lib/python3.10/site-packages/telegram/ext/extbot.py", line 228, in get_updates
    updates = super().get_updates(
  File "/usr/local/lib/python3.10/site-packages/telegram/bot.py", line 134, in decorator
    result = func(*args, **kwargs)
  File "/usr/local/lib/python3.10/site-packages/telegram/bot.py", line 3140, in get_updates
    self._post(
  File "/usr/local/lib/python3.10/site-packages/telegram/bot.py", line 299, in _post
    return self.request.post(
  File "/usr/local/lib/python3.10/site-packages/telegram/utils/request.py", line 361, in post
    result = self._request_wrapper(
  File "/usr/local/lib/python3.10/site-packages/telegram/utils/request.py", line 265, in _request_wrapper
    raise NetworkError(f'urllib3 HTTPError {error}') from error
telegram.error.NetworkError: urllib3 HTTPError HTTPSConnectionPool(host='api.telegram.org', port=443): Max retries exceeded with url: /bot8663400657:AAEbBqdhw4ZfHrU7JqCGlj2twvONKQLYnTs/getUpdates (Caused by NewConnectionError('<telegram.vendor.ptb_urllib3.urllib3.connection.VerifiedHTTPSConnection object at 0x7263a711f190>: Failed to establish a new connection: [Errno -3] Temporary failure in name resolution'))
WARNING 2026-07-15 22:42:31,036 connectionpool Retrying (Retry(total=2, connect=None, read=None, redirect=None)) after connection broken by 'NewConnectionError('<telegram.vendor.ptb_urllib3.urllib3.connection.VerifiedHTTPSConnection object at 0x7263a711ee00>: Failed to establish a new connection: [Errno -3] Temporary failure in name resolution')': /bot8663400657:AAEbBqdhw4ZfHrU7JqCGlj2twvONKQLYnTs/getUpdates
WARNING 2026-07-15 22:42:31,039 connectionpool Retrying (Retry(total=1, connect=None, read=None, redirect=None)) after connection broken by 'NewConnectionError('<telegram.vendor.ptb_urllib3.urllib3.connection.VerifiedHTTPSConnection object at 0x7263a711ebf0>: Failed to establish a new connection: [Errno -3] Temporary failure in name resolution')': /bot8663400657:AAEbBqdhw4ZfHrU7JqCGlj2twvONKQLYnTs/getUpdates
WARNING 2026-07-15 22:42:31,041 connectionpool Retrying (Retry(total=0, connect=None, read=None, redirect=None)) after connection broken by 'NewConnectionError('<telegram.vendor.ptb_urllib3.urllib3.connection.VerifiedHTTPSConnection object at 0x7263a711eb30>: Failed to establish a new connection: [Errno -3] Temporary failure in name resolution')': /bot8663400657:AAEbBqdhw4ZfHrU7JqCGlj2twvONKQLYnTs/getUpdates
ERROR 2026-07-15 22:42:31,042 updater Error while getting Updates: urllib3 HTTPError HTTPSConnectionPool(host='api.telegram.org', port=443): Max retries exceeded with url: /bot8663400657:AAEbBqdhw4ZfHrU7JqCGlj2twvONKQLYnTs/getUpdates (Caused by NewConnectionError('<telegram.vendor.ptb_urllib3.urllib3.connection.VerifiedHTTPSConnection object at 0x7263a711e920>: Failed to establish a new connection: [Errno -3] Temporary failure in name resolution'))
ERROR 2026-07-15 22:42:31,043 dispatcher No error handlers are registered, logging exception.
Traceback (most recent call last):
  File "/usr/local/lib/python3.10/site-packages/telegram/vendor/ptb_urllib3/urllib3/connection.py", line 140, in _new_conn
    conn = connection.create_connection(
  File "/usr/local/lib/python3.10/site-packages/telegram/vendor/ptb_urllib3/urllib3/util/connection.py", line 60, in create_connection
    for res in socket.getaddrinfo(host, port, family, socket.SOCK_STREAM):
  File "/usr/local/lib/python3.10/socket.py", line 967, in getaddrinfo
    for res in _socket.getaddrinfo(host, port, family, type, proto, flags):
socket.gaierror: [Errno -3] Temporary failure in name resolution

During handling of the above exception, another exception occurred:

Traceback (most recent call last):
  File "/usr/local/lib/python3.10/site-packages/telegram/vendor/ptb_urllib3/urllib3/connectionpool.py", line 614, in urlopen
    httplib_response = self._make_request(conn, method, url,
  File "/usr/local/lib/python3.10/site-packages/telegram/vendor/ptb_urllib3/urllib3/connectionpool.py", line 360, in _make_request
    self._validate_conn(conn)
  File "/usr/local/lib/python3.10/site-packages/telegram/vendor/ptb_urllib3/urllib3/connectionpool.py", line 857, in _validate_conn
    super(HTTPSConnectionPool, self)._validate_conn(conn)
  File "/usr/local/lib/python3.10/site-packages/telegram/vendor/ptb_urllib3/urllib3/connectionpool.py", line 289, in _validate_conn
    conn.connect()
  File "/usr/local/lib/python3.10/site-packages/telegram/vendor/ptb_urllib3/urllib3/connection.py", line 284, in connect
    conn = self._new_conn()
  File "/usr/local/lib/python3.10/site-packages/telegram/vendor/ptb_urllib3/urllib3/connection.py", line 149, in _new_conn
    raise NewConnectionError(
telegram.vendor.ptb_urllib3.urllib3.exceptions.NewConnectionError: <telegram.vendor.ptb_urllib3.urllib3.connection.VerifiedHTTPSConnection object at 0x7263a711e920>: Failed to establish a new connection: [Errno -3] Temporary failure in name resolution

During handling of the above exception, another exception occurred:

Traceback (most recent call last):
  File "/usr/local/lib/python3.10/site-packages/telegram/utils/request.py", line 259, in _request_wrapper
    resp = self._con_pool.request(*args, **kwargs)
  File "/usr/local/lib/python3.10/site-packages/telegram/vendor/ptb_urllib3/urllib3/request.py", line 68, in request
    return self.request_encode_body(method, url, fields=fields,
  File "/usr/local/lib/python3.10/site-packages/telegram/vendor/ptb_urllib3/urllib3/request.py", line 148, in request_encode_body
    return self.urlopen(method, url, **extra_kw)
  File "/usr/local/lib/python3.10/site-packages/telegram/vendor/ptb_urllib3/urllib3/poolmanager.py", line 244, in urlopen
    response = conn.urlopen(method, u.request_uri, **kw)
  File "/usr/local/lib/python3.10/site-packages/telegram/vendor/ptb_urllib3/urllib3/connectionpool.py", line 691, in urlopen
    return self.urlopen(method, url, body, headers, retries,
  File "/usr/local/lib/python3.10/site-packages/telegram/vendor/ptb_urllib3/urllib3/connectionpool.py", line 691, in urlopen
    return self.urlopen(method, url, body, headers, retries,
  File "/usr/local/lib/python3.10/site-packages/telegram/vendor/ptb_urllib3/urllib3/connectionpool.py", line 691, in urlopen
    return self.urlopen(method, url, body, headers, retries,
  File "/usr/local/lib/python3.10/site-packages/telegram/vendor/ptb_urllib3/urllib3/connectionpool.py", line 665, in urlopen
    retries = retries.increment(method, url, error=e, _pool=self,
  File "/usr/local/lib/python3.10/site-packages/telegram/vendor/ptb_urllib3/urllib3/util/retry.py", line 376, in increment
    raise MaxRetryError(_pool, url, error or ResponseError(cause))
telegram.vendor.ptb_urllib3.urllib3.exceptions.MaxRetryError: HTTPSConnectionPool(host='api.telegram.org', port=443): Max retries exceeded with url: /bot8663400657:AAEbBqdhw4ZfHrU7JqCGlj2twvONKQLYnTs/getUpdates (Caused by NewConnectionError('<telegram.vendor.ptb_urllib3.urllib3.connection.VerifiedHTTPSConnection object at 0x7263a711e920>: Failed to establish a new connection: [Errno -3] Temporary failure in name resolution'))

The above exception was the direct cause of the following exception:

Traceback (most recent call last):
  File "/usr/local/lib/python3.10/site-packages/telegram/ext/updater.py", line 651, in _network_loop_retry
    if not action_cb():
  File "/usr/local/lib/python3.10/site-packages/telegram/ext/updater.py", line 602, in polling_action_cb
    updates = self.bot.get_updates(
  File "/usr/local/lib/python3.10/site-packages/telegram/ext/extbot.py", line 228, in get_updates
    updates = super().get_updates(
  File "/usr/local/lib/python3.10/site-packages/telegram/bot.py", line 134, in decorator
    result = func(*args, **kwargs)
  File "/usr/local/lib/python3.10/site-packages/telegram/bot.py", line 3140, in get_updates
    self._post(
  File "/usr/local/lib/python3.10/site-packages/telegram/bot.py", line 299, in _post
    return self.request.post(
  File "/usr/local/lib/python3.10/site-packages/telegram/utils/request.py", line 361, in post
    result = self._request_wrapper(
  File "/usr/local/lib/python3.10/site-packages/telegram/utils/request.py", line 265, in _request_wrapper
    raise NetworkError(f'urllib3 HTTPError {error}') from error
telegram.error.NetworkError: urllib3 HTTPError HTTPSConnectionPool(host='api.telegram.org', port=443): Max retries exceeded with url: /bot8663400657:AAEbBqdhw4ZfHrU7JqCGlj2twvONKQLYnTs/getUpdates (Caused by NewConnectionError('<telegram.vendor.ptb_urllib3.urllib3.connection.VerifiedHTTPSConnection object at 0x7263a711e920>: Failed to establish a new connection: [Errno -3] Temporary failure in name resolution'))
WARNING 2026-07-15 22:42:42,452 connectionpool Retrying (Retry(total=2, connect=None, read=None, redirect=None)) after connection broken by 'NewConnectionError('<telegram.vendor.ptb_urllib3.urllib3.connection.VerifiedHTTPSConnection object at 0x7263a711e9b0>: Failed to establish a new connection: [Errno -3] Temporary failure in name resolution')': /bot8663400657:AAEbBqdhw4ZfHrU7JqCGlj2twvONKQLYnTs/getUpdates
WARNING 2026-07-15 22:42:42,454 connectionpool Retrying (Retry(total=1, connect=None, read=None, redirect=None)) after connection broken by 'NewConnectionError('<telegram.vendor.ptb_urllib3.urllib3.connection.VerifiedHTTPSConnection object at 0x7263a711d960>: Failed to establish a new connection: [Errno -3] Temporary failure in name resolution')': /bot8663400657:AAEbBqdhw4ZfHrU7JqCGlj2twvONKQLYnTs/getUpdates
WARNING 2026-07-15 22:42:42,458 connectionpool Retrying (Retry(total=0, connect=None, read=None, redirect=None)) after connection broken by 'NewConnectionError('<telegram.vendor.ptb_urllib3.urllib3.connection.VerifiedHTTPSConnection object at 0x7263a711dae0>: Failed to establish a new connection: [Errno -3] Temporary failure in name resolution')': /bot8663400657:AAEbBqdhw4ZfHrU7JqCGlj2twvONKQLYnTs/getUpdates
ERROR 2026-07-15 22:42:42,461 updater Error while getting Updates: urllib3 HTTPError HTTPSConnectionPool(host='api.telegram.org', port=443): Max retries exceeded with url: /bot8663400657:AAEbBqdhw4ZfHrU7JqCGlj2twvONKQLYnTs/getUpdates (Caused by NewConnectionError('<telegram.vendor.ptb_urllib3.urllib3.connection.VerifiedHTTPSConnection object at 0x7263a711dc60>: Failed to establish a new connection: [Errno -3] Temporary failure in name resolution'))
ERROR 2026-07-15 22:42:42,464 dispatcher No error handlers are registered, logging exception.
Traceback (most recent call last):
  File "/usr/local/lib/python3.10/site-packages/telegram/vendor/ptb_urllib3/urllib3/connection.py", line 140, in _new_conn
    conn = connection.create_connection(
  File "/usr/local/lib/python3.10/site-packages/telegram/vendor/ptb_urllib3/urllib3/util/connection.py", line 60, in create_connection
    for res in socket.getaddrinfo(host, port, family, socket.SOCK_STREAM):
  File "/usr/local/lib/python3.10/socket.py", line 967, in getaddrinfo
    for res in _socket.getaddrinfo(host, port, family, type, proto, flags):
socket.gaierror: [Errno -3] Temporary failure in name resolution

During handling of the above exception, another exception occurred:

Traceback (most recent call last):
  File "/usr/local/lib/python3.10/site-packages/telegram/vendor/ptb_urllib3/urllib3/connectionpool.py", line 614, in urlopen
    httplib_response = self._make_request(conn, method, url,
  File "/usr/local/lib/python3.10/site-packages/telegram/vendor/ptb_urllib3/urllib3/connectionpool.py", line 360, in _make_request
    self._validate_conn(conn)
  File "/usr/local/lib/python3.10/site-packages/telegram/vendor/ptb_urllib3/urllib3/connectionpool.py", line 857, in _validate_conn
    super(HTTPSConnectionPool, self)._validate_conn(conn)
  File "/usr/local/lib/python3.10/site-packages/telegram/vendor/ptb_urllib3/urllib3/connectionpool.py", line 289, in _validate_conn
    conn.connect()
  File "/usr/local/lib/python3.10/site-packages/telegram/vendor/ptb_urllib3/urllib3/connection.py", line 284, in connect
    conn = self._new_conn()
  File "/usr/local/lib/python3.10/site-packages/telegram/vendor/ptb_urllib3/urllib3/connection.py", line 149, in _new_conn
    raise NewConnectionError(
telegram.vendor.ptb_urllib3.urllib3.exceptions.NewConnectionError: <telegram.vendor.ptb_urllib3.urllib3.connection.VerifiedHTTPSConnection object at 0x7263a711dc60>: Failed to establish a new connection: [Errno -3] Temporary failure in name resolution

During handling of the above exception, another exception occurred:

Traceback (most recent call last):
  File "/usr/local/lib/python3.10/site-packages/telegram/utils/request.py", line 259, in _request_wrapper
    resp = self._con_pool.request(*args, **kwargs)
  File "/usr/local/lib/python3.10/site-packages/telegram/vendor/ptb_urllib3/urllib3/request.py", line 68, in request
    return self.request_encode_body(method, url, fields=fields,
  File "/usr/local/lib/python3.10/site-packages/telegram/vendor/ptb_urllib3/urllib3/request.py", line 148, in request_encode_body
    return self.urlopen(method, url, **extra_kw)
  File "/usr/local/lib/python3.10/site-packages/telegram/vendor/ptb_urllib3/urllib3/poolmanager.py", line 244, in urlopen
    response = conn.urlopen(method, u.request_uri, **kw)
  File "/usr/local/lib/python3.10/site-packages/telegram/vendor/ptb_urllib3/urllib3/connectionpool.py", line 691, in urlopen
    return self.urlopen(method, url, body, headers, retries,
  File "/usr/local/lib/python3.10/site-packages/telegram/vendor/ptb_urllib3/urllib3/connectionpool.py", line 691, in urlopen
    return self.urlopen(method, url, body, headers, retries,
  File "/usr/local/lib/python3.10/site-packages/telegram/vendor/ptb_urllib3/urllib3/connectionpool.py", line 691, in urlopen
    return self.urlopen(method, url, body, headers, retries,
  File "/usr/local/lib/python3.10/site-packages/telegram/vendor/ptb_urllib3/urllib3/connectionpool.py", line 665, in urlopen
    retries = retries.increment(method, url, error=e, _pool=self,
  File "/usr/local/lib/python3.10/site-packages/telegram/vendor/ptb_urllib3/urllib3/util/retry.py", line 376, in increment
    raise MaxRetryError(_pool, url, error or ResponseError(cause))
telegram.vendor.ptb_urllib3.urllib3.exceptions.MaxRetryError: HTTPSConnectionPool(host='api.telegram.org', port=443): Max retries exceeded with url: /bot8663400657:AAEbBqdhw4ZfHrU7JqCGlj2twvONKQLYnTs/getUpdates (Caused by NewConnectionError('<telegram.vendor.ptb_urllib3.urllib3.connection.VerifiedHTTPSConnection object at 0x7263a711dc60>: Failed to establish a new connection: [Errno -3] Temporary failure in name resolution'))

The above exception was the direct cause of the following exception:

Traceback (most recent call last):
  File "/usr/local/lib/python3.10/site-packages/telegram/ext/updater.py", line 651, in _network_loop_retry
    if not action_cb():
  File "/usr/local/lib/python3.10/site-packages/telegram/ext/updater.py", line 602, in polling_action_cb
    updates = self.bot.get_updates(
  File "/usr/local/lib/python3.10/site-packages/telegram/ext/extbot.py", line 228, in get_updates
    updates = super().get_updates(
  File "/usr/local/lib/python3.10/site-packages/telegram/bot.py", line 134, in decorator
    result = func(*args, **kwargs)
  File "/usr/local/lib/python3.10/site-packages/telegram/bot.py", line 3140, in get_updates
    self._post(
  File "/usr/local/lib/python3.10/site-packages/telegram/bot.py", line 299, in _post
    return self.request.post(
  File "/usr/local/lib/python3.10/site-packages/telegram/utils/request.py", line 361, in post
    result = self._request_wrapper(
  File "/usr/local/lib/python3.10/site-packages/telegram/utils/request.py", line 265, in _request_wrapper
    raise NetworkError(f'urllib3 HTTPError {error}') from error
telegram.error.NetworkError: urllib3 HTTPError HTTPSConnectionPool(host='api.telegram.org', port=443): Max retries exceeded with url: /bot8663400657:AAEbBqdhw4ZfHrU7JqCGlj2twvONKQLYnTs/getUpdates (Caused by NewConnectionError('<telegram.vendor.ptb_urllib3.urllib3.connection.VerifiedHTTPSConnection object at 0x7263a711dc60>: Failed to establish a new connection: [Errno -3] Temporary failure in name resolution'))
INFO 2026-07-17 21:46:06,385 runbot1 Starting bot polling (attempt 1/5)...
INFO 2026-07-17 21:46:06,388 base Scheduler started
INFO 2026-07-17 22:06:20,555 updater Received signal 15 (SIGTERM), stopping...
INFO 2026-07-17 22:06:20,564 base Scheduler has been shut down
INFO 2026-07-17 22:06:32,035 runbot1 Starting bot polling (attempt 1/5)...
INFO 2026-07-17 22:06:32,037 base Scheduler started
INFO 2026-07-17 22:06:57,658 runbot1 Starting bot polling (attempt 1/5)...
INFO 2026-07-17 22:06:57,661 base Scheduler started
INFO 2026-07-18 17:35:44,949 runbot1 Starting bot polling (attempt 1/5)...
INFO 2026-07-18 17:35:44,951 base Scheduler started
INFO 2026-07-18 20:50:27,211 updater Received signal 15 (SIGTERM), stopping...
INFO 2026-07-18 20:50:27,245 base Scheduler has been shut down
INFO 2026-07-19 11:47:34,842 runbot1 Starting bot polling (attempt 1/5)...
INFO 2026-07-19 11:47:34,846 base Scheduler started
WARNING 2026-07-19 13:48:22,755 connectionpool Retrying (Retry(total=2, connect=None, read=None, redirect=None)) after connection broken by 'NewConnectionError('<telegram.vendor.ptb_urllib3.urllib3.connection.VerifiedHTTPSConnection object at 0x7c098192e110>: Failed to establish a new connection: [Errno -3] Temporary failure in name resolution')': /bot8663400657:AAEbBqdhw4ZfHrU7JqCGlj2twvONKQLYnTs/getUpdates
WARNING 2026-07-19 13:48:30,803 connectionpool Retrying (Retry(total=1, connect=None, read=None, redirect=None)) after connection broken by 'NewConnectionError('<telegram.vendor.ptb_urllib3.urllib3.connection.VerifiedHTTPSConnection object at 0x7c098192d960>: Failed to establish a new connection: [Errno -3] Temporary failure in name resolution')': /bot8663400657:AAEbBqdhw4ZfHrU7JqCGlj2twvONKQLYnTs/getUpdates
INFO 2026-07-19 13:50:40,244 updater Received signal 15 (SIGTERM), stopping...
INFO 2026-07-19 13:50:40,282 base Scheduler has been shut down
INFO 2026-07-19 15:11:26,553 runbot1 Starting bot polling (attempt 1/5)...
INFO 2026-07-19 15:11:26,556 base Scheduler started
ERROR 2026-07-19 17:33:41,923 updater Error while getting Updates: urllib3 HTTPError ('Connection aborted.', RemoteDisconnected('Remote end closed connection without response'))
ERROR 2026-07-19 17:33:42,153 dispatcher No error handlers are registered, logging exception.
Traceback (most recent call last):
  File "/usr/local/lib/python3.10/site-packages/telegram/vendor/ptb_urllib3/urllib3/connectionpool.py", line 614, in urlopen
    httplib_response = self._make_request(conn, method, url,
  File "/usr/local/lib/python3.10/site-packages/telegram/vendor/ptb_urllib3/urllib3/connectionpool.py", line 402, in _make_request
    six.raise_from(e, None)
  File "<string>", line 2, in raise_from
  File "/usr/local/lib/python3.10/site-packages/telegram/vendor/ptb_urllib3/urllib3/connectionpool.py", line 398, in _make_request
    httplib_response = conn.getresponse()
  File "/usr/local/lib/python3.10/http/client.py", line 1395, in getresponse
    response.begin()
  File "/usr/local/lib/python3.10/http/client.py", line 323, in begin
    version, status, reason = self._read_status()
  File "/usr/local/lib/python3.10/http/client.py", line 292, in _read_status
    raise RemoteDisconnected("Remote end closed connection without"
http.client.RemoteDisconnected: Remote end closed connection without response

During handling of the above exception, another exception occurred:

Traceback (most recent call last):
  File "/usr/local/lib/python3.10/site-packages/telegram/utils/request.py", line 259, in _request_wrapper
    resp = self._con_pool.request(*args, **kwargs)
  File "/usr/local/lib/python3.10/site-packages/telegram/vendor/ptb_urllib3/urllib3/request.py", line 68, in request
    return self.request_encode_body(method, url, fields=fields,
  File "/usr/local/lib/python3.10/site-packages/telegram/vendor/ptb_urllib3/urllib3/request.py", line 148, in request_encode_body
    return self.urlopen(method, url, **extra_kw)
  File "/usr/local/lib/python3.10/site-packages/telegram/vendor/ptb_urllib3/urllib3/poolmanager.py", line 244, in urlopen
    response = conn.urlopen(method, u.request_uri, **kw)
  File "/usr/local/lib/python3.10/site-packages/telegram/vendor/ptb_urllib3/urllib3/connectionpool.py", line 665, in urlopen
    retries = retries.increment(method, url, error=e, _pool=self,
  File "/usr/local/lib/python3.10/site-packages/telegram/vendor/ptb_urllib3/urllib3/util/retry.py", line 347, in increment
    raise six.reraise(type(error), error, _stacktrace)
  File "/usr/local/lib/python3.10/site-packages/telegram/vendor/ptb_urllib3/urllib3/packages/six.py", line 685, in reraise
    raise value.with_traceback(tb)
  File "/usr/local/lib/python3.10/site-packages/telegram/vendor/ptb_urllib3/urllib3/connectionpool.py", line 614, in urlopen
    httplib_response = self._make_request(conn, method, url,
  File "/usr/local/lib/python3.10/site-packages/telegram/vendor/ptb_urllib3/urllib3/connectionpool.py", line 402, in _make_request
    six.raise_from(e, None)
  File "<string>", line 2, in raise_from
  File "/usr/local/lib/python3.10/site-packages/telegram/vendor/ptb_urllib3/urllib3/connectionpool.py", line 398, in _make_request
    httplib_response = conn.getresponse()
  File "/usr/local/lib/python3.10/http/client.py", line 1395, in getresponse
    response.begin()
  File "/usr/local/lib/python3.10/http/client.py", line 323, in begin
    version, status, reason = self._read_status()
  File "/usr/local/lib/python3.10/http/client.py", line 292, in _read_status
    raise RemoteDisconnected("Remote end closed connection without"
telegram.vendor.ptb_urllib3.urllib3.exceptions.ProtocolError: ('Connection aborted.', RemoteDisconnected('Remote end closed connection without response'))

The above exception was the direct cause of the following exception:

Traceback (most recent call last):
  File "/usr/local/lib/python3.10/site-packages/telegram/ext/updater.py", line 651, in _network_loop_retry
    if not action_cb():
  File "/usr/local/lib/python3.10/site-packages/telegram/ext/updater.py", line 602, in polling_action_cb
    updates = self.bot.get_updates(
  File "/usr/local/lib/python3.10/site-packages/telegram/ext/extbot.py", line 228, in get_updates
    updates = super().get_updates(
  File "/usr/local/lib/python3.10/site-packages/telegram/bot.py", line 134, in decorator
    result = func(*args, **kwargs)
  File "/usr/local/lib/python3.10/site-packages/telegram/bot.py", line 3140, in get_updates
    self._post(
  File "/usr/local/lib/python3.10/site-packages/telegram/bot.py", line 299, in _post
    return self.request.post(
  File "/usr/local/lib/python3.10/site-packages/telegram/utils/request.py", line 361, in post
    result = self._request_wrapper(
  File "/usr/local/lib/python3.10/site-packages/telegram/utils/request.py", line 265, in _request_wrapper
    raise NetworkError(f'urllib3 HTTPError {error}') from error
telegram.error.NetworkError: urllib3 HTTPError ('Connection aborted.', RemoteDisconnected('Remote end closed connection without response'))
INFO 2026-07-20 11:24:56,225 runbot1 Starting bot polling (attempt 1/5)...
INFO 2026-07-20 11:24:56,228 base Scheduler started
WARNING 2026-07-20 13:56:57,458 connectionpool Retrying (Retry(total=2, connect=None, read=None, redirect=None)) after connection broken by 'NewConnectionError('<telegram.vendor.ptb_urllib3.urllib3.connection.VerifiedHTTPSConnection object at 0x73c39cb02aa0>: Failed to establish a new connection: [Errno -2] Name or service not known')': /bot8663400657:AAEbBqdhw4ZfHrU7JqCGlj2twvONKQLYnTs/getUpdates
WARNING 2026-07-20 13:56:57,552 connectionpool Retrying (Retry(total=1, connect=None, read=None, redirect=None)) after connection broken by 'NewConnectionError('<telegram.vendor.ptb_urllib3.urllib3.connection.VerifiedHTTPSConnection object at 0x73c39cb03bb0>: Failed to establish a new connection: [Errno -2] Name or service not known')': /bot8663400657:AAEbBqdhw4ZfHrU7JqCGlj2twvONKQLYnTs/getUpdates
WARNING 2026-07-20 13:56:57,567 connectionpool Retrying (Retry(total=0, connect=None, read=None, redirect=None)) after connection broken by 'NewConnectionError('<telegram.vendor.ptb_urllib3.urllib3.connection.VerifiedHTTPSConnection object at 0x73c39cb03a60>: Failed to establish a new connection: [Errno -2] Name or service not known')': /bot8663400657:AAEbBqdhw4ZfHrU7JqCGlj2twvONKQLYnTs/getUpdates
ERROR 2026-07-20 13:56:57,583 updater Error while getting Updates: urllib3 HTTPError HTTPSConnectionPool(host='api.telegram.org', port=443): Max retries exceeded with url: /bot8663400657:AAEbBqdhw4ZfHrU7JqCGlj2twvONKQLYnTs/getUpdates (Caused by NewConnectionError('<telegram.vendor.ptb_urllib3.urllib3.connection.VerifiedHTTPSConnection object at 0x73c39cb03910>: Failed to establish a new connection: [Errno -2] Name or service not known'))
ERROR 2026-07-20 13:56:57,592 dispatcher No error handlers are registered, logging exception.
Traceback (most recent call last):
  File "/usr/local/lib/python3.10/site-packages/telegram/vendor/ptb_urllib3/urllib3/connection.py", line 140, in _new_conn
    conn = connection.create_connection(
  File "/usr/local/lib/python3.10/site-packages/telegram/vendor/ptb_urllib3/urllib3/util/connection.py", line 60, in create_connection
    for res in socket.getaddrinfo(host, port, family, socket.SOCK_STREAM):
  File "/usr/local/lib/python3.10/socket.py", line 967, in getaddrinfo
    for res in _socket.getaddrinfo(host, port, family, type, proto, flags):
socket.gaierror: [Errno -2] Name or service not known

During handling of the above exception, another exception occurred:

Traceback (most recent call last):
  File "/usr/local/lib/python3.10/site-packages/telegram/vendor/ptb_urllib3/urllib3/connectionpool.py", line 614, in urlopen
    httplib_response = self._make_request(conn, method, url,
  File "/usr/local/lib/python3.10/site-packages/telegram/vendor/ptb_urllib3/urllib3/connectionpool.py", line 360, in _make_request
    self._validate_conn(conn)
  File "/usr/local/lib/python3.10/site-packages/telegram/vendor/ptb_urllib3/urllib3/connectionpool.py", line 857, in _validate_conn
    super(HTTPSConnectionPool, self)._validate_conn(conn)
  File "/usr/local/lib/python3.10/site-packages/telegram/vendor/ptb_urllib3/urllib3/connectionpool.py", line 289, in _validate_conn
    conn.connect()
  File "/usr/local/lib/python3.10/site-packages/telegram/vendor/ptb_urllib3/urllib3/connection.py", line 284, in connect
    conn = self._new_conn()
  File "/usr/local/lib/python3.10/site-packages/telegram/vendor/ptb_urllib3/urllib3/connection.py", line 149, in _new_conn
    raise NewConnectionError(
telegram.vendor.ptb_urllib3.urllib3.exceptions.NewConnectionError: <telegram.vendor.ptb_urllib3.urllib3.connection.VerifiedHTTPSConnection object at 0x73c39cb03910>: Failed to establish a new connection: [Errno -2] Name or service not known

During handling of the above exception, another exception occurred:

Traceback (most recent call last):
  File "/usr/local/lib/python3.10/site-packages/telegram/utils/request.py", line 259, in _request_wrapper
    resp = self._con_pool.request(*args, **kwargs)
  File "/usr/local/lib/python3.10/site-packages/telegram/vendor/ptb_urllib3/urllib3/request.py", line 68, in request
    return self.request_encode_body(method, url, fields=fields,
  File "/usr/local/lib/python3.10/site-packages/telegram/vendor/ptb_urllib3/urllib3/request.py", line 148, in request_encode_body
    return self.urlopen(method, url, **extra_kw)
  File "/usr/local/lib/python3.10/site-packages/telegram/vendor/ptb_urllib3/urllib3/poolmanager.py", line 244, in urlopen
    response = conn.urlopen(method, u.request_uri, **kw)
  File "/usr/local/lib/python3.10/site-packages/telegram/vendor/ptb_urllib3/urllib3/connectionpool.py", line 691, in urlopen
    return self.urlopen(method, url, body, headers, retries,
  File "/usr/local/lib/python3.10/site-packages/telegram/vendor/ptb_urllib3/urllib3/connectionpool.py", line 691, in urlopen
    return self.urlopen(method, url, body, headers, retries,
  File "/usr/local/lib/python3.10/site-packages/telegram/vendor/ptb_urllib3/urllib3/connectionpool.py", line 691, in urlopen
    return self.urlopen(method, url, body, headers, retries,
  File "/usr/local/lib/python3.10/site-packages/telegram/vendor/ptb_urllib3/urllib3/connectionpool.py", line 665, in urlopen
    retries = retries.increment(method, url, error=e, _pool=self,
  File "/usr/local/lib/python3.10/site-packages/telegram/vendor/ptb_urllib3/urllib3/util/retry.py", line 376, in increment
    raise MaxRetryError(_pool, url, error or ResponseError(cause))
telegram.vendor.ptb_urllib3.urllib3.exceptions.MaxRetryError: HTTPSConnectionPool(host='api.telegram.org', port=443): Max retries exceeded with url: /bot8663400657:AAEbBqdhw4ZfHrU7JqCGlj2twvONKQLYnTs/getUpdates (Caused by NewConnectionError('<telegram.vendor.ptb_urllib3.urllib3.connection.VerifiedHTTPSConnection object at 0x73c39cb03910>: Failed to establish a new connection: [Errno -2] Name or service not known'))

The above exception was the direct cause of the following exception:

Traceback (most recent call last):
  File "/usr/local/lib/python3.10/site-packages/telegram/ext/updater.py", line 651, in _network_loop_retry
    if not action_cb():
  File "/usr/local/lib/python3.10/site-packages/telegram/ext/updater.py", line 602, in polling_action_cb
    updates = self.bot.get_updates(
  File "/usr/local/lib/python3.10/site-packages/telegram/ext/extbot.py", line 228, in get_updates
    updates = super().get_updates(
  File "/usr/local/lib/python3.10/site-packages/telegram/bot.py", line 134, in decorator
    result = func(*args, **kwargs)
  File "/usr/local/lib/python3.10/site-packages/telegram/bot.py", line 3140, in get_updates
    self._post(
  File "/usr/local/lib/python3.10/site-packages/telegram/bot.py", line 299, in _post
    return self.request.post(
  File "/usr/local/lib/python3.10/site-packages/telegram/utils/request.py", line 361, in post
    result = self._request_wrapper(
  File "/usr/local/lib/python3.10/site-packages/telegram/utils/request.py", line 265, in _request_wrapper
    raise NetworkError(f'urllib3 HTTPError {error}') from error
telegram.error.NetworkError: urllib3 HTTPError HTTPSConnectionPool(host='api.telegram.org', port=443): Max retries exceeded with url: /bot8663400657:AAEbBqdhw4ZfHrU7JqCGlj2twvONKQLYnTs/getUpdates (Caused by NewConnectionError('<telegram.vendor.ptb_urllib3.urllib3.connection.VerifiedHTTPSConnection object at 0x73c39cb03910>: Failed to establish a new connection: [Errno -2] Name or service not known'))
WARNING 2026-07-20 13:56:58,673 connectionpool Retrying (Retry(total=2, connect=None, read=None, redirect=None)) after connection broken by 'NewConnectionError('<telegram.vendor.ptb_urllib3.urllib3.connection.VerifiedHTTPSConnection object at 0x73c39cb03640>: Failed to establish a new connection: [Errno -2] Name or service not known')': /bot8663400657:AAEbBqdhw4ZfHrU7JqCGlj2twvONKQLYnTs/getUpdates
WARNING 2026-07-20 13:56:58,686 connectionpool Retrying (Retry(total=1, connect=None, read=None, redirect=None)) after connection broken by 'NewConnectionError('<telegram.vendor.ptb_urllib3.urllib3.connection.VerifiedHTTPSConnection object at 0x73c39cb03670>: Failed to establish a new connection: [Errno -2] Name or service not known')': /bot8663400657:AAEbBqdhw4ZfHrU7JqCGlj2twvONKQLYnTs/getUpdates
WARNING 2026-07-20 13:56:58,700 connectionpool Retrying (Retry(total=0, connect=None, read=None, redirect=None)) after connection broken by 'NewConnectionError('<telegram.vendor.ptb_urllib3.urllib3.connection.VerifiedHTTPSConnection object at 0x73c39cb02b00>: Failed to establish a new connection: [Errno -2] Name or service not known')': /bot8663400657:AAEbBqdhw4ZfHrU7JqCGlj2twvONKQLYnTs/getUpdates
ERROR 2026-07-20 13:56:58,713 updater Error while getting Updates: urllib3 HTTPError HTTPSConnectionPool(host='api.telegram.org', port=443): Max retries exceeded with url: /bot8663400657:AAEbBqdhw4ZfHrU7JqCGlj2twvONKQLYnTs/getUpdates (Caused by NewConnectionError('<telegram.vendor.ptb_urllib3.urllib3.connection.VerifiedHTTPSConnection object at 0x73c39cb034f0>: Failed to establish a new connection: [Errno -2] Name or service not known'))
ERROR 2026-07-20 13:56:58,717 dispatcher No error handlers are registered, logging exception.
Traceback (most recent call last):
  File "/usr/local/lib/python3.10/site-packages/telegram/vendor/ptb_urllib3/urllib3/connection.py", line 140, in _new_conn
    conn = connection.create_connection(
  File "/usr/local/lib/python3.10/site-packages/telegram/vendor/ptb_urllib3/urllib3/util/connection.py", line 60, in create_connection
    for res in socket.getaddrinfo(host, port, family, socket.SOCK_STREAM):
  File "/usr/local/lib/python3.10/socket.py", line 967, in getaddrinfo
    for res in _socket.getaddrinfo(host, port, family, type, proto, flags):
socket.gaierror: [Errno -2] Name or service not known

During handling of the above exception, another exception occurred:

Traceback (most recent call last):
  File "/usr/local/lib/python3.10/site-packages/telegram/vendor/ptb_urllib3/urllib3/connectionpool.py", line 614, in urlopen
    httplib_response = self._make_request(conn, method, url,
  File "/usr/local/lib/python3.10/site-packages/telegram/vendor/ptb_urllib3/urllib3/connectionpool.py", line 360, in _make_request
    self._validate_conn(conn)
  File "/usr/local/lib/python3.10/site-packages/telegram/vendor/ptb_urllib3/urllib3/connectionpool.py", line 857, in _validate_conn
    super(HTTPSConnectionPool, self)._validate_conn(conn)
  File "/usr/local/lib/python3.10/site-packages/telegram/vendor/ptb_urllib3/urllib3/connectionpool.py", line 289, in _validate_conn
    conn.connect()
  File "/usr/local/lib/python3.10/site-packages/telegram/vendor/ptb_urllib3/urllib3/connection.py", line 284, in connect
    conn = self._new_conn()
  File "/usr/local/lib/python3.10/site-packages/telegram/vendor/ptb_urllib3/urllib3/connection.py", line 149, in _new_conn
    raise NewConnectionError(
telegram.vendor.ptb_urllib3.urllib3.exceptions.NewConnectionError: <telegram.vendor.ptb_urllib3.urllib3.connection.VerifiedHTTPSConnection object at 0x73c39cb034f0>: Failed to establish a new connection: [Errno -2] Name or service not known

During handling of the above exception, another exception occurred:

Traceback (most recent call last):
  File "/usr/local/lib/python3.10/site-packages/telegram/utils/request.py", line 259, in _request_wrapper
    resp = self._con_pool.request(*args, **kwargs)
  File "/usr/local/lib/python3.10/site-packages/telegram/vendor/ptb_urllib3/urllib3/request.py", line 68, in request
    return self.request_encode_body(method, url, fields=fields,
  File "/usr/local/lib/python3.10/site-packages/telegram/vendor/ptb_urllib3/urllib3/request.py", line 148, in request_encode_body
    return self.urlopen(method, url, **extra_kw)
  File "/usr/local/lib/python3.10/site-packages/telegram/vendor/ptb_urllib3/urllib3/poolmanager.py", line 244, in urlopen
    response = conn.urlopen(method, u.request_uri, **kw)
  File "/usr/local/lib/python3.10/site-packages/telegram/vendor/ptb_urllib3/urllib3/connectionpool.py", line 691, in urlopen
    return self.urlopen(method, url, body, headers, retries,
  File "/usr/local/lib/python3.10/site-packages/telegram/vendor/ptb_urllib3/urllib3/connectionpool.py", line 691, in urlopen
    return self.urlopen(method, url, body, headers, retries,
  File "/usr/local/lib/python3.10/site-packages/telegram/vendor/ptb_urllib3/urllib3/connectionpool.py", line 691, in urlopen
    return self.urlopen(method, url, body, headers, retries,
  File "/usr/local/lib/python3.10/site-packages/telegram/vendor/ptb_urllib3/urllib3/connectionpool.py", line 665, in urlopen
    retries = retries.increment(method, url, error=e, _pool=self,
  File "/usr/local/lib/python3.10/site-packages/telegram/vendor/ptb_urllib3/urllib3/util/retry.py", line 376, in increment
    raise MaxRetryError(_pool, url, error or ResponseError(cause))
telegram.vendor.ptb_urllib3.urllib3.exceptions.MaxRetryError: HTTPSConnectionPool(host='api.telegram.org', port=443): Max retries exceeded with url: /bot8663400657:AAEbBqdhw4ZfHrU7JqCGlj2twvONKQLYnTs/getUpdates (Caused by NewConnectionError('<telegram.vendor.ptb_urllib3.urllib3.connection.VerifiedHTTPSConnection object at 0x73c39cb034f0>: Failed to establish a new connection: [Errno -2] Name or service not known'))

The above exception was the direct cause of the following exception:

Traceback (most recent call last):
  File "/usr/local/lib/python3.10/site-packages/telegram/ext/updater.py", line 651, in _network_loop_retry
    if not action_cb():
  File "/usr/local/lib/python3.10/site-packages/telegram/ext/updater.py", line 602, in polling_action_cb
    updates = self.bot.get_updates(
  File "/usr/local/lib/python3.10/site-packages/telegram/ext/extbot.py", line 228, in get_updates
    updates = super().get_updates(
  File "/usr/local/lib/python3.10/site-packages/telegram/bot.py", line 134, in decorator
    result = func(*args, **kwargs)
  File "/usr/local/lib/python3.10/site-packages/telegram/bot.py", line 3140, in get_updates
    self._post(
  File "/usr/local/lib/python3.10/site-packages/telegram/bot.py", line 299, in _post
    return self.request.post(
  File "/usr/local/lib/python3.10/site-packages/telegram/utils/request.py", line 361, in post
    result = self._request_wrapper(
  File "/usr/local/lib/python3.10/site-packages/telegram/utils/request.py", line 265, in _request_wrapper
    raise NetworkError(f'urllib3 HTTPError {error}') from error
telegram.error.NetworkError: urllib3 HTTPError HTTPSConnectionPool(host='api.telegram.org', port=443): Max retries exceeded with url: /bot8663400657:AAEbBqdhw4ZfHrU7JqCGlj2twvONKQLYnTs/getUpdates (Caused by NewConnectionError('<telegram.vendor.ptb_urllib3.urllib3.connection.VerifiedHTTPSConnection object at 0x73c39cb034f0>: Failed to establish a new connection: [Errno -2] Name or service not known'))
WARNING 2026-07-20 13:57:00,232 connectionpool Retrying (Retry(total=2, connect=None, read=None, redirect=None)) after connection broken by 'NewConnectionError('<telegram.vendor.ptb_urllib3.urllib3.connection.VerifiedHTTPSConnection object at 0x73c39cb01180>: Failed to establish a new connection: [Errno -2] Name or service not known')': /bot8663400657:AAEbBqdhw4ZfHrU7JqCGlj2twvONKQLYnTs/getUpdates
WARNING 2026-07-20 13:57:00,339 connectionpool Retrying (Retry(total=1, connect=None, read=None, redirect=None)) after connection broken by 'NewConnectionError('<telegram.vendor.ptb_urllib3.urllib3.connection.VerifiedHTTPSConnection object at 0x73c39cb274c0>: Failed to establish a new connection: [Errno -2] Name or service not known')': /bot8663400657:AAEbBqdhw4ZfHrU7JqCGlj2twvONKQLYnTs/getUpdates
WARNING 2026-07-20 13:57:00,416 connectionpool Retrying (Retry(total=0, connect=None, read=None, redirect=None)) after connection broken by 'NewConnectionError('<telegram.vendor.ptb_urllib3.urllib3.connection.VerifiedHTTPSConnection object at 0x73c39cb275e0>: Failed to establish a new connection: [Errno -2] Name or service not known')': /bot8663400657:AAEbBqdhw4ZfHrU7JqCGlj2twvONKQLYnTs/getUpdates
ERROR 2026-07-20 13:57:00,613 updater Error while getting Updates: urllib3 HTTPError HTTPSConnectionPool(host='api.telegram.org', port=443): Max retries exceeded with url: /bot8663400657:AAEbBqdhw4ZfHrU7JqCGlj2twvONKQLYnTs/getUpdates (Caused by NewConnectionError('<telegram.vendor.ptb_urllib3.urllib3.connection.VerifiedHTTPSConnection object at 0x73c39cb24c70>: Failed to establish a new connection: [Errno -2] Name or service not known'))
ERROR 2026-07-20 13:57:00,640 dispatcher No error handlers are registered, logging exception.
Traceback (most recent call last):
  File "/usr/local/lib/python3.10/site-packages/telegram/vendor/ptb_urllib3/urllib3/connection.py", line 140, in _new_conn
    conn = connection.create_connection(
  File "/usr/local/lib/python3.10/site-packages/telegram/vendor/ptb_urllib3/urllib3/util/connection.py", line 60, in create_connection
    for res in socket.getaddrinfo(host, port, family, socket.SOCK_STREAM):
  File "/usr/local/lib/python3.10/socket.py", line 967, in getaddrinfo
    for res in _socket.getaddrinfo(host, port, family, type, proto, flags):
socket.gaierror: [Errno -2] Name or service not known

During handling of the above exception, another exception occurred:

Traceback (most recent call last):
  File "/usr/local/lib/python3.10/site-packages/telegram/vendor/ptb_urllib3/urllib3/connectionpool.py", line 614, in urlopen
    httplib_response = self._make_request(conn, method, url,
  File "/usr/local/lib/python3.10/site-packages/telegram/vendor/ptb_urllib3/urllib3/connectionpool.py", line 360, in _make_request
    self._validate_conn(conn)
  File "/usr/local/lib/python3.10/site-packages/telegram/vendor/ptb_urllib3/urllib3/connectionpool.py", line 857, in _validate_conn
    super(HTTPSConnectionPool, self)._validate_conn(conn)
  File "/usr/local/lib/python3.10/site-packages/telegram/vendor/ptb_urllib3/urllib3/connectionpool.py", line 289, in _validate_conn
    conn.connect()
  File "/usr/local/lib/python3.10/site-packages/telegram/vendor/ptb_urllib3/urllib3/connection.py", line 284, in connect
    conn = self._new_conn()
  File "/usr/local/lib/python3.10/site-packages/telegram/vendor/ptb_urllib3/urllib3/connection.py", line 149, in _new_conn
    raise NewConnectionError(
telegram.vendor.ptb_urllib3.urllib3.exceptions.NewConnectionError: <telegram.vendor.ptb_urllib3.urllib3.connection.VerifiedHTTPSConnection object at 0x73c39cb24c70>: Failed to establish a new connection: [Errno -2] Name or service not known

During handling of the above exception, another exception occurred:

Traceback (most recent call last):
  File "/usr/local/lib/python3.10/site-packages/telegram/utils/request.py", line 259, in _request_wrapper
    resp = self._con_pool.request(*args, **kwargs)
  File "/usr/local/lib/python3.10/site-packages/telegram/vendor/ptb_urllib3/urllib3/request.py", line 68, in request
    return self.request_encode_body(method, url, fields=fields,
  File "/usr/local/lib/python3.10/site-packages/telegram/vendor/ptb_urllib3/urllib3/request.py", line 148, in request_encode_body
    return self.urlopen(method, url, **extra_kw)
  File "/usr/local/lib/python3.10/site-packages/telegram/vendor/ptb_urllib3/urllib3/poolmanager.py", line 244, in urlopen
    response = conn.urlopen(method, u.request_uri, **kw)
  File "/usr/local/lib/python3.10/site-packages/telegram/vendor/ptb_urllib3/urllib3/connectionpool.py", line 691, in urlopen
    return self.urlopen(method, url, body, headers, retries,
  File "/usr/local/lib/python3.10/site-packages/telegram/vendor/ptb_urllib3/urllib3/connectionpool.py", line 691, in urlopen
    return self.urlopen(method, url, body, headers, retries,
  File "/usr/local/lib/python3.10/site-packages/telegram/vendor/ptb_urllib3/urllib3/connectionpool.py", line 691, in urlopen
    return self.urlopen(method, url, body, headers, retries,
  File "/usr/local/lib/python3.10/site-packages/telegram/vendor/ptb_urllib3/urllib3/connectionpool.py", line 665, in urlopen
    retries = retries.increment(method, url, error=e, _pool=self,
  File "/usr/local/lib/python3.10/site-packages/telegram/vendor/ptb_urllib3/urllib3/util/retry.py", line 376, in increment
    raise MaxRetryError(_pool, url, error or ResponseError(cause))
telegram.vendor.ptb_urllib3.urllib3.exceptions.MaxRetryError: HTTPSConnectionPool(host='api.telegram.org', port=443): Max retries exceeded with url: /bot8663400657:AAEbBqdhw4ZfHrU7JqCGlj2twvONKQLYnTs/getUpdates (Caused by NewConnectionError('<telegram.vendor.ptb_urllib3.urllib3.connection.VerifiedHTTPSConnection object at 0x73c39cb24c70>: Failed to establish a new connection: [Errno -2] Name or service not known'))

The above exception was the direct cause of the following exception:

Traceback (most recent call last):
  File "/usr/local/lib/python3.10/site-packages/telegram/ext/updater.py", line 651, in _network_loop_retry
    if not action_cb():
  File "/usr/local/lib/python3.10/site-packages/telegram/ext/updater.py", line 602, in polling_action_cb
    updates = self.bot.get_updates(
  File "/usr/local/lib/python3.10/site-packages/telegram/ext/extbot.py", line 228, in get_updates
    updates = super().get_updates(
  File "/usr/local/lib/python3.10/site-packages/telegram/bot.py", line 134, in decorator
    result = func(*args, **kwargs)
  File "/usr/local/lib/python3.10/site-packages/telegram/bot.py", line 3140, in get_updates
    self._post(
  File "/usr/local/lib/python3.10/site-packages/telegram/bot.py", line 299, in _post
    return self.request.post(
  File "/usr/local/lib/python3.10/site-packages/telegram/utils/request.py", line 361, in post
    result = self._request_wrapper(
  File "/usr/local/lib/python3.10/site-packages/telegram/utils/request.py", line 265, in _request_wrapper
    raise NetworkError(f'urllib3 HTTPError {error}') from error
telegram.error.NetworkError: urllib3 HTTPError HTTPSConnectionPool(host='api.telegram.org', port=443): Max retries exceeded with url: /bot8663400657:AAEbBqdhw4ZfHrU7JqCGlj2twvONKQLYnTs/getUpdates (Caused by NewConnectionError('<telegram.vendor.ptb_urllib3.urllib3.connection.VerifiedHTTPSConnection object at 0x73c39cb24c70>: Failed to establish a new connection: [Errno -2] Name or service not known'))
WARNING 2026-07-20 13:57:02,910 connectionpool Retrying (Retry(total=2, connect=None, read=None, redirect=None)) after connection broken by 'NewConnectionError('<telegram.vendor.ptb_urllib3.urllib3.connection.VerifiedHTTPSConnection object at 0x73c39cb01fc0>: Failed to establish a new connection: [Errno -2] Name or service not known')': /bot8663400657:AAEbBqdhw4ZfHrU7JqCGlj2twvONKQLYnTs/getUpdates
WARNING 2026-07-20 13:57:03,077 connectionpool Retrying (Retry(total=1, connect=None, read=None, redirect=None)) after connection broken by 'NewConnectionError('<telegram.vendor.ptb_urllib3.urllib3.connection.VerifiedHTTPSConnection object at 0x73c39cb24ac0>: Failed to establish a new connection: [Errno -2] Name or service not known')': /bot8663400657:AAEbBqdhw4ZfHrU7JqCGlj2twvONKQLYnTs/getUpdates
WARNING 2026-07-20 13:57:03,145 connectionpool Retrying (Retry(total=0, connect=None, read=None, redirect=None)) after connection broken by 'NewConnectionError('<telegram.vendor.ptb_urllib3.urllib3.connection.VerifiedHTTPSConnection object at 0x73c39cb24850>: Failed to establish a new connection: [Errno -2] Name or service not known')': /bot8663400657:AAEbBqdhw4ZfHrU7JqCGlj2twvONKQLYnTs/getUpdates
ERROR 2026-07-20 13:57:03,161 updater Error while getting Updates: urllib3 HTTPError HTTPSConnectionPool(host='api.telegram.org', port=443): Max retries exceeded with url: /bot8663400657:AAEbBqdhw4ZfHrU7JqCGlj2twvONKQLYnTs/getUpdates (Caused by NewConnectionError('<telegram.vendor.ptb_urllib3.urllib3.connection.VerifiedHTTPSConnection object at 0x73c39cb24700>: Failed to establish a new connection: [Errno -2] Name or service not known'))
ERROR 2026-07-20 13:57:03,164 dispatcher No error handlers are registered, logging exception.
Traceback (most recent call last):
  File "/usr/local/lib/python3.10/site-packages/telegram/vendor/ptb_urllib3/urllib3/connection.py", line 140, in _new_conn
    conn = connection.create_connection(
  File "/usr/local/lib/python3.10/site-packages/telegram/vendor/ptb_urllib3/urllib3/util/connection.py", line 60, in create_connection
    for res in socket.getaddrinfo(host, port, family, socket.SOCK_STREAM):
  File "/usr/local/lib/python3.10/socket.py", line 967, in getaddrinfo
    for res in _socket.getaddrinfo(host, port, family, type, proto, flags):
socket.gaierror: [Errno -2] Name or service not known

During handling of the above exception, another exception occurred:

Traceback (most recent call last):
  File "/usr/local/lib/python3.10/site-packages/telegram/vendor/ptb_urllib3/urllib3/connectionpool.py", line 614, in urlopen
    httplib_response = self._make_request(conn, method, url,
  File "/usr/local/lib/python3.10/site-packages/telegram/vendor/ptb_urllib3/urllib3/connectionpool.py", line 360, in _make_request
    self._validate_conn(conn)
  File "/usr/local/lib/python3.10/site-packages/telegram/vendor/ptb_urllib3/urllib3/connectionpool.py", line 857, in _validate_conn
    super(HTTPSConnectionPool, self)._validate_conn(conn)
  File "/usr/local/lib/python3.10/site-packages/telegram/vendor/ptb_urllib3/urllib3/connectionpool.py", line 289, in _validate_conn
    conn.connect()
  File "/usr/local/lib/python3.10/site-packages/telegram/vendor/ptb_urllib3/urllib3/connection.py", line 284, in connect
    conn = self._new_conn()
  File "/usr/local/lib/python3.10/site-packages/telegram/vendor/ptb_urllib3/urllib3/connection.py", line 149, in _new_conn
    raise NewConnectionError(
telegram.vendor.ptb_urllib3.urllib3.exceptions.NewConnectionError: <telegram.vendor.ptb_urllib3.urllib3.connection.VerifiedHTTPSConnection object at 0x73c39cb24700>: Failed to establish a new connection: [Errno -2] Name or service not known

During handling of the above exception, another exception occurred:

Traceback (most recent call last):
  File "/usr/local/lib/python3.10/site-packages/telegram/utils/request.py", line 259, in _request_wrapper
    resp = self._con_pool.request(*args, **kwargs)
  File "/usr/local/lib/python3.10/site-packages/telegram/vendor/ptb_urllib3/urllib3/request.py", line 68, in request
    return self.request_encode_body(method, url, fields=fields,
  File "/usr/local/lib/python3.10/site-packages/telegram/vendor/ptb_urllib3/urllib3/request.py", line 148, in request_encode_body
    return self.urlopen(method, url, **extra_kw)
  File "/usr/local/lib/python3.10/site-packages/telegram/vendor/ptb_urllib3/urllib3/poolmanager.py", line 244, in urlopen
    response = conn.urlopen(method, u.request_uri, **kw)
  File "/usr/local/lib/python3.10/site-packages/telegram/vendor/ptb_urllib3/urllib3/connectionpool.py", line 691, in urlopen
    return self.urlopen(method, url, body, headers, retries,
  File "/usr/local/lib/python3.10/site-packages/telegram/vendor/ptb_urllib3/urllib3/connectionpool.py", line 691, in urlopen
    return self.urlopen(method, url, body, headers, retries,
  File "/usr/local/lib/python3.10/site-packages/telegram/vendor/ptb_urllib3/urllib3/connectionpool.py", line 691, in urlopen
    return self.urlopen(method, url, body, headers, retries,
  File "/usr/local/lib/python3.10/site-packages/telegram/vendor/ptb_urllib3/urllib3/connectionpool.py", line 665, in urlopen
    retries = retries.increment(method, url, error=e, _pool=self,
  File "/usr/local/lib/python3.10/site-packages/telegram/vendor/ptb_urllib3/urllib3/util/retry.py", line 376, in increment
    raise MaxRetryError(_pool, url, error or ResponseError(cause))
telegram.vendor.ptb_urllib3.urllib3.exceptions.MaxRetryError: HTTPSConnectionPool(host='api.telegram.org', port=443): Max retries exceeded with url: /bot8663400657:AAEbBqdhw4ZfHrU7JqCGlj2twvONKQLYnTs/getUpdates (Caused by NewConnectionError('<telegram.vendor.ptb_urllib3.urllib3.connection.VerifiedHTTPSConnection object at 0x73c39cb24700>: Failed to establish a new connection: [Errno -2] Name or service not known'))

The above exception was the direct cause of the following exception:

Traceback (most recent call last):
  File "/usr/local/lib/python3.10/site-packages/telegram/ext/updater.py", line 651, in _network_loop_retry
    if not action_cb():
  File "/usr/local/lib/python3.10/site-packages/telegram/ext/updater.py", line 602, in polling_action_cb
    updates = self.bot.get_updates(
  File "/usr/local/lib/python3.10/site-packages/telegram/ext/extbot.py", line 228, in get_updates
    updates = super().get_updates(
  File "/usr/local/lib/python3.10/site-packages/telegram/bot.py", line 134, in decorator
    result = func(*args, **kwargs)
  File "/usr/local/lib/python3.10/site-packages/telegram/bot.py", line 3140, in get_updates
    self._post(
  File "/usr/local/lib/python3.10/site-packages/telegram/bot.py", line 299, in _post
    return self.request.post(
  File "/usr/local/lib/python3.10/site-packages/telegram/utils/request.py", line 361, in post
    result = self._request_wrapper(
  File "/usr/local/lib/python3.10/site-packages/telegram/utils/request.py", line 265, in _request_wrapper
    raise NetworkError(f'urllib3 HTTPError {error}') from error
telegram.error.NetworkError: urllib3 HTTPError HTTPSConnectionPool(host='api.telegram.org', port=443): Max retries exceeded with url: /bot8663400657:AAEbBqdhw4ZfHrU7JqCGlj2twvONKQLYnTs/getUpdates (Caused by NewConnectionError('<telegram.vendor.ptb_urllib3.urllib3.connection.VerifiedHTTPSConnection object at 0x73c39cb24700>: Failed to establish a new connection: [Errno -2] Name or service not known'))
WARNING 2026-07-20 13:57:06,580 connectionpool Retrying (Retry(total=2, connect=None, read=None, redirect=None)) after connection broken by 'NewConnectionError('<telegram.vendor.ptb_urllib3.urllib3.connection.VerifiedHTTPSConnection object at 0x73c39cb24b50>: Failed to establish a new connection: [Errno -2] Name or service not known')': /bot8663400657:AAEbBqdhw4ZfHrU7JqCGlj2twvONKQLYnTs/getUpdates
WARNING 2026-07-20 13:57:06,592 connectionpool Retrying (Retry(total=1, connect=None, read=None, redirect=None)) after connection broken by 'NewConnectionError('<telegram.vendor.ptb_urllib3.urllib3.connection.VerifiedHTTPSConnection object at 0x73c39cb24370>: Failed to establish a new connection: [Errno -2] Name or service not known')': /bot8663400657:AAEbBqdhw4ZfHrU7JqCGlj2twvONKQLYnTs/getUpdates
WARNING 2026-07-20 13:57:06,602 connectionpool Retrying (Retry(total=0, connect=None, read=None, redirect=None)) after connection broken by 'NewConnectionError('<telegram.vendor.ptb_urllib3.urllib3.connection.VerifiedHTTPSConnection object at 0x73c39cb24dc0>: Failed to establish a new connection: [Errno -2] Name or service not known')': /bot8663400657:AAEbBqdhw4ZfHrU7JqCGlj2twvONKQLYnTs/getUpdates
ERROR 2026-07-20 13:57:06,614 updater Error while getting Updates: urllib3 HTTPError HTTPSConnectionPool(host='api.telegram.org', port=443): Max retries exceeded with url: /bot8663400657:AAEbBqdhw4ZfHrU7JqCGlj2twvONKQLYnTs/getUpdates (Caused by NewConnectionError('<telegram.vendor.ptb_urllib3.urllib3.connection.VerifiedHTTPSConnection object at 0x73c39cb24f40>: Failed to establish a new connection: [Errno -2] Name or service not known'))
ERROR 2026-07-20 13:57:06,617 dispatcher No error handlers are registered, logging exception.
Traceback (most recent call last):
  File "/usr/local/lib/python3.10/site-packages/telegram/vendor/ptb_urllib3/urllib3/connection.py", line 140, in _new_conn
    conn = connection.create_connection(
  File "/usr/local/lib/python3.10/site-packages/telegram/vendor/ptb_urllib3/urllib3/util/connection.py", line 60, in create_connection
    for res in socket.getaddrinfo(host, port, family, socket.SOCK_STREAM):
  File "/usr/local/lib/python3.10/socket.py", line 967, in getaddrinfo
    for res in _socket.getaddrinfo(host, port, family, type, proto, flags):
socket.gaierror: [Errno -2] Name or service not known

During handling of the above exception, another exception occurred:

Traceback (most recent call last):
  File "/usr/local/lib/python3.10/site-packages/telegram/vendor/ptb_urllib3/urllib3/connectionpool.py", line 614, in urlopen
    httplib_response = self._make_request(conn, method, url,
  File "/usr/local/lib/python3.10/site-packages/telegram/vendor/ptb_urllib3/urllib3/connectionpool.py", line 360, in _make_request
    self._validate_conn(conn)
  File "/usr/local/lib/python3.10/site-packages/telegram/vendor/ptb_urllib3/urllib3/connectionpool.py", line 857, in _validate_conn
    super(HTTPSConnectionPool, self)._validate_conn(conn)
  File "/usr/local/lib/python3.10/site-packages/telegram/vendor/ptb_urllib3/urllib3/connectionpool.py", line 289, in _validate_conn
    conn.connect()
  File "/usr/local/lib/python3.10/site-packages/telegram/vendor/ptb_urllib3/urllib3/connection.py", line 284, in connect
    conn = self._new_conn()
  File "/usr/local/lib/python3.10/site-packages/telegram/vendor/ptb_urllib3/urllib3/connection.py", line 149, in _new_conn
    raise NewConnectionError(
telegram.vendor.ptb_urllib3.urllib3.exceptions.NewConnectionError: <telegram.vendor.ptb_urllib3.urllib3.connection.VerifiedHTTPSConnection object at 0x73c39cb24f40>: Failed to establish a new connection: [Errno -2] Name or service not known

During handling of the above exception, another exception occurred:

Traceback (most recent call last):
  File "/usr/local/lib/python3.10/site-packages/telegram/utils/request.py", line 259, in _request_wrapper
    resp = self._con_pool.request(*args, **kwargs)
  File "/usr/local/lib/python3.10/site-packages/telegram/vendor/ptb_urllib3/urllib3/request.py", line 68, in request
    return self.request_encode_body(method, url, fields=fields,
  File "/usr/local/lib/python3.10/site-packages/telegram/vendor/ptb_urllib3/urllib3/request.py", line 148, in request_encode_body
    return self.urlopen(method, url, **extra_kw)
  File "/usr/local/lib/python3.10/site-packages/telegram/vendor/ptb_urllib3/urllib3/poolmanager.py", line 244, in urlopen
    response = conn.urlopen(method, u.request_uri, **kw)
  File "/usr/local/lib/python3.10/site-packages/telegram/vendor/ptb_urllib3/urllib3/connectionpool.py", line 691, in urlopen
    return self.urlopen(method, url, body, headers, retries,
  File "/usr/local/lib/python3.10/site-packages/telegram/vendor/ptb_urllib3/urllib3/connectionpool.py", line 691, in urlopen
    return self.urlopen(method, url, body, headers, retries,
  File "/usr/local/lib/python3.10/site-packages/telegram/vendor/ptb_urllib3/urllib3/connectionpool.py", line 691, in urlopen
    return self.urlopen(method, url, body, headers, retries,
  File "/usr/local/lib/python3.10/site-packages/telegram/vendor/ptb_urllib3/urllib3/connectionpool.py", line 665, in urlopen
    retries = retries.increment(method, url, error=e, _pool=self,
  File "/usr/local/lib/python3.10/site-packages/telegram/vendor/ptb_urllib3/urllib3/util/retry.py", line 376, in increment
    raise MaxRetryError(_pool, url, error or ResponseError(cause))
telegram.vendor.ptb_urllib3.urllib3.exceptions.MaxRetryError: HTTPSConnectionPool(host='api.telegram.org', port=443): Max retries exceeded with url: /bot8663400657:AAEbBqdhw4ZfHrU7JqCGlj2twvONKQLYnTs/getUpdates (Caused by NewConnectionError('<telegram.vendor.ptb_urllib3.urllib3.connection.VerifiedHTTPSConnection object at 0x73c39cb24f40>: Failed to establish a new connection: [Errno -2] Name or service not known'))

The above exception was the direct cause of the following exception:

Traceback (most recent call last):
  File "/usr/local/lib/python3.10/site-packages/telegram/ext/updater.py", line 651, in _network_loop_retry
    if not action_cb():
  File "/usr/local/lib/python3.10/site-packages/telegram/ext/updater.py", line 602, in polling_action_cb
    updates = self.bot.get_updates(
  File "/usr/local/lib/python3.10/site-packages/telegram/ext/extbot.py", line 228, in get_updates
    updates = super().get_updates(
  File "/usr/local/lib/python3.10/site-packages/telegram/bot.py", line 134, in decorator
    result = func(*args, **kwargs)
  File "/usr/local/lib/python3.10/site-packages/telegram/bot.py", line 3140, in get_updates
    self._post(
  File "/usr/local/lib/python3.10/site-packages/telegram/bot.py", line 299, in _post
    return self.request.post(
  File "/usr/local/lib/python3.10/site-packages/telegram/utils/request.py", line 361, in post
    result = self._request_wrapper(
  File "/usr/local/lib/python3.10/site-packages/telegram/utils/request.py", line 265, in _request_wrapper
    raise NetworkError(f'urllib3 HTTPError {error}') from error
telegram.error.NetworkError: urllib3 HTTPError HTTPSConnectionPool(host='api.telegram.org', port=443): Max retries exceeded with url: /bot8663400657:AAEbBqdhw4ZfHrU7JqCGlj2twvONKQLYnTs/getUpdates (Caused by NewConnectionError('<telegram.vendor.ptb_urllib3.urllib3.connection.VerifiedHTTPSConnection object at 0x73c39cb24f40>: Failed to establish a new connection: [Errno -2] Name or service not known'))
WARNING 2026-07-20 13:57:11,717 connectionpool Retrying (Retry(total=2, connect=None, read=None, redirect=None)) after connection broken by 'NewConnectionError('<telegram.vendor.ptb_urllib3.urllib3.connection.VerifiedHTTPSConnection object at 0x73c39cb24490>: Failed to establish a new connection: [Errno -2] Name or service not known')': /bot8663400657:AAEbBqdhw4ZfHrU7JqCGlj2twvONKQLYnTs/getUpdates
WARNING 2026-07-20 13:57:11,773 connectionpool Retrying (Retry(total=1, connect=None, read=None, redirect=None)) after connection broken by 'NewConnectionError('<telegram.vendor.ptb_urllib3.urllib3.connection.VerifiedHTTPSConnection object at 0x73c39cb253c0>: Failed to establish a new connection: [Errno -2] Name or service not known')': /bot8663400657:AAEbBqdhw4ZfHrU7JqCGlj2twvONKQLYnTs/getUpdates
WARNING 2026-07-20 13:57:11,871 connectionpool Retrying (Retry(total=0, connect=None, read=None, redirect=None)) after connection broken by 'NewConnectionError('<telegram.vendor.ptb_urllib3.urllib3.connection.VerifiedHTTPSConnection object at 0x73c39cb25540>: Failed to establish a new connection: [Errno -2] Name or service not known')': /bot8663400657:AAEbBqdhw4ZfHrU7JqCGlj2twvONKQLYnTs/getUpdates
ERROR 2026-07-20 13:57:11,973 updater Error while getting Updates: urllib3 HTTPError HTTPSConnectionPool(host='api.telegram.org', port=443): Max retries exceeded with url: /bot8663400657:AAEbBqdhw4ZfHrU7JqCGlj2twvONKQLYnTs/getUpdates (Caused by NewConnectionError('<telegram.vendor.ptb_urllib3.urllib3.connection.VerifiedHTTPSConnection object at 0x73c39cb26c50>: Failed to establish a new connection: [Errno -2] Name or service not known'))
ERROR 2026-07-20 13:57:11,996 dispatcher No error handlers are registered, logging exception.
Traceback (most recent call last):
  File "/usr/local/lib/python3.10/site-packages/telegram/vendor/ptb_urllib3/urllib3/connection.py", line 140, in _new_conn
    conn = connection.create_connection(
  File "/usr/local/lib/python3.10/site-packages/telegram/vendor/ptb_urllib3/urllib3/util/connection.py", line 60, in create_connection
    for res in socket.getaddrinfo(host, port, family, socket.SOCK_STREAM):
  File "/usr/local/lib/python3.10/socket.py", line 967, in getaddrinfo
    for res in _socket.getaddrinfo(host, port, family, type, proto, flags):
socket.gaierror: [Errno -2] Name or service not known

During handling of the above exception, another exception occurred:

Traceback (most recent call last):
  File "/usr/local/lib/python3.10/site-packages/telegram/vendor/ptb_urllib3/urllib3/connectionpool.py", line 614, in urlopen
    httplib_response = self._make_request(conn, method, url,
  File "/usr/local/lib/python3.10/site-packages/telegram/vendor/ptb_urllib3/urllib3/connectionpool.py", line 360, in _make_request
    self._validate_conn(conn)
  File "/usr/local/lib/python3.10/site-packages/telegram/vendor/ptb_urllib3/urllib3/connectionpool.py", line 857, in _validate_conn
    super(HTTPSConnectionPool, self)._validate_conn(conn)
  File "/usr/local/lib/python3.10/site-packages/telegram/vendor/ptb_urllib3/urllib3/connectionpool.py", line 289, in _validate_conn
    conn.connect()
  File "/usr/local/lib/python3.10/site-packages/telegram/vendor/ptb_urllib3/urllib3/connection.py", line 284, in connect
    conn = self._new_conn()
  File "/usr/local/lib/python3.10/site-packages/telegram/vendor/ptb_urllib3/urllib3/connection.py", line 149, in _new_conn
    raise NewConnectionError(
telegram.vendor.ptb_urllib3.urllib3.exceptions.NewConnectionError: <telegram.vendor.ptb_urllib3.urllib3.connection.VerifiedHTTPSConnection object at 0x73c39cb26c50>: Failed to establish a new connection: [Errno -2] Name or service not known

During handling of the above exception, another exception occurred:

Traceback (most recent call last):
  File "/usr/local/lib/python3.10/site-packages/telegram/utils/request.py", line 259, in _request_wrapper
    resp = self._con_pool.request(*args, **kwargs)
  File "/usr/local/lib/python3.10/site-packages/telegram/vendor/ptb_urllib3/urllib3/request.py", line 68, in request
    return self.request_encode_body(method, url, fields=fields,
  File "/usr/local/lib/python3.10/site-packages/telegram/vendor/ptb_urllib3/urllib3/request.py", line 148, in request_encode_body
    return self.urlopen(method, url, **extra_kw)
  File "/usr/local/lib/python3.10/site-packages/telegram/vendor/ptb_urllib3/urllib3/poolmanager.py", line 244, in urlopen
    response = conn.urlopen(method, u.request_uri, **kw)
  File "/usr/local/lib/python3.10/site-packages/telegram/vendor/ptb_urllib3/urllib3/connectionpool.py", line 691, in urlopen
    return self.urlopen(method, url, body, headers, retries,
  File "/usr/local/lib/python3.10/site-packages/telegram/vendor/ptb_urllib3/urllib3/connectionpool.py", line 691, in urlopen
    return self.urlopen(method, url, body, headers, retries,
  File "/usr/local/lib/python3.10/site-packages/telegram/vendor/ptb_urllib3/urllib3/connectionpool.py", line 691, in urlopen
    return self.urlopen(method, url, body, headers, retries,
  File "/usr/local/lib/python3.10/site-packages/telegram/vendor/ptb_urllib3/urllib3/connectionpool.py", line 665, in urlopen
    retries = retries.increment(method, url, error=e, _pool=self,
  File "/usr/local/lib/python3.10/site-packages/telegram/vendor/ptb_urllib3/urllib3/util/retry.py", line 376, in increment
    raise MaxRetryError(_pool, url, error or ResponseError(cause))
telegram.vendor.ptb_urllib3.urllib3.exceptions.MaxRetryError: HTTPSConnectionPool(host='api.telegram.org', port=443): Max retries exceeded with url: /bot8663400657:AAEbBqdhw4ZfHrU7JqCGlj2twvONKQLYnTs/getUpdates (Caused by NewConnectionError('<telegram.vendor.ptb_urllib3.urllib3.connection.VerifiedHTTPSConnection object at 0x73c39cb26c50>: Failed to establish a new connection: [Errno -2] Name or service not known'))

The above exception was the direct cause of the following exception:

Traceback (most recent call last):
  File "/usr/local/lib/python3.10/site-packages/telegram/ext/updater.py", line 651, in _network_loop_retry
    if not action_cb():
  File "/usr/local/lib/python3.10/site-packages/telegram/ext/updater.py", line 602, in polling_action_cb
    updates = self.bot.get_updates(
  File "/usr/local/lib/python3.10/site-packages/telegram/ext/extbot.py", line 228, in get_updates
    updates = super().get_updates(
  File "/usr/local/lib/python3.10/site-packages/telegram/bot.py", line 134, in decorator
    result = func(*args, **kwargs)
  File "/usr/local/lib/python3.10/site-packages/telegram/bot.py", line 3140, in get_updates
    self._post(
  File "/usr/local/lib/python3.10/site-packages/telegram/bot.py", line 299, in _post
    return self.request.post(
  File "/usr/local/lib/python3.10/site-packages/telegram/utils/request.py", line 361, in post
    result = self._request_wrapper(
  File "/usr/local/lib/python3.10/site-packages/telegram/utils/request.py", line 265, in _request_wrapper
    raise NetworkError(f'urllib3 HTTPError {error}') from error
telegram.error.NetworkError: urllib3 HTTPError HTTPSConnectionPool(host='api.telegram.org', port=443): Max retries exceeded with url: /bot8663400657:AAEbBqdhw4ZfHrU7JqCGlj2twvONKQLYnTs/getUpdates (Caused by NewConnectionError('<telegram.vendor.ptb_urllib3.urllib3.connection.VerifiedHTTPSConnection object at 0x73c39cb26c50>: Failed to establish a new connection: [Errno -2] Name or service not known'))
WARNING 2026-07-20 13:57:19,644 connectionpool Retrying (Retry(total=2, connect=None, read=None, redirect=None)) after connection broken by 'NewConnectionError('<telegram.vendor.ptb_urllib3.urllib3.connection.VerifiedHTTPSConnection object at 0x73c39cb011b0>: Failed to establish a new connection: [Errno -2] Name or service not known')': /bot8663400657:AAEbBqdhw4ZfHrU7JqCGlj2twvONKQLYnTs/getUpdates
WARNING 2026-07-20 13:57:19,661 connectionpool Retrying (Retry(total=1, connect=None, read=None, redirect=None)) after connection broken by 'NewConnectionError('<telegram.vendor.ptb_urllib3.urllib3.connection.VerifiedHTTPSConnection object at 0x73c39cb01180>: Failed to establish a new connection: [Errno -2] Name or service not known')': /bot8663400657:AAEbBqdhw4ZfHrU7JqCGlj2twvONKQLYnTs/getUpdates
WARNING 2026-07-20 13:57:19,711 connectionpool Retrying (Retry(total=0, connect=None, read=None, redirect=None)) after connection broken by 'NewConnectionError('<telegram.vendor.ptb_urllib3.urllib3.connection.VerifiedHTTPSConnection object at 0x73c39cb03580>: Failed to establish a new connection: [Errno -2] Name or service not known')': /bot8663400657:AAEbBqdhw4ZfHrU7JqCGlj2twvONKQLYnTs/getUpdates
ERROR 2026-07-20 13:57:19,762 updater Error while getting Updates: urllib3 HTTPError HTTPSConnectionPool(host='api.telegram.org', port=443): Max retries exceeded with url: /bot8663400657:AAEbBqdhw4ZfHrU7JqCGlj2twvONKQLYnTs/getUpdates (Caused by NewConnectionError('<telegram.vendor.ptb_urllib3.urllib3.connection.VerifiedHTTPSConnection object at 0x73c39cb03520>: Failed to establish a new connection: [Errno -2] Name or service not known'))
ERROR 2026-07-20 13:57:19,784 dispatcher No error handlers are registered, logging exception.
Traceback (most recent call last):
  File "/usr/local/lib/python3.10/site-packages/telegram/vendor/ptb_urllib3/urllib3/connection.py", line 140, in _new_conn
    conn = connection.create_connection(
  File "/usr/local/lib/python3.10/site-packages/telegram/vendor/ptb_urllib3/urllib3/util/connection.py", line 60, in create_connection
    for res in socket.getaddrinfo(host, port, family, socket.SOCK_STREAM):
  File "/usr/local/lib/python3.10/socket.py", line 967, in getaddrinfo
    for res in _socket.getaddrinfo(host, port, family, type, proto, flags):
socket.gaierror: [Errno -2] Name or service not known

During handling of the above exception, another exception occurred:

Traceback (most recent call last):
  File "/usr/local/lib/python3.10/site-packages/telegram/vendor/ptb_urllib3/urllib3/connectionpool.py", line 614, in urlopen
    httplib_response = self._make_request(conn, method, url,
  File "/usr/local/lib/python3.10/site-packages/telegram/vendor/ptb_urllib3/urllib3/connectionpool.py", line 360, in _make_request
    self._validate_conn(conn)
  File "/usr/local/lib/python3.10/site-packages/telegram/vendor/ptb_urllib3/urllib3/connectionpool.py", line 857, in _validate_conn
    super(HTTPSConnectionPool, self)._validate_conn(conn)
  File "/usr/local/lib/python3.10/site-packages/telegram/vendor/ptb_urllib3/urllib3/connectionpool.py", line 289, in _validate_conn
    conn.connect()
  File "/usr/local/lib/python3.10/site-packages/telegram/vendor/ptb_urllib3/urllib3/connection.py", line 284, in connect
    conn = self._new_conn()
  File "/usr/local/lib/python3.10/site-packages/telegram/vendor/ptb_urllib3/urllib3/connection.py", line 149, in _new_conn
    raise NewConnectionError(
telegram.vendor.ptb_urllib3.urllib3.exceptions.NewConnectionError: <telegram.vendor.ptb_urllib3.urllib3.connection.VerifiedHTTPSConnection object at 0x73c39cb03520>: Failed to establish a new connection: [Errno -2] Name or service not known

During handling of the above exception, another exception occurred:

Traceback (most recent call last):
  File "/usr/local/lib/python3.10/site-packages/telegram/utils/request.py", line 259, in _request_wrapper
    resp = self._con_pool.request(*args, **kwargs)
  File "/usr/local/lib/python3.10/site-packages/telegram/vendor/ptb_urllib3/urllib3/request.py", line 68, in request
    return self.request_encode_body(method, url, fields=fields,
  File "/usr/local/lib/python3.10/site-packages/telegram/vendor/ptb_urllib3/urllib3/request.py", line 148, in request_encode_body
    return self.urlopen(method, url, **extra_kw)
  File "/usr/local/lib/python3.10/site-packages/telegram/vendor/ptb_urllib3/urllib3/poolmanager.py", line 244, in urlopen
    response = conn.urlopen(method, u.request_uri, **kw)
  File "/usr/local/lib/python3.10/site-packages/telegram/vendor/ptb_urllib3/urllib3/connectionpool.py", line 691, in urlopen
    return self.urlopen(method, url, body, headers, retries,
  File "/usr/local/lib/python3.10/site-packages/telegram/vendor/ptb_urllib3/urllib3/connectionpool.py", line 691, in urlopen
    return self.urlopen(method, url, body, headers, retries,
  File "/usr/local/lib/python3.10/site-packages/telegram/vendor/ptb_urllib3/urllib3/connectionpool.py", line 691, in urlopen
    return self.urlopen(method, url, body, headers, retries,
  File "/usr/local/lib/python3.10/site-packages/telegram/vendor/ptb_urllib3/urllib3/connectionpool.py", line 665, in urlopen
    retries = retries.increment(method, url, error=e, _pool=self,
  File "/usr/local/lib/python3.10/site-packages/telegram/vendor/ptb_urllib3/urllib3/util/retry.py", line 376, in increment
    raise MaxRetryError(_pool, url, error or ResponseError(cause))
telegram.vendor.ptb_urllib3.urllib3.exceptions.MaxRetryError: HTTPSConnectionPool(host='api.telegram.org', port=443): Max retries exceeded with url: /bot8663400657:AAEbBqdhw4ZfHrU7JqCGlj2twvONKQLYnTs/getUpdates (Caused by NewConnectionError('<telegram.vendor.ptb_urllib3.urllib3.connection.VerifiedHTTPSConnection object at 0x73c39cb03520>: Failed to establish a new connection: [Errno -2] Name or service not known'))

The above exception was the direct cause of the following exception:

Traceback (most recent call last):
  File "/usr/local/lib/python3.10/site-packages/telegram/ext/updater.py", line 651, in _network_loop_retry
    if not action_cb():
  File "/usr/local/lib/python3.10/site-packages/telegram/ext/updater.py", line 602, in polling_action_cb
    updates = self.bot.get_updates(
  File "/usr/local/lib/python3.10/site-packages/telegram/ext/extbot.py", line 228, in get_updates
    updates = super().get_updates(
  File "/usr/local/lib/python3.10/site-packages/telegram/bot.py", line 134, in decorator
    result = func(*args, **kwargs)
  File "/usr/local/lib/python3.10/site-packages/telegram/bot.py", line 3140, in get_updates
    self._post(
  File "/usr/local/lib/python3.10/site-packages/telegram/bot.py", line 299, in _post
    return self.request.post(
  File "/usr/local/lib/python3.10/site-packages/telegram/utils/request.py", line 361, in post
    result = self._request_wrapper(
  File "/usr/local/lib/python3.10/site-packages/telegram/utils/request.py", line 265, in _request_wrapper
    raise NetworkError(f'urllib3 HTTPError {error}') from error
telegram.error.NetworkError: urllib3 HTTPError HTTPSConnectionPool(host='api.telegram.org', port=443): Max retries exceeded with url: /bot8663400657:AAEbBqdhw4ZfHrU7JqCGlj2twvONKQLYnTs/getUpdates (Caused by NewConnectionError('<telegram.vendor.ptb_urllib3.urllib3.connection.VerifiedHTTPSConnection object at 0x73c39cb03520>: Failed to establish a new connection: [Errno -2] Name or service not known'))
WARNING 2026-07-20 13:57:31,206 connectionpool Retrying (Retry(total=2, connect=None, read=None, redirect=None)) after connection broken by 'NewConnectionError('<telegram.vendor.ptb_urllib3.urllib3.connection.VerifiedHTTPSConnection object at 0x73c39cb035e0>: Failed to establish a new connection: [Errno -2] Name or service not known')': /bot8663400657:AAEbBqdhw4ZfHrU7JqCGlj2twvONKQLYnTs/getUpdates
WARNING 2026-07-20 13:57:31,218 connectionpool Retrying (Retry(total=1, connect=None, read=None, redirect=None)) after connection broken by 'NewConnectionError('<telegram.vendor.ptb_urllib3.urllib3.connection.VerifiedHTTPSConnection object at 0x73c39cb26bc0>: Failed to establish a new connection: [Errno -2] Name or service not known')': /bot8663400657:AAEbBqdhw4ZfHrU7JqCGlj2twvONKQLYnTs/getUpdates
WARNING 2026-07-20 13:57:31,254 connectionpool Retrying (Retry(total=0, connect=None, read=None, redirect=None)) after connection broken by 'NewConnectionError('<telegram.vendor.ptb_urllib3.urllib3.connection.VerifiedHTTPSConnection object at 0x73c39cb24fd0>: Failed to establish a new connection: [Errno -2] Name or service not known')': /bot8663400657:AAEbBqdhw4ZfHrU7JqCGlj2twvONKQLYnTs/getUpdates
ERROR 2026-07-20 13:57:31,260 updater Error while getting Updates: urllib3 HTTPError HTTPSConnectionPool(host='api.telegram.org', port=443): Max retries exceeded with url: /bot8663400657:AAEbBqdhw4ZfHrU7JqCGlj2twvONKQLYnTs/getUpdates (Caused by NewConnectionError('<telegram.vendor.ptb_urllib3.urllib3.connection.VerifiedHTTPSConnection object at 0x73c39cb24520>: Failed to establish a new connection: [Errno -2] Name or service not known'))
ERROR 2026-07-20 13:57:31,262 dispatcher No error handlers are registered, logging exception.
Traceback (most recent call last):
  File "/usr/local/lib/python3.10/site-packages/telegram/vendor/ptb_urllib3/urllib3/connection.py", line 140, in _new_conn
    conn = connection.create_connection(
  File "/usr/local/lib/python3.10/site-packages/telegram/vendor/ptb_urllib3/urllib3/util/connection.py", line 60, in create_connection
    for res in socket.getaddrinfo(host, port, family, socket.SOCK_STREAM):
  File "/usr/local/lib/python3.10/socket.py", line 967, in getaddrinfo
    for res in _socket.getaddrinfo(host, port, family, type, proto, flags):
socket.gaierror: [Errno -2] Name or service not known

During handling of the above exception, another exception occurred:

Traceback (most recent call last):
  File "/usr/local/lib/python3.10/site-packages/telegram/vendor/ptb_urllib3/urllib3/connectionpool.py", line 614, in urlopen
    httplib_response = self._make_request(conn, method, url,
  File "/usr/local/lib/python3.10/site-packages/telegram/vendor/ptb_urllib3/urllib3/connectionpool.py", line 360, in _make_request
    self._validate_conn(conn)
  File "/usr/local/lib/python3.10/site-packages/telegram/vendor/ptb_urllib3/urllib3/connectionpool.py", line 857, in _validate_conn
    super(HTTPSConnectionPool, self)._validate_conn(conn)
  File "/usr/local/lib/python3.10/site-packages/telegram/vendor/ptb_urllib3/urllib3/connectionpool.py", line 289, in _validate_conn
    conn.connect()
  File "/usr/local/lib/python3.10/site-packages/telegram/vendor/ptb_urllib3/urllib3/connection.py", line 284, in connect
    conn = self._new_conn()
  File "/usr/local/lib/python3.10/site-packages/telegram/vendor/ptb_urllib3/urllib3/connection.py", line 149, in _new_conn
    raise NewConnectionError(
telegram.vendor.ptb_urllib3.urllib3.exceptions.NewConnectionError: <telegram.vendor.ptb_urllib3.urllib3.connection.VerifiedHTTPSConnection object at 0x73c39cb24520>: Failed to establish a new connection: [Errno -2] Name or service not known

During handling of the above exception, another exception occurred:

Traceback (most recent call last):
  File "/usr/local/lib/python3.10/site-packages/telegram/utils/request.py", line 259, in _request_wrapper
    resp = self._con_pool.request(*args, **kwargs)
  File "/usr/local/lib/python3.10/site-packages/telegram/vendor/ptb_urllib3/urllib3/request.py", line 68, in request
    return self.request_encode_body(method, url, fields=fields,
  File "/usr/local/lib/python3.10/site-packages/telegram/vendor/ptb_urllib3/urllib3/request.py", line 148, in request_encode_body
    return self.urlopen(method, url, **extra_kw)
  File "/usr/local/lib/python3.10/site-packages/telegram/vendor/ptb_urllib3/urllib3/poolmanager.py", line 244, in urlopen
    response = conn.urlopen(method, u.request_uri, **kw)
  File "/usr/local/lib/python3.10/site-packages/telegram/vendor/ptb_urllib3/urllib3/connectionpool.py", line 691, in urlopen
    return self.urlopen(method, url, body, headers, retries,
  File "/usr/local/lib/python3.10/site-packages/telegram/vendor/ptb_urllib3/urllib3/connectionpool.py", line 691, in urlopen
    return self.urlopen(method, url, body, headers, retries,
  File "/usr/local/lib/python3.10/site-packages/telegram/vendor/ptb_urllib3/urllib3/connectionpool.py", line 691, in urlopen
    return self.urlopen(method, url, body, headers, retries,
  File "/usr/local/lib/python3.10/site-packages/telegram/vendor/ptb_urllib3/urllib3/connectionpool.py", line 665, in urlopen
    retries = retries.increment(method, url, error=e, _pool=self,
  File "/usr/local/lib/python3.10/site-packages/telegram/vendor/ptb_urllib3/urllib3/util/retry.py", line 376, in increment
    raise MaxRetryError(_pool, url, error or ResponseError(cause))
telegram.vendor.ptb_urllib3.urllib3.exceptions.MaxRetryError: HTTPSConnectionPool(host='api.telegram.org', port=443): Max retries exceeded with url: /bot8663400657:AAEbBqdhw4ZfHrU7JqCGlj2twvONKQLYnTs/getUpdates (Caused by NewConnectionError('<telegram.vendor.ptb_urllib3.urllib3.connection.VerifiedHTTPSConnection object at 0x73c39cb24520>: Failed to establish a new connection: [Errno -2] Name or service not known'))

The above exception was the direct cause of the following exception:

Traceback (most recent call last):
  File "/usr/local/lib/python3.10/site-packages/telegram/ext/updater.py", line 651, in _network_loop_retry
    if not action_cb():
  File "/usr/local/lib/python3.10/site-packages/telegram/ext/updater.py", line 602, in polling_action_cb
    updates = self.bot.get_updates(
  File "/usr/local/lib/python3.10/site-packages/telegram/ext/extbot.py", line 228, in get_updates
    updates = super().get_updates(
  File "/usr/local/lib/python3.10/site-packages/telegram/bot.py", line 134, in decorator
    result = func(*args, **kwargs)
  File "/usr/local/lib/python3.10/site-packages/telegram/bot.py", line 3140, in get_updates
    self._post(
  File "/usr/local/lib/python3.10/site-packages/telegram/bot.py", line 299, in _post
    return self.request.post(
  File "/usr/local/lib/python3.10/site-packages/telegram/utils/request.py", line 361, in post
    result = self._request_wrapper(
  File "/usr/local/lib/python3.10/site-packages/telegram/utils/request.py", line 265, in _request_wrapper
    raise NetworkError(f'urllib3 HTTPError {error}') from error
telegram.error.NetworkError: urllib3 HTTPError HTTPSConnectionPool(host='api.telegram.org', port=443): Max retries exceeded with url: /bot8663400657:AAEbBqdhw4ZfHrU7JqCGlj2twvONKQLYnTs/getUpdates (Caused by NewConnectionError('<telegram.vendor.ptb_urllib3.urllib3.connection.VerifiedHTTPSConnection object at 0x73c39cb24520>: Failed to establish a new connection: [Errno -2] Name or service not known'))
WARNING 2026-07-20 13:57:48,392 connectionpool Retrying (Retry(total=2, connect=None, read=None, redirect=None)) after connection broken by 'NewConnectionError('<telegram.vendor.ptb_urllib3.urllib3.connection.VerifiedHTTPSConnection object at 0x73c39cb035b0>: Failed to establish a new connection: [Errno -2] Name or service not known')': /bot8663400657:AAEbBqdhw4ZfHrU7JqCGlj2twvONKQLYnTs/getUpdates
WARNING 2026-07-20 13:57:48,454 connectionpool Retrying (Retry(total=1, connect=None, read=None, redirect=None)) after connection broken by 'NewConnectionError('<telegram.vendor.ptb_urllib3.urllib3.connection.VerifiedHTTPSConnection object at 0x73c39cb24730>: Failed to establish a new connection: [Errno -2] Name or service not known')': /bot8663400657:AAEbBqdhw4ZfHrU7JqCGlj2twvONKQLYnTs/getUpdates
WARNING 2026-07-20 13:57:48,461 connectionpool Retrying (Retry(total=0, connect=None, read=None, redirect=None)) after connection broken by 'NewConnectionError('<telegram.vendor.ptb_urllib3.urllib3.connection.VerifiedHTTPSConnection object at 0x73c39cb24940>: Failed to establish a new connection: [Errno -2] Name or service not known')': /bot8663400657:AAEbBqdhw4ZfHrU7JqCGlj2twvONKQLYnTs/getUpdates
ERROR 2026-07-20 13:57:48,467 updater Error while getting Updates: urllib3 HTTPError HTTPSConnectionPool(host='api.telegram.org', port=443): Max retries exceeded with url: /bot8663400657:AAEbBqdhw4ZfHrU7JqCGlj2twvONKQLYnTs/getUpdates (Caused by NewConnectionError('<telegram.vendor.ptb_urllib3.urllib3.connection.VerifiedHTTPSConnection object at 0x73c39cb24cd0>: Failed to establish a new connection: [Errno -2] Name or service not known'))
ERROR 2026-07-20 13:57:48,470 dispatcher No error handlers are registered, logging exception.
Traceback (most recent call last):
  File "/usr/local/lib/python3.10/site-packages/telegram/vendor/ptb_urllib3/urllib3/connection.py", line 140, in _new_conn
    conn = connection.create_connection(
  File "/usr/local/lib/python3.10/site-packages/telegram/vendor/ptb_urllib3/urllib3/util/connection.py", line 60, in create_connection
    for res in socket.getaddrinfo(host, port, family, socket.SOCK_STREAM):
  File "/usr/local/lib/python3.10/socket.py", line 967, in getaddrinfo
    for res in _socket.getaddrinfo(host, port, family, type, proto, flags):
socket.gaierror: [Errno -2] Name or service not known

During handling of the above exception, another exception occurred:

Traceback (most recent call last):
  File "/usr/local/lib/python3.10/site-packages/telegram/vendor/ptb_urllib3/urllib3/connectionpool.py", line 614, in urlopen
    httplib_response = self._make_request(conn, method, url,
  File "/usr/local/lib/python3.10/site-packages/telegram/vendor/ptb_urllib3/urllib3/connectionpool.py", line 360, in _make_request
    self._validate_conn(conn)
  File "/usr/local/lib/python3.10/site-packages/telegram/vendor/ptb_urllib3/urllib3/connectionpool.py", line 857, in _validate_conn
    super(HTTPSConnectionPool, self)._validate_conn(conn)
  File "/usr/local/lib/python3.10/site-packages/telegram/vendor/ptb_urllib3/urllib3/connectionpool.py", line 289, in _validate_conn
    conn.connect()
  File "/usr/local/lib/python3.10/site-packages/telegram/vendor/ptb_urllib3/urllib3/connection.py", line 284, in connect
    conn = self._new_conn()
  File "/usr/local/lib/python3.10/site-packages/telegram/vendor/ptb_urllib3/urllib3/connection.py", line 149, in _new_conn
    raise NewConnectionError(
telegram.vendor.ptb_urllib3.urllib3.exceptions.NewConnectionError: <telegram.vendor.ptb_urllib3.urllib3.connection.VerifiedHTTPSConnection object at 0x73c39cb24cd0>: Failed to establish a new connection: [Errno -2] Name or service not known

During handling of the above exception, another exception occurred:

Traceback (most recent call last):
  File "/usr/local/lib/python3.10/site-packages/telegram/utils/request.py", line 259, in _request_wrapper
    resp = self._con_pool.request(*args, **kwargs)
  File "/usr/local/lib/python3.10/site-packages/telegram/vendor/ptb_urllib3/urllib3/request.py", line 68, in request
    return self.request_encode_body(method, url, fields=fields,
  File "/usr/local/lib/python3.10/site-packages/telegram/vendor/ptb_urllib3/urllib3/request.py", line 148, in request_encode_body
    return self.urlopen(method, url, **extra_kw)
  File "/usr/local/lib/python3.10/site-packages/telegram/vendor/ptb_urllib3/urllib3/poolmanager.py", line 244, in urlopen
    response = conn.urlopen(method, u.request_uri, **kw)
  File "/usr/local/lib/python3.10/site-packages/telegram/vendor/ptb_urllib3/urllib3/connectionpool.py", line 691, in urlopen
    return self.urlopen(method, url, body, headers, retries,
  File "/usr/local/lib/python3.10/site-packages/telegram/vendor/ptb_urllib3/urllib3/connectionpool.py", line 691, in urlopen
    return self.urlopen(method, url, body, headers, retries,
  File "/usr/local/lib/python3.10/site-packages/telegram/vendor/ptb_urllib3/urllib3/connectionpool.py", line 691, in urlopen
    return self.urlopen(method, url, body, headers, retries,
  File "/usr/local/lib/python3.10/site-packages/telegram/vendor/ptb_urllib3/urllib3/connectionpool.py", line 665, in urlopen
    retries = retries.increment(method, url, error=e, _pool=self,
  File "/usr/local/lib/python3.10/site-packages/telegram/vendor/ptb_urllib3/urllib3/util/retry.py", line 376, in increment
    raise MaxRetryError(_pool, url, error or ResponseError(cause))
telegram.vendor.ptb_urllib3.urllib3.exceptions.MaxRetryError: HTTPSConnectionPool(host='api.telegram.org', port=443): Max retries exceeded with url: /bot8663400657:AAEbBqdhw4ZfHrU7JqCGlj2twvONKQLYnTs/getUpdates (Caused by NewConnectionError('<telegram.vendor.ptb_urllib3.urllib3.connection.VerifiedHTTPSConnection object at 0x73c39cb24cd0>: Failed to establish a new connection: [Errno -2] Name or service not known'))

The above exception was the direct cause of the following exception:

Traceback (most recent call last):
  File "/usr/local/lib/python3.10/site-packages/telegram/ext/updater.py", line 651, in _network_loop_retry
    if not action_cb():
  File "/usr/local/lib/python3.10/site-packages/telegram/ext/updater.py", line 602, in polling_action_cb
    updates = self.bot.get_updates(
  File "/usr/local/lib/python3.10/site-packages/telegram/ext/extbot.py", line 228, in get_updates
    updates = super().get_updates(
  File "/usr/local/lib/python3.10/site-packages/telegram/bot.py", line 134, in decorator
    result = func(*args, **kwargs)
  File "/usr/local/lib/python3.10/site-packages/telegram/bot.py", line 3140, in get_updates
    self._post(
  File "/usr/local/lib/python3.10/site-packages/telegram/bot.py", line 299, in _post
    return self.request.post(
  File "/usr/local/lib/python3.10/site-packages/telegram/utils/request.py", line 361, in post
    result = self._request_wrapper(
  File "/usr/local/lib/python3.10/site-packages/telegram/utils/request.py", line 265, in _request_wrapper
    raise NetworkError(f'urllib3 HTTPError {error}') from error
telegram.error.NetworkError: urllib3 HTTPError HTTPSConnectionPool(host='api.telegram.org', port=443): Max retries exceeded with url: /bot8663400657:AAEbBqdhw4ZfHrU7JqCGlj2twvONKQLYnTs/getUpdates (Caused by NewConnectionError('<telegram.vendor.ptb_urllib3.urllib3.connection.VerifiedHTTPSConnection object at 0x73c39cb24cd0>: Failed to establish a new connection: [Errno -2] Name or service not known'))
WARNING 2026-07-20 13:58:14,180 connectionpool Retrying (Retry(total=2, connect=None, read=None, redirect=None)) after connection broken by 'NewConnectionError('<telegram.vendor.ptb_urllib3.urllib3.connection.VerifiedHTTPSConnection object at 0x73c39cb24790>: Failed to establish a new connection: [Errno -2] Name or service not known')': /bot8663400657:AAEbBqdhw4ZfHrU7JqCGlj2twvONKQLYnTs/getUpdates
WARNING 2026-07-20 13:58:14,194 connectionpool Retrying (Retry(total=1, connect=None, read=None, redirect=None)) after connection broken by 'NewConnectionError('<telegram.vendor.ptb_urllib3.urllib3.connection.VerifiedHTTPSConnection object at 0x73c39cb26a10>: Failed to establish a new connection: [Errno -2] Name or service not known')': /bot8663400657:AAEbBqdhw4ZfHrU7JqCGlj2twvONKQLYnTs/getUpdates
WARNING 2026-07-20 13:58:14,208 connectionpool Retrying (Retry(total=0, connect=None, read=None, redirect=None)) after connection broken by 'NewConnectionError('<telegram.vendor.ptb_urllib3.urllib3.connection.VerifiedHTTPSConnection object at 0x73c39cb26890>: Failed to establish a new connection: [Errno -2] Name or service not known')': /bot8663400657:AAEbBqdhw4ZfHrU7JqCGlj2twvONKQLYnTs/getUpdates
ERROR 2026-07-20 13:58:14,221 updater Error while getting Updates: urllib3 HTTPError HTTPSConnectionPool(host='api.telegram.org', port=443): Max retries exceeded with url: /bot8663400657:AAEbBqdhw4ZfHrU7JqCGlj2twvONKQLYnTs/getUpdates (Caused by NewConnectionError('<telegram.vendor.ptb_urllib3.urllib3.connection.VerifiedHTTPSConnection object at 0x73c39cb26710>: Failed to establish a new connection: [Errno -2] Name or service not known'))
ERROR 2026-07-20 13:58:14,225 dispatcher No error handlers are registered, logging exception.
Traceback (most recent call last):
  File "/usr/local/lib/python3.10/site-packages/telegram/vendor/ptb_urllib3/urllib3/connection.py", line 140, in _new_conn
    conn = connection.create_connection(
  File "/usr/local/lib/python3.10/site-packages/telegram/vendor/ptb_urllib3/urllib3/util/connection.py", line 60, in create_connection
    for res in socket.getaddrinfo(host, port, family, socket.SOCK_STREAM):
  File "/usr/local/lib/python3.10/socket.py", line 967, in getaddrinfo
    for res in _socket.getaddrinfo(host, port, family, type, proto, flags):
socket.gaierror: [Errno -2] Name or service not known

During handling of the above exception, another exception occurred:

Traceback (most recent call last):
  File "/usr/local/lib/python3.10/site-packages/telegram/vendor/ptb_urllib3/urllib3/connectionpool.py", line 614, in urlopen
    httplib_response = self._make_request(conn, method, url,
  File "/usr/local/lib/python3.10/site-packages/telegram/vendor/ptb_urllib3/urllib3/connectionpool.py", line 360, in _make_request
    self._validate_conn(conn)
  File "/usr/local/lib/python3.10/site-packages/telegram/vendor/ptb_urllib3/urllib3/connectionpool.py", line 857, in _validate_conn
    super(HTTPSConnectionPool, self)._validate_conn(conn)
  File "/usr/local/lib/python3.10/site-packages/telegram/vendor/ptb_urllib3/urllib3/connectionpool.py", line 289, in _validate_conn
    conn.connect()
  File "/usr/local/lib/python3.10/site-packages/telegram/vendor/ptb_urllib3/urllib3/connection.py", line 284, in connect
    conn = self._new_conn()
  File "/usr/local/lib/python3.10/site-packages/telegram/vendor/ptb_urllib3/urllib3/connection.py", line 149, in _new_conn
    raise NewConnectionError(
telegram.vendor.ptb_urllib3.urllib3.exceptions.NewConnectionError: <telegram.vendor.ptb_urllib3.urllib3.connection.VerifiedHTTPSConnection object at 0x73c39cb26710>: Failed to establish a new connection: [Errno -2] Name or service not known

During handling of the above exception, another exception occurred:

Traceback (most recent call last):
  File "/usr/local/lib/python3.10/site-packages/telegram/utils/request.py", line 259, in _request_wrapper
    resp = self._con_pool.request(*args, **kwargs)
  File "/usr/local/lib/python3.10/site-packages/telegram/vendor/ptb_urllib3/urllib3/request.py", line 68, in request
    return self.request_encode_body(method, url, fields=fields,
  File "/usr/local/lib/python3.10/site-packages/telegram/vendor/ptb_urllib3/urllib3/request.py", line 148, in request_encode_body
    return self.urlopen(method, url, **extra_kw)
  File "/usr/local/lib/python3.10/site-packages/telegram/vendor/ptb_urllib3/urllib3/poolmanager.py", line 244, in urlopen
    response = conn.urlopen(method, u.request_uri, **kw)
  File "/usr/local/lib/python3.10/site-packages/telegram/vendor/ptb_urllib3/urllib3/connectionpool.py", line 691, in urlopen
    return self.urlopen(method, url, body, headers, retries,
  File "/usr/local/lib/python3.10/site-packages/telegram/vendor/ptb_urllib3/urllib3/connectionpool.py", line 691, in urlopen
    return self.urlopen(method, url, body, headers, retries,
  File "/usr/local/lib/python3.10/site-packages/telegram/vendor/ptb_urllib3/urllib3/connectionpool.py", line 691, in urlopen
    return self.urlopen(method, url, body, headers, retries,
  File "/usr/local/lib/python3.10/site-packages/telegram/vendor/ptb_urllib3/urllib3/connectionpool.py", line 665, in urlopen
    retries = retries.increment(method, url, error=e, _pool=self,
  File "/usr/local/lib/python3.10/site-packages/telegram/vendor/ptb_urllib3/urllib3/util/retry.py", line 376, in increment
    raise MaxRetryError(_pool, url, error or ResponseError(cause))
telegram.vendor.ptb_urllib3.urllib3.exceptions.MaxRetryError: HTTPSConnectionPool(host='api.telegram.org', port=443): Max retries exceeded with url: /bot8663400657:AAEbBqdhw4ZfHrU7JqCGlj2twvONKQLYnTs/getUpdates (Caused by NewConnectionError('<telegram.vendor.ptb_urllib3.urllib3.connection.VerifiedHTTPSConnection object at 0x73c39cb26710>: Failed to establish a new connection: [Errno -2] Name or service not known'))

The above exception was the direct cause of the following exception:

Traceback (most recent call last):
  File "/usr/local/lib/python3.10/site-packages/telegram/ext/updater.py", line 651, in _network_loop_retry
    if not action_cb():
  File "/usr/local/lib/python3.10/site-packages/telegram/ext/updater.py", line 602, in polling_action_cb
    updates = self.bot.get_updates(
  File "/usr/local/lib/python3.10/site-packages/telegram/ext/extbot.py", line 228, in get_updates
    updates = super().get_updates(
  File "/usr/local/lib/python3.10/site-packages/telegram/bot.py", line 134, in decorator
    result = func(*args, **kwargs)
  File "/usr/local/lib/python3.10/site-packages/telegram/bot.py", line 3140, in get_updates
    self._post(
  File "/usr/local/lib/python3.10/site-packages/telegram/bot.py", line 299, in _post
    return self.request.post(
  File "/usr/local/lib/python3.10/site-packages/telegram/utils/request.py", line 361, in post
    result = self._request_wrapper(
  File "/usr/local/lib/python3.10/site-packages/telegram/utils/request.py", line 265, in _request_wrapper
    raise NetworkError(f'urllib3 HTTPError {error}') from error
telegram.error.NetworkError: urllib3 HTTPError HTTPSConnectionPool(host='api.telegram.org', port=443): Max retries exceeded with url: /bot8663400657:AAEbBqdhw4ZfHrU7JqCGlj2twvONKQLYnTs/getUpdates (Caused by NewConnectionError('<telegram.vendor.ptb_urllib3.urllib3.connection.VerifiedHTTPSConnection object at 0x73c39cb26710>: Failed to establish a new connection: [Errno -2] Name or service not known'))
WARNING 2026-07-20 13:59:12,883 connectionpool Retrying (Retry(total=2, connect=None, read=None, redirect=None)) after connection broken by 'ConnectTimeoutError(<telegram.vendor.ptb_urllib3.urllib3.connection.VerifiedHTTPSConnection object at 0x73c39cb26d70>, 'Connection to api.telegram.org timed out. (connect timeout=5.0)')': /bot8663400657:AAEbBqdhw4ZfHrU7JqCGlj2twvONKQLYnTs/getUpdates
WARNING 2026-07-20 13:59:17,916 connectionpool Retrying (Retry(total=1, connect=None, read=None, redirect=None)) after connection broken by 'ConnectTimeoutError(<telegram.vendor.ptb_urllib3.urllib3.connection.VerifiedHTTPSConnection object at 0x73c39cb26ce0>, 'Connection to api.telegram.org timed out. (connect timeout=5.0)')': /bot8663400657:AAEbBqdhw4ZfHrU7JqCGlj2twvONKQLYnTs/getUpdates
WARNING 2026-07-20 13:59:22,979 connectionpool Retrying (Retry(total=0, connect=None, read=None, redirect=None)) after connection broken by 'ConnectTimeoutError(<telegram.vendor.ptb_urllib3.urllib3.connection.VerifiedHTTPSConnection object at 0x73c39cb279d0>, 'Connection to api.telegram.org timed out. (connect timeout=5.0)')': /bot8663400657:AAEbBqdhw4ZfHrU7JqCGlj2twvONKQLYnTs/getUpdates
ERROR 2026-07-20 13:59:30,029 updater Error while getting Updates: urllib3 HTTPError HTTPSConnectionPool(host='api.telegram.org', port=443): Max retries exceeded with url: /bot8663400657:AAEbBqdhw4ZfHrU7JqCGlj2twvONKQLYnTs/getUpdates (Caused by ConnectTimeoutError(<telegram.vendor.ptb_urllib3.urllib3.connectionpool.HTTPSConnectionPool object at 0x73c39cb004f0>, 'Connect timed out. (connect timeout=5.0)'))
ERROR 2026-07-20 13:59:30,033 dispatcher No error handlers are registered, logging exception.
Traceback (most recent call last):
  File "/usr/local/lib/python3.10/site-packages/telegram/vendor/ptb_urllib3/urllib3/connectionpool.py", line 360, in _make_request
    self._validate_conn(conn)
  File "/usr/local/lib/python3.10/site-packages/telegram/vendor/ptb_urllib3/urllib3/connectionpool.py", line 857, in _validate_conn
    super(HTTPSConnectionPool, self)._validate_conn(conn)
  File "/usr/local/lib/python3.10/site-packages/telegram/vendor/ptb_urllib3/urllib3/connectionpool.py", line 289, in _validate_conn
    conn.connect()
  File "/usr/local/lib/python3.10/site-packages/telegram/vendor/ptb_urllib3/urllib3/connection.py", line 319, in connect
    self.sock = ssl_wrap_socket(
  File "/usr/local/lib/python3.10/site-packages/telegram/vendor/ptb_urllib3/urllib3/util/ssl_.py", line 324, in ssl_wrap_socket
    return context.wrap_socket(sock, server_hostname=server_hostname)
  File "/usr/local/lib/python3.10/ssl.py", line 513, in wrap_socket
    return self.sslsocket_class._create(
  File "/usr/local/lib/python3.10/ssl.py", line 1104, in _create
    self.do_handshake()
  File "/usr/local/lib/python3.10/ssl.py", line 1375, in do_handshake
    self._sslobj.do_handshake()
TimeoutError: _ssl.c:1000: The handshake operation timed out

During handling of the above exception, another exception occurred:

Traceback (most recent call last):
  File "/usr/local/lib/python3.10/site-packages/telegram/vendor/ptb_urllib3/urllib3/connectionpool.py", line 614, in urlopen
    httplib_response = self._make_request(conn, method, url,
  File "/usr/local/lib/python3.10/site-packages/telegram/vendor/ptb_urllib3/urllib3/connectionpool.py", line 363, in _make_request
    self._raise_timeout(err=e, url=url, timeout_value=conn.timeout,
  File "/usr/local/lib/python3.10/site-packages/telegram/vendor/ptb_urllib3/urllib3/connectionpool.py", line 321, in _raise_timeout
    raise exc_cls(*args)
telegram.vendor.ptb_urllib3.urllib3.exceptions.ConnectTimeoutError: (<telegram.vendor.ptb_urllib3.urllib3.connectionpool.HTTPSConnectionPool object at 0x73c39cb004f0>, 'Connect timed out. (connect timeout=5.0)')

During handling of the above exception, another exception occurred:

Traceback (most recent call last):
  File "/usr/local/lib/python3.10/site-packages/telegram/utils/request.py", line 259, in _request_wrapper
    resp = self._con_pool.request(*args, **kwargs)
  File "/usr/local/lib/python3.10/site-packages/telegram/vendor/ptb_urllib3/urllib3/request.py", line 68, in request
    return self.request_encode_body(method, url, fields=fields,
  File "/usr/local/lib/python3.10/site-packages/telegram/vendor/ptb_urllib3/urllib3/request.py", line 148, in request_encode_body
    return self.urlopen(method, url, **extra_kw)
  File "/usr/local/lib/python3.10/site-packages/telegram/vendor/ptb_urllib3/urllib3/poolmanager.py", line 244, in urlopen
    response = conn.urlopen(method, u.request_uri, **kw)
  File "/usr/local/lib/python3.10/site-packages/telegram/vendor/ptb_urllib3/urllib3/connectionpool.py", line 691, in urlopen
    return self.urlopen(method, url, body, headers, retries,
  File "/usr/local/lib/python3.10/site-packages/telegram/vendor/ptb_urllib3/urllib3/connectionpool.py", line 691, in urlopen
    return self.urlopen(method, url, body, headers, retries,
  File "/usr/local/lib/python3.10/site-packages/telegram/vendor/ptb_urllib3/urllib3/connectionpool.py", line 691, in urlopen
    return self.urlopen(method, url, body, headers, retries,
  File "/usr/local/lib/python3.10/site-packages/telegram/vendor/ptb_urllib3/urllib3/connectionpool.py", line 665, in urlopen
    retries = retries.increment(method, url, error=e, _pool=self,
  File "/usr/local/lib/python3.10/site-packages/telegram/vendor/ptb_urllib3/urllib3/util/retry.py", line 376, in increment
    raise MaxRetryError(_pool, url, error or ResponseError(cause))
telegram.vendor.ptb_urllib3.urllib3.exceptions.MaxRetryError: HTTPSConnectionPool(host='api.telegram.org', port=443): Max retries exceeded with url: /bot8663400657:AAEbBqdhw4ZfHrU7JqCGlj2twvONKQLYnTs/getUpdates (Caused by ConnectTimeoutError(<telegram.vendor.ptb_urllib3.urllib3.connectionpool.HTTPSConnectionPool object at 0x73c39cb004f0>, 'Connect timed out. (connect timeout=5.0)'))

The above exception was the direct cause of the following exception:

Traceback (most recent call last):
  File "/usr/local/lib/python3.10/site-packages/telegram/ext/updater.py", line 651, in _network_loop_retry
    if not action_cb():
  File "/usr/local/lib/python3.10/site-packages/telegram/ext/updater.py", line 602, in polling_action_cb
    updates = self.bot.get_updates(
  File "/usr/local/lib/python3.10/site-packages/telegram/ext/extbot.py", line 228, in get_updates
    updates = super().get_updates(
  File "/usr/local/lib/python3.10/site-packages/telegram/bot.py", line 134, in decorator
    result = func(*args, **kwargs)
  File "/usr/local/lib/python3.10/site-packages/telegram/bot.py", line 3140, in get_updates
    self._post(
  File "/usr/local/lib/python3.10/site-packages/telegram/bot.py", line 299, in _post
    return self.request.post(
  File "/usr/local/lib/python3.10/site-packages/telegram/utils/request.py", line 361, in post
    result = self._request_wrapper(
  File "/usr/local/lib/python3.10/site-packages/telegram/utils/request.py", line 265, in _request_wrapper
    raise NetworkError(f'urllib3 HTTPError {error}') from error
telegram.error.NetworkError: urllib3 HTTPError HTTPSConnectionPool(host='api.telegram.org', port=443): Max retries exceeded with url: /bot8663400657:AAEbBqdhw4ZfHrU7JqCGlj2twvONKQLYnTs/getUpdates (Caused by ConnectTimeoutError(<telegram.vendor.ptb_urllib3.urllib3.connectionpool.HTTPSConnectionPool object at 0x73c39cb004f0>, 'Connect timed out. (connect timeout=5.0)'))
WARNING 2026-07-20 13:59:36,054 connectionpool Retrying (Retry(total=2, connect=None, read=None, redirect=None)) after connection broken by 'ConnectTimeoutError(<telegram.vendor.ptb_urllib3.urllib3.connection.VerifiedHTTPSConnection object at 0x73c39cb26dd0>, 'Connection to api.telegram.org timed out. (connect timeout=5.0)')': /bot8663400657:AAEbBqdhw4ZfHrU7JqCGlj2twvONKQLYnTs/getUpdates
WARNING 2026-07-20 13:59:41,081 connectionpool Retrying (Retry(total=1, connect=None, read=None, redirect=None)) after connection broken by 'ConnectTimeoutError(<telegram.vendor.ptb_urllib3.urllib3.connection.VerifiedHTTPSConnection object at 0x73c39cb263b0>, 'Connection to api.telegram.org timed out. (connect timeout=5.0)')': /bot8663400657:AAEbBqdhw4ZfHrU7JqCGlj2twvONKQLYnTs/getUpdates
WARNING 2026-07-20 13:59:46,109 connectionpool Retrying (Retry(total=0, connect=None, read=None, redirect=None)) after connection broken by 'ConnectTimeoutError(<telegram.vendor.ptb_urllib3.urllib3.connection.VerifiedHTTPSConnection object at 0x73c39cb02890>, 'Connection to api.telegram.org timed out. (connect timeout=5.0)')': /bot8663400657:AAEbBqdhw4ZfHrU7JqCGlj2twvONKQLYnTs/getUpdates
ERROR 2026-07-20 13:59:51,148 updater Error while getting Updates: urllib3 HTTPError HTTPSConnectionPool(host='api.telegram.org', port=443): Max retries exceeded with url: /bot8663400657:AAEbBqdhw4ZfHrU7JqCGlj2twvONKQLYnTs/getUpdates (Caused by ConnectTimeoutError(<telegram.vendor.ptb_urllib3.urllib3.connection.VerifiedHTTPSConnection object at 0x73c39cb03670>, 'Connection to api.telegram.org timed out. (connect timeout=5.0)'))
ERROR 2026-07-20 13:59:51,154 dispatcher No error handlers are registered, logging exception.
Traceback (most recent call last):
  File "/usr/local/lib/python3.10/site-packages/telegram/vendor/ptb_urllib3/urllib3/connection.py", line 140, in _new_conn
    conn = connection.create_connection(
  File "/usr/local/lib/python3.10/site-packages/telegram/vendor/ptb_urllib3/urllib3/util/connection.py", line 83, in create_connection
    raise err
  File "/usr/local/lib/python3.10/site-packages/telegram/vendor/ptb_urllib3/urllib3/util/connection.py", line 73, in create_connection
    sock.connect(sa)
TimeoutError: timed out

During handling of the above exception, another exception occurred:

Traceback (most recent call last):
  File "/usr/local/lib/python3.10/site-packages/telegram/vendor/ptb_urllib3/urllib3/connectionpool.py", line 614, in urlopen
    httplib_response = self._make_request(conn, method, url,
  File "/usr/local/lib/python3.10/site-packages/telegram/vendor/ptb_urllib3/urllib3/connectionpool.py", line 360, in _make_request
    self._validate_conn(conn)
  File "/usr/local/lib/python3.10/site-packages/telegram/vendor/ptb_urllib3/urllib3/connectionpool.py", line 857, in _validate_conn
    super(HTTPSConnectionPool, self)._validate_conn(conn)
  File "/usr/local/lib/python3.10/site-packages/telegram/vendor/ptb_urllib3/urllib3/connectionpool.py", line 289, in _validate_conn
    conn.connect()
  File "/usr/local/lib/python3.10/site-packages/telegram/vendor/ptb_urllib3/urllib3/connection.py", line 284, in connect
    conn = self._new_conn()
  File "/usr/local/lib/python3.10/site-packages/telegram/vendor/ptb_urllib3/urllib3/connection.py", line 144, in _new_conn
    raise ConnectTimeoutError(
telegram.vendor.ptb_urllib3.urllib3.exceptions.ConnectTimeoutError: (<telegram.vendor.ptb_urllib3.urllib3.connection.VerifiedHTTPSConnection object at 0x73c39cb03670>, 'Connection to api.telegram.org timed out. (connect timeout=5.0)')

During handling of the above exception, another exception occurred:

Traceback (most recent call last):
  File "/usr/local/lib/python3.10/site-packages/telegram/utils/request.py", line 259, in _request_wrapper
    resp = self._con_pool.request(*args, **kwargs)
  File "/usr/local/lib/python3.10/site-packages/telegram/vendor/ptb_urllib3/urllib3/request.py", line 68, in request
    return self.request_encode_body(method, url, fields=fields,
  File "/usr/local/lib/python3.10/site-packages/telegram/vendor/ptb_urllib3/urllib3/request.py", line 148, in request_encode_body
    return self.urlopen(method, url, **extra_kw)
  File "/usr/local/lib/python3.10/site-packages/telegram/vendor/ptb_urllib3/urllib3/poolmanager.py", line 244, in urlopen
    response = conn.urlopen(method, u.request_uri, **kw)
  File "/usr/local/lib/python3.10/site-packages/telegram/vendor/ptb_urllib3/urllib3/connectionpool.py", line 691, in urlopen
    return self.urlopen(method, url, body, headers, retries,
  File "/usr/local/lib/python3.10/site-packages/telegram/vendor/ptb_urllib3/urllib3/connectionpool.py", line 691, in urlopen
    return self.urlopen(method, url, body, headers, retries,
  File "/usr/local/lib/python3.10/site-packages/telegram/vendor/ptb_urllib3/urllib3/connectionpool.py", line 691, in urlopen
    return self.urlopen(method, url, body, headers, retries,
  File "/usr/local/lib/python3.10/site-packages/telegram/vendor/ptb_urllib3/urllib3/connectionpool.py", line 665, in urlopen
    retries = retries.increment(method, url, error=e, _pool=self,
  File "/usr/local/lib/python3.10/site-packages/telegram/vendor/ptb_urllib3/urllib3/util/retry.py", line 376, in increment
    raise MaxRetryError(_pool, url, error or ResponseError(cause))
telegram.vendor.ptb_urllib3.urllib3.exceptions.MaxRetryError: HTTPSConnectionPool(host='api.telegram.org', port=443): Max retries exceeded with url: /bot8663400657:AAEbBqdhw4ZfHrU7JqCGlj2twvONKQLYnTs/getUpdates (Caused by ConnectTimeoutError(<telegram.vendor.ptb_urllib3.urllib3.connection.VerifiedHTTPSConnection object at 0x73c39cb03670>, 'Connection to api.telegram.org timed out. (connect timeout=5.0)'))

The above exception was the direct cause of the following exception:

Traceback (most recent call last):
  File "/usr/local/lib/python3.10/site-packages/telegram/ext/updater.py", line 651, in _network_loop_retry
    if not action_cb():
  File "/usr/local/lib/python3.10/site-packages/telegram/ext/updater.py", line 602, in polling_action_cb
    updates = self.bot.get_updates(
  File "/usr/local/lib/python3.10/site-packages/telegram/ext/extbot.py", line 228, in get_updates
    updates = super().get_updates(
  File "/usr/local/lib/python3.10/site-packages/telegram/bot.py", line 134, in decorator
    result = func(*args, **kwargs)
  File "/usr/local/lib/python3.10/site-packages/telegram/bot.py", line 3140, in get_updates
    self._post(
  File "/usr/local/lib/python3.10/site-packages/telegram/bot.py", line 299, in _post
    return self.request.post(
  File "/usr/local/lib/python3.10/site-packages/telegram/utils/request.py", line 361, in post
    result = self._request_wrapper(
  File "/usr/local/lib/python3.10/site-packages/telegram/utils/request.py", line 265, in _request_wrapper
    raise NetworkError(f'urllib3 HTTPError {error}') from error
telegram.error.NetworkError: urllib3 HTTPError HTTPSConnectionPool(host='api.telegram.org', port=443): Max retries exceeded with url: /bot8663400657:AAEbBqdhw4ZfHrU7JqCGlj2twvONKQLYnTs/getUpdates (Caused by ConnectTimeoutError(<telegram.vendor.ptb_urllib3.urllib3.connection.VerifiedHTTPSConnection object at 0x73c39cb03670>, 'Connection to api.telegram.org timed out. (connect timeout=5.0)'))
WARNING 2026-07-20 14:00:00,833 connectionpool Retrying (Retry(total=2, connect=None, read=None, redirect=None)) after connection broken by 'ConnectTimeoutError(<telegram.vendor.ptb_urllib3.urllib3.connectionpool.HTTPSConnectionPool object at 0x73c39cb004f0>, 'Connect timed out. (connect timeout=5.0)')': /bot8663400657:AAEbBqdhw4ZfHrU7JqCGlj2twvONKQLYnTs/getUpdates
WARNING 2026-07-20 14:00:04,842 connectionpool Retrying (Retry(total=1, connect=None, read=None, redirect=None)) after connection broken by 'NewConnectionError('<telegram.vendor.ptb_urllib3.urllib3.connection.VerifiedHTTPSConnection object at 0x73c39cb01f90>: Failed to establish a new connection: [Errno -5] No address associated with hostname')': /bot8663400657:AAEbBqdhw4ZfHrU7JqCGlj2twvONKQLYnTs/getUpdates
WARNING 2026-07-20 14:00:13,423 connectionpool Retrying (Retry(total=0, connect=None, read=None, redirect=None)) after connection broken by 'ConnectTimeoutError(<telegram.vendor.ptb_urllib3.urllib3.connectionpool.HTTPSConnectionPool object at 0x73c39cb004f0>, 'Connect timed out. (connect timeout=5.0)')': /bot8663400657:AAEbBqdhw4ZfHrU7JqCGlj2twvONKQLYnTs/getUpdates
WARNING 2026-07-20 14:00:32,526 connectionpool Retrying (Retry(total=2, connect=None, read=None, redirect=None)) after connection broken by 'ConnectTimeoutError(<telegram.vendor.ptb_urllib3.urllib3.connection.VerifiedHTTPSConnection object at 0x73c39cb26620>, 'Connection to api.telegram.org timed out. (connect timeout=5.0)')': /bot8663400657:AAEbBqdhw4ZfHrU7JqCGlj2twvONKQLYnTs/getUpdates
WARNING 2026-07-20 14:00:37,565 connectionpool Retrying (Retry(total=1, connect=None, read=None, redirect=None)) after connection broken by 'ConnectTimeoutError(<telegram.vendor.ptb_urllib3.urllib3.connection.VerifiedHTTPSConnection object at 0x73c39cb24d60>, 'Connection to api.telegram.org timed out. (connect timeout=5.0)')': /bot8663400657:AAEbBqdhw4ZfHrU7JqCGlj2twvONKQLYnTs/getUpdates
WARNING 2026-07-20 14:01:59,032 connectionpool Retrying (Retry(total=2, connect=None, read=None, redirect=None)) after connection broken by 'ConnectTimeoutError(<telegram.vendor.ptb_urllib3.urllib3.connectionpool.HTTPSConnectionPool object at 0x73c39cb004f0>, 'Connect timed out. (connect timeout=5.0)')': /bot8663400657:AAEbBqdhw4ZfHrU7JqCGlj2twvONKQLYnTs/getUpdates
WARNING 2026-07-20 14:02:04,086 connectionpool Retrying (Retry(total=1, connect=None, read=None, redirect=None)) after connection broken by 'ConnectTimeoutError(<telegram.vendor.ptb_urllib3.urllib3.connection.VerifiedHTTPSConnection object at 0x73c39cb24280>, 'Connection to api.telegram.org timed out. (connect timeout=5.0)')': /bot8663400657:AAEbBqdhw4ZfHrU7JqCGlj2twvONKQLYnTs/getUpdates
WARNING 2026-07-20 14:02:09,154 connectionpool Retrying (Retry(total=0, connect=None, read=None, redirect=None)) after connection broken by 'ConnectTimeoutError(<telegram.vendor.ptb_urllib3.urllib3.connection.VerifiedHTTPSConnection object at 0x73c39cb24070>, 'Connection to api.telegram.org timed out. (connect timeout=5.0)')': /bot8663400657:AAEbBqdhw4ZfHrU7JqCGlj2twvONKQLYnTs/getUpdates
ERROR 2026-07-20 14:02:14,193 updater Error while getting Updates: urllib3 HTTPError HTTPSConnectionPool(host='api.telegram.org', port=443): Max retries exceeded with url: /bot8663400657:AAEbBqdhw4ZfHrU7JqCGlj2twvONKQLYnTs/getUpdates (Caused by ConnectTimeoutError(<telegram.vendor.ptb_urllib3.urllib3.connection.VerifiedHTTPSConnection object at 0x73c39cb276d0>, 'Connection to api.telegram.org timed out. (connect timeout=5.0)'))
ERROR 2026-07-20 14:02:14,293 dispatcher No error handlers are registered, logging exception.
Traceback (most recent call last):
  File "/usr/local/lib/python3.10/site-packages/telegram/vendor/ptb_urllib3/urllib3/connection.py", line 140, in _new_conn
    conn = connection.create_connection(
  File "/usr/local/lib/python3.10/site-packages/telegram/vendor/ptb_urllib3/urllib3/util/connection.py", line 83, in create_connection
    raise err
  File "/usr/local/lib/python3.10/site-packages/telegram/vendor/ptb_urllib3/urllib3/util/connection.py", line 73, in create_connection
    sock.connect(sa)
TimeoutError: timed out

During handling of the above exception, another exception occurred:

Traceback (most recent call last):
  File "/usr/local/lib/python3.10/site-packages/telegram/vendor/ptb_urllib3/urllib3/connectionpool.py", line 614, in urlopen
    httplib_response = self._make_request(conn, method, url,
  File "/usr/local/lib/python3.10/site-packages/telegram/vendor/ptb_urllib3/urllib3/connectionpool.py", line 360, in _make_request
    self._validate_conn(conn)
  File "/usr/local/lib/python3.10/site-packages/telegram/vendor/ptb_urllib3/urllib3/connectionpool.py", line 857, in _validate_conn
    super(HTTPSConnectionPool, self)._validate_conn(conn)
  File "/usr/local/lib/python3.10/site-packages/telegram/vendor/ptb_urllib3/urllib3/connectionpool.py", line 289, in _validate_conn
    conn.connect()
  File "/usr/local/lib/python3.10/site-packages/telegram/vendor/ptb_urllib3/urllib3/connection.py", line 284, in connect
    conn = self._new_conn()
  File "/usr/local/lib/python3.10/site-packages/telegram/vendor/ptb_urllib3/urllib3/connection.py", line 144, in _new_conn
    raise ConnectTimeoutError(
telegram.vendor.ptb_urllib3.urllib3.exceptions.ConnectTimeoutError: (<telegram.vendor.ptb_urllib3.urllib3.connection.VerifiedHTTPSConnection object at 0x73c39cb276d0>, 'Connection to api.telegram.org timed out. (connect timeout=5.0)')

During handling of the above exception, another exception occurred:

Traceback (most recent call last):
  File "/usr/local/lib/python3.10/site-packages/telegram/utils/request.py", line 259, in _request_wrapper
    resp = self._con_pool.request(*args, **kwargs)
  File "/usr/local/lib/python3.10/site-packages/telegram/vendor/ptb_urllib3/urllib3/request.py", line 68, in request
    return self.request_encode_body(method, url, fields=fields,
  File "/usr/local/lib/python3.10/site-packages/telegram/vendor/ptb_urllib3/urllib3/request.py", line 148, in request_encode_body
    return self.urlopen(method, url, **extra_kw)
  File "/usr/local/lib/python3.10/site-packages/telegram/vendor/ptb_urllib3/urllib3/poolmanager.py", line 244, in urlopen
    response = conn.urlopen(method, u.request_uri, **kw)
  File "/usr/local/lib/python3.10/site-packages/telegram/vendor/ptb_urllib3/urllib3/connectionpool.py", line 691, in urlopen
    return self.urlopen(method, url, body, headers, retries,
  File "/usr/local/lib/python3.10/site-packages/telegram/vendor/ptb_urllib3/urllib3/connectionpool.py", line 691, in urlopen
    return self.urlopen(method, url, body, headers, retries,
  File "/usr/local/lib/python3.10/site-packages/telegram/vendor/ptb_urllib3/urllib3/connectionpool.py", line 691, in urlopen
    return self.urlopen(method, url, body, headers, retries,
  File "/usr/local/lib/python3.10/site-packages/telegram/vendor/ptb_urllib3/urllib3/connectionpool.py", line 665, in urlopen
    retries = retries.increment(method, url, error=e, _pool=self,
  File "/usr/local/lib/python3.10/site-packages/telegram/vendor/ptb_urllib3/urllib3/util/retry.py", line 376, in increment
    raise MaxRetryError(_pool, url, error or ResponseError(cause))
telegram.vendor.ptb_urllib3.urllib3.exceptions.MaxRetryError: HTTPSConnectionPool(host='api.telegram.org', port=443): Max retries exceeded with url: /bot8663400657:AAEbBqdhw4ZfHrU7JqCGlj2twvONKQLYnTs/getUpdates (Caused by ConnectTimeoutError(<telegram.vendor.ptb_urllib3.urllib3.connection.VerifiedHTTPSConnection object at 0x73c39cb276d0>, 'Connection to api.telegram.org timed out. (connect timeout=5.0)'))

The above exception was the direct cause of the following exception:

Traceback (most recent call last):
  File "/usr/local/lib/python3.10/site-packages/telegram/ext/updater.py", line 651, in _network_loop_retry
    if not action_cb():
  File "/usr/local/lib/python3.10/site-packages/telegram/ext/updater.py", line 602, in polling_action_cb
    updates = self.bot.get_updates(
  File "/usr/local/lib/python3.10/site-packages/telegram/ext/extbot.py", line 228, in get_updates
    updates = super().get_updates(
  File "/usr/local/lib/python3.10/site-packages/telegram/bot.py", line 134, in decorator
    result = func(*args, **kwargs)
  File "/usr/local/lib/python3.10/site-packages/telegram/bot.py", line 3140, in get_updates
    self._post(
  File "/usr/local/lib/python3.10/site-packages/telegram/bot.py", line 299, in _post
    return self.request.post(
  File "/usr/local/lib/python3.10/site-packages/telegram/utils/request.py", line 361, in post
    result = self._request_wrapper(
  File "/usr/local/lib/python3.10/site-packages/telegram/utils/request.py", line 265, in _request_wrapper
    raise NetworkError(f'urllib3 HTTPError {error}') from error
telegram.error.NetworkError: urllib3 HTTPError HTTPSConnectionPool(host='api.telegram.org', port=443): Max retries exceeded with url: /bot8663400657:AAEbBqdhw4ZfHrU7JqCGlj2twvONKQLYnTs/getUpdates (Caused by ConnectTimeoutError(<telegram.vendor.ptb_urllib3.urllib3.connection.VerifiedHTTPSConnection object at 0x73c39cb276d0>, 'Connection to api.telegram.org timed out. (connect timeout=5.0)'))
INFO 2026-07-20 14:02:16,065 updater Received signal 15 (SIGTERM), stopping...
INFO 2026-07-20 14:02:16,176 base Scheduler has been shut down
WARNING 2026-07-20 14:02:20,741 connectionpool Retrying (Retry(total=2, connect=None, read=None, redirect=None)) after connection broken by 'ConnectTimeoutError(<telegram.vendor.ptb_urllib3.urllib3.connection.VerifiedHTTPSConnection object at 0x73c39cb278e0>, 'Connection to api.telegram.org timed out. (connect timeout=5.0)')': /bot8663400657:AAEbBqdhw4ZfHrU7JqCGlj2twvONKQLYnTs/getUpdates
INFO 2026-07-21 21:01:49,966 runbot1 Starting bot polling (attempt 1/5)...
INFO 2026-07-21 21:01:49,971 base Scheduler started
WARNING 2026-07-21 21:02:28,602 connectionpool Retrying (Retry(total=2, connect=None, read=None, redirect=None)) after connection broken by 'ConnectTimeoutError(<telegram.vendor.ptb_urllib3.urllib3.connection.VerifiedHTTPSConnection object at 0x778da1fc5240>, 'Connection to api.telegram.org timed out. (connect timeout=5.0)')': /bot8663400657:AAEbBqdhw4ZfHrU7JqCGlj2twvONKQLYnTs/getUpdates
WARNING 2026-07-21 21:02:33,629 connectionpool Retrying (Retry(total=1, connect=None, read=None, redirect=None)) after connection broken by 'ConnectTimeoutError(<telegram.vendor.ptb_urllib3.urllib3.connection.VerifiedHTTPSConnection object at 0x778da1fc5180>, 'Connection to api.telegram.org timed out. (connect timeout=5.0)')': /bot8663400657:AAEbBqdhw4ZfHrU7JqCGlj2twvONKQLYnTs/getUpdates
WARNING 2026-07-21 21:02:38,657 connectionpool Retrying (Retry(total=0, connect=None, read=None, redirect=None)) after connection broken by 'ConnectTimeoutError(<telegram.vendor.ptb_urllib3.urllib3.connection.VerifiedHTTPSConnection object at 0x778da1fc4d90>, 'Connection to api.telegram.org timed out. (connect timeout=5.0)')': /bot8663400657:AAEbBqdhw4ZfHrU7JqCGlj2twvONKQLYnTs/getUpdates
ERROR 2026-07-21 21:02:48,296 updater Error while getting Updates: urllib3 HTTPError HTTPSConnectionPool(host='api.telegram.org', port=443): Max retries exceeded with url: /bot8663400657:AAEbBqdhw4ZfHrU7JqCGlj2twvONKQLYnTs/getUpdates (Caused by ConnectTimeoutError(<telegram.vendor.ptb_urllib3.urllib3.connectionpool.HTTPSConnectionPool object at 0x778da1fc6b30>, 'Connect timed out. (connect timeout=5.0)'))
ERROR 2026-07-21 21:02:48,300 dispatcher No error handlers are registered, logging exception.
Traceback (most recent call last):
  File "/usr/local/lib/python3.10/site-packages/telegram/vendor/ptb_urllib3/urllib3/connectionpool.py", line 360, in _make_request
    self._validate_conn(conn)
  File "/usr/local/lib/python3.10/site-packages/telegram/vendor/ptb_urllib3/urllib3/connectionpool.py", line 857, in _validate_conn
    super(HTTPSConnectionPool, self)._validate_conn(conn)
  File "/usr/local/lib/python3.10/site-packages/telegram/vendor/ptb_urllib3/urllib3/connectionpool.py", line 289, in _validate_conn
    conn.connect()
  File "/usr/local/lib/python3.10/site-packages/telegram/vendor/ptb_urllib3/urllib3/connection.py", line 319, in connect
    self.sock = ssl_wrap_socket(
  File "/usr/local/lib/python3.10/site-packages/telegram/vendor/ptb_urllib3/urllib3/util/ssl_.py", line 324, in ssl_wrap_socket
    return context.wrap_socket(sock, server_hostname=server_hostname)
  File "/usr/local/lib/python3.10/ssl.py", line 513, in wrap_socket
    return self.sslsocket_class._create(
  File "/usr/local/lib/python3.10/ssl.py", line 1104, in _create
    self.do_handshake()
  File "/usr/local/lib/python3.10/ssl.py", line 1375, in do_handshake
    self._sslobj.do_handshake()
TimeoutError: _ssl.c:1000: The handshake operation timed out

During handling of the above exception, another exception occurred:

Traceback (most recent call last):
  File "/usr/local/lib/python3.10/site-packages/telegram/vendor/ptb_urllib3/urllib3/connectionpool.py", line 614, in urlopen
    httplib_response = self._make_request(conn, method, url,
  File "/usr/local/lib/python3.10/site-packages/telegram/vendor/ptb_urllib3/urllib3/connectionpool.py", line 363, in _make_request
    self._raise_timeout(err=e, url=url, timeout_value=conn.timeout,
  File "/usr/local/lib/python3.10/site-packages/telegram/vendor/ptb_urllib3/urllib3/connectionpool.py", line 321, in _raise_timeout
    raise exc_cls(*args)
telegram.vendor.ptb_urllib3.urllib3.exceptions.ConnectTimeoutError: (<telegram.vendor.ptb_urllib3.urllib3.connectionpool.HTTPSConnectionPool object at 0x778da1fc6b30>, 'Connect timed out. (connect timeout=5.0)')

During handling of the above exception, another exception occurred:

Traceback (most recent call last):
  File "/usr/local/lib/python3.10/site-packages/telegram/utils/request.py", line 259, in _request_wrapper
    resp = self._con_pool.request(*args, **kwargs)
  File "/usr/local/lib/python3.10/site-packages/telegram/vendor/ptb_urllib3/urllib3/request.py", line 68, in request
    return self.request_encode_body(method, url, fields=fields,
  File "/usr/local/lib/python3.10/site-packages/telegram/vendor/ptb_urllib3/urllib3/request.py", line 148, in request_encode_body
    return self.urlopen(method, url, **extra_kw)
  File "/usr/local/lib/python3.10/site-packages/telegram/vendor/ptb_urllib3/urllib3/poolmanager.py", line 244, in urlopen
    response = conn.urlopen(method, u.request_uri, **kw)
  File "/usr/local/lib/python3.10/site-packages/telegram/vendor/ptb_urllib3/urllib3/connectionpool.py", line 691, in urlopen
    return self.urlopen(method, url, body, headers, retries,
  File "/usr/local/lib/python3.10/site-packages/telegram/vendor/ptb_urllib3/urllib3/connectionpool.py", line 691, in urlopen
    return self.urlopen(method, url, body, headers, retries,
  File "/usr/local/lib/python3.10/site-packages/telegram/vendor/ptb_urllib3/urllib3/connectionpool.py", line 691, in urlopen
    return self.urlopen(method, url, body, headers, retries,
  File "/usr/local/lib/python3.10/site-packages/telegram/vendor/ptb_urllib3/urllib3/connectionpool.py", line 665, in urlopen
    retries = retries.increment(method, url, error=e, _pool=self,
  File "/usr/local/lib/python3.10/site-packages/telegram/vendor/ptb_urllib3/urllib3/util/retry.py", line 376, in increment
    raise MaxRetryError(_pool, url, error or ResponseError(cause))
telegram.vendor.ptb_urllib3.urllib3.exceptions.MaxRetryError: HTTPSConnectionPool(host='api.telegram.org', port=443): Max retries exceeded with url: /bot8663400657:AAEbBqdhw4ZfHrU7JqCGlj2twvONKQLYnTs/getUpdates (Caused by ConnectTimeoutError(<telegram.vendor.ptb_urllib3.urllib3.connectionpool.HTTPSConnectionPool object at 0x778da1fc6b30>, 'Connect timed out. (connect timeout=5.0)'))

The above exception was the direct cause of the following exception:

Traceback (most recent call last):
  File "/usr/local/lib/python3.10/site-packages/telegram/ext/updater.py", line 651, in _network_loop_retry
    if not action_cb():
  File "/usr/local/lib/python3.10/site-packages/telegram/ext/updater.py", line 602, in polling_action_cb
    updates = self.bot.get_updates(
  File "/usr/local/lib/python3.10/site-packages/telegram/ext/extbot.py", line 228, in get_updates
    updates = super().get_updates(
  File "/usr/local/lib/python3.10/site-packages/telegram/bot.py", line 134, in decorator
    result = func(*args, **kwargs)
  File "/usr/local/lib/python3.10/site-packages/telegram/bot.py", line 3140, in get_updates
    self._post(
  File "/usr/local/lib/python3.10/site-packages/telegram/bot.py", line 299, in _post
    return self.request.post(
  File "/usr/local/lib/python3.10/site-packages/telegram/utils/request.py", line 361, in post
    result = self._request_wrapper(
  File "/usr/local/lib/python3.10/site-packages/telegram/utils/request.py", line 265, in _request_wrapper
    raise NetworkError(f'urllib3 HTTPError {error}') from error
telegram.error.NetworkError: urllib3 HTTPError HTTPSConnectionPool(host='api.telegram.org', port=443): Max retries exceeded with url: /bot8663400657:AAEbBqdhw4ZfHrU7JqCGlj2twvONKQLYnTs/getUpdates (Caused by ConnectTimeoutError(<telegram.vendor.ptb_urllib3.urllib3.connectionpool.HTTPSConnectionPool object at 0x778da1fc6b30>, 'Connect timed out. (connect timeout=5.0)'))
WARNING 2026-07-21 21:02:54,324 connectionpool Retrying (Retry(total=2, connect=None, read=None, redirect=None)) after connection broken by 'ConnectTimeoutError(<telegram.vendor.ptb_urllib3.urllib3.connection.VerifiedHTTPSConnection object at 0x778da1fc4700>, 'Connection to api.telegram.org timed out. (connect timeout=5.0)')': /bot8663400657:AAEbBqdhw4ZfHrU7JqCGlj2twvONKQLYnTs/getUpdates
WARNING 2026-07-21 21:13:35,946 connectionpool Retrying (Retry(total=2, connect=None, read=None, redirect=None)) after connection broken by 'ConnectTimeoutError(<telegram.vendor.ptb_urllib3.urllib3.connection.VerifiedHTTPSConnection object at 0x778da27cae90>, 'Connection to api.telegram.org timed out. (connect timeout=5.0)')': /bot8663400657:AAEbBqdhw4ZfHrU7JqCGlj2twvONKQLYnTs/getUpdates
WARNING 2026-07-21 21:13:40,968 connectionpool Retrying (Retry(total=1, connect=None, read=None, redirect=None)) after connection broken by 'ConnectTimeoutError(<telegram.vendor.ptb_urllib3.urllib3.connection.VerifiedHTTPSConnection object at 0x778da27c8790>, 'Connection to api.telegram.org timed out. (connect timeout=5.0)')': /bot8663400657:AAEbBqdhw4ZfHrU7JqCGlj2twvONKQLYnTs/getUpdates
WARNING 2026-07-21 21:14:05,661 connectionpool Retrying (Retry(total=2, connect=None, read=None, redirect=None)) after connection broken by 'ConnectTimeoutError(<telegram.vendor.ptb_urllib3.urllib3.connection.VerifiedHTTPSConnection object at 0x778da1fc4640>, 'Connection to api.telegram.org timed out. (connect timeout=5.0)')': /bot8663400657:AAEbBqdhw4ZfHrU7JqCGlj2twvONKQLYnTs/getUpdates
WARNING 2026-07-21 21:14:05,696 connectionpool Retrying (Retry(total=1, connect=None, read=None, redirect=None)) after connection broken by 'NewConnectionError('<telegram.vendor.ptb_urllib3.urllib3.connection.VerifiedHTTPSConnection object at 0x778da1fc4400>: Failed to establish a new connection: [Errno -2] Name or service not known')': /bot8663400657:AAEbBqdhw4ZfHrU7JqCGlj2twvONKQLYnTs/getUpdates
WARNING 2026-07-21 21:14:05,708 connectionpool Retrying (Retry(total=0, connect=None, read=None, redirect=None)) after connection broken by 'NewConnectionError('<telegram.vendor.ptb_urllib3.urllib3.connection.VerifiedHTTPSConnection object at 0x778da1fc44c0>: Failed to establish a new connection: [Errno -2] Name or service not known')': /bot8663400657:AAEbBqdhw4ZfHrU7JqCGlj2twvONKQLYnTs/getUpdates
ERROR 2026-07-21 21:14:05,719 updater Error while getting Updates: urllib3 HTTPError HTTPSConnectionPool(host='api.telegram.org', port=443): Max retries exceeded with url: /bot8663400657:AAEbBqdhw4ZfHrU7JqCGlj2twvONKQLYnTs/getUpdates (Caused by NewConnectionError('<telegram.vendor.ptb_urllib3.urllib3.connection.VerifiedHTTPSConnection object at 0x778da27cbd00>: Failed to establish a new connection: [Errno -2] Name or service not known'))
ERROR 2026-07-21 21:14:05,725 dispatcher No error handlers are registered, logging exception.
Traceback (most recent call last):
  File "/usr/local/lib/python3.10/site-packages/telegram/vendor/ptb_urllib3/urllib3/connection.py", line 140, in _new_conn
    conn = connection.create_connection(
  File "/usr/local/lib/python3.10/site-packages/telegram/vendor/ptb_urllib3/urllib3/util/connection.py", line 60, in create_connection
    for res in socket.getaddrinfo(host, port, family, socket.SOCK_STREAM):
  File "/usr/local/lib/python3.10/socket.py", line 967, in getaddrinfo
    for res in _socket.getaddrinfo(host, port, family, type, proto, flags):
socket.gaierror: [Errno -2] Name or service not known

During handling of the above exception, another exception occurred:

Traceback (most recent call last):
  File "/usr/local/lib/python3.10/site-packages/telegram/vendor/ptb_urllib3/urllib3/connectionpool.py", line 614, in urlopen
    httplib_response = self._make_request(conn, method, url,
  File "/usr/local/lib/python3.10/site-packages/telegram/vendor/ptb_urllib3/urllib3/connectionpool.py", line 360, in _make_request
    self._validate_conn(conn)
  File "/usr/local/lib/python3.10/site-packages/telegram/vendor/ptb_urllib3/urllib3/connectionpool.py", line 857, in _validate_conn
    super(HTTPSConnectionPool, self)._validate_conn(conn)
  File "/usr/local/lib/python3.10/site-packages/telegram/vendor/ptb_urllib3/urllib3/connectionpool.py", line 289, in _validate_conn
    conn.connect()
  File "/usr/local/lib/python3.10/site-packages/telegram/vendor/ptb_urllib3/urllib3/connection.py", line 284, in connect
    conn = self._new_conn()
  File "/usr/local/lib/python3.10/site-packages/telegram/vendor/ptb_urllib3/urllib3/connection.py", line 149, in _new_conn
    raise NewConnectionError(
telegram.vendor.ptb_urllib3.urllib3.exceptions.NewConnectionError: <telegram.vendor.ptb_urllib3.urllib3.connection.VerifiedHTTPSConnection object at 0x778da27cbd00>: Failed to establish a new connection: [Errno -2] Name or service not known

During handling of the above exception, another exception occurred:

Traceback (most recent call last):
  File "/usr/local/lib/python3.10/site-packages/telegram/utils/request.py", line 259, in _request_wrapper
    resp = self._con_pool.request(*args, **kwargs)
  File "/usr/local/lib/python3.10/site-packages/telegram/vendor/ptb_urllib3/urllib3/request.py", line 68, in request
    return self.request_encode_body(method, url, fields=fields,
  File "/usr/local/lib/python3.10/site-packages/telegram/vendor/ptb_urllib3/urllib3/request.py", line 148, in request_encode_body
    return self.urlopen(method, url, **extra_kw)
  File "/usr/local/lib/python3.10/site-packages/telegram/vendor/ptb_urllib3/urllib3/poolmanager.py", line 244, in urlopen
    response = conn.urlopen(method, u.request_uri, **kw)
  File "/usr/local/lib/python3.10/site-packages/telegram/vendor/ptb_urllib3/urllib3/connectionpool.py", line 691, in urlopen
    return self.urlopen(method, url, body, headers, retries,
  File "/usr/local/lib/python3.10/site-packages/telegram/vendor/ptb_urllib3/urllib3/connectionpool.py", line 691, in urlopen
    return self.urlopen(method, url, body, headers, retries,
  File "/usr/local/lib/python3.10/site-packages/telegram/vendor/ptb_urllib3/urllib3/connectionpool.py", line 691, in urlopen
    return self.urlopen(method, url, body, headers, retries,
  File "/usr/local/lib/python3.10/site-packages/telegram/vendor/ptb_urllib3/urllib3/connectionpool.py", line 665, in urlopen
    retries = retries.increment(method, url, error=e, _pool=self,
  File "/usr/local/lib/python3.10/site-packages/telegram/vendor/ptb_urllib3/urllib3/util/retry.py", line 376, in increment
    raise MaxRetryError(_pool, url, error or ResponseError(cause))
telegram.vendor.ptb_urllib3.urllib3.exceptions.MaxRetryError: HTTPSConnectionPool(host='api.telegram.org', port=443): Max retries exceeded with url: /bot8663400657:AAEbBqdhw4ZfHrU7JqCGlj2twvONKQLYnTs/getUpdates (Caused by NewConnectionError('<telegram.vendor.ptb_urllib3.urllib3.connection.VerifiedHTTPSConnection object at 0x778da27cbd00>: Failed to establish a new connection: [Errno -2] Name or service not known'))

The above exception was the direct cause of the following exception:

Traceback (most recent call last):
  File "/usr/local/lib/python3.10/site-packages/telegram/ext/updater.py", line 651, in _network_loop_retry
    if not action_cb():
  File "/usr/local/lib/python3.10/site-packages/telegram/ext/updater.py", line 602, in polling_action_cb
    updates = self.bot.get_updates(
  File "/usr/local/lib/python3.10/site-packages/telegram/ext/extbot.py", line 228, in get_updates
    updates = super().get_updates(
  File "/usr/local/lib/python3.10/site-packages/telegram/bot.py", line 134, in decorator
    result = func(*args, **kwargs)
  File "/usr/local/lib/python3.10/site-packages/telegram/bot.py", line 3140, in get_updates
    self._post(
  File "/usr/local/lib/python3.10/site-packages/telegram/bot.py", line 299, in _post
    return self.request.post(
  File "/usr/local/lib/python3.10/site-packages/telegram/utils/request.py", line 361, in post
    result = self._request_wrapper(
  File "/usr/local/lib/python3.10/site-packages/telegram/utils/request.py", line 265, in _request_wrapper
    raise NetworkError(f'urllib3 HTTPError {error}') from error
telegram.error.NetworkError: urllib3 HTTPError HTTPSConnectionPool(host='api.telegram.org', port=443): Max retries exceeded with url: /bot8663400657:AAEbBqdhw4ZfHrU7JqCGlj2twvONKQLYnTs/getUpdates (Caused by NewConnectionError('<telegram.vendor.ptb_urllib3.urllib3.connection.VerifiedHTTPSConnection object at 0x778da27cbd00>: Failed to establish a new connection: [Errno -2] Name or service not known'))
WARNING 2026-07-21 21:14:06,779 connectionpool Retrying (Retry(total=2, connect=None, read=None, redirect=None)) after connection broken by 'NewConnectionError('<telegram.vendor.ptb_urllib3.urllib3.connection.VerifiedHTTPSConnection object at 0x778da1fc47f0>: Failed to establish a new connection: [Errno -2] Name or service not known')': /bot8663400657:AAEbBqdhw4ZfHrU7JqCGlj2twvONKQLYnTs/getUpdates
WARNING 2026-07-21 21:14:06,834 connectionpool Retrying (Retry(total=1, connect=None, read=None, redirect=None)) after connection broken by 'NewConnectionError('<telegram.vendor.ptb_urllib3.urllib3.connection.VerifiedHTTPSConnection object at 0x778da27c8400>: Failed to establish a new connection: [Errno -2] Name or service not known')': /bot8663400657:AAEbBqdhw4ZfHrU7JqCGlj2twvONKQLYnTs/getUpdates
WARNING 2026-07-21 21:14:06,876 connectionpool Retrying (Retry(total=0, connect=None, read=None, redirect=None)) after connection broken by 'NewConnectionError('<telegram.vendor.ptb_urllib3.urllib3.connection.VerifiedHTTPSConnection object at 0x778da27c8a60>: Failed to establish a new connection: [Errno -2] Name or service not known')': /bot8663400657:AAEbBqdhw4ZfHrU7JqCGlj2twvONKQLYnTs/getUpdates
ERROR 2026-07-21 21:14:06,899 updater Error while getting Updates: urllib3 HTTPError HTTPSConnectionPool(host='api.telegram.org', port=443): Max retries exceeded with url: /bot8663400657:AAEbBqdhw4ZfHrU7JqCGlj2twvONKQLYnTs/getUpdates (Caused by NewConnectionError('<telegram.vendor.ptb_urllib3.urllib3.connection.VerifiedHTTPSConnection object at 0x778da27c9660>: Failed to establish a new connection: [Errno -2] Name or service not known'))
ERROR 2026-07-21 21:14:06,906 dispatcher No error handlers are registered, logging exception.
Traceback (most recent call last):
  File "/usr/local/lib/python3.10/site-packages/telegram/vendor/ptb_urllib3/urllib3/connection.py", line 140, in _new_conn
    conn = connection.create_connection(
  File "/usr/local/lib/python3.10/site-packages/telegram/vendor/ptb_urllib3/urllib3/util/connection.py", line 60, in create_connection
    for res in socket.getaddrinfo(host, port, family, socket.SOCK_STREAM):
  File "/usr/local/lib/python3.10/socket.py", line 967, in getaddrinfo
    for res in _socket.getaddrinfo(host, port, family, type, proto, flags):
socket.gaierror: [Errno -2] Name or service not known

During handling of the above exception, another exception occurred:

Traceback (most recent call last):
  File "/usr/local/lib/python3.10/site-packages/telegram/vendor/ptb_urllib3/urllib3/connectionpool.py", line 614, in urlopen
    httplib_response = self._make_request(conn, method, url,
  File "/usr/local/lib/python3.10/site-packages/telegram/vendor/ptb_urllib3/urllib3/connectionpool.py", line 360, in _make_request
    self._validate_conn(conn)
  File "/usr/local/lib/python3.10/site-packages/telegram/vendor/ptb_urllib3/urllib3/connectionpool.py", line 857, in _validate_conn
    super(HTTPSConnectionPool, self)._validate_conn(conn)
  File "/usr/local/lib/python3.10/site-packages/telegram/vendor/ptb_urllib3/urllib3/connectionpool.py", line 289, in _validate_conn
    conn.connect()
  File "/usr/local/lib/python3.10/site-packages/telegram/vendor/ptb_urllib3/urllib3/connection.py", line 284, in connect
    conn = self._new_conn()
  File "/usr/local/lib/python3.10/site-packages/telegram/vendor/ptb_urllib3/urllib3/connection.py", line 149, in _new_conn
    raise NewConnectionError(
telegram.vendor.ptb_urllib3.urllib3.exceptions.NewConnectionError: <telegram.vendor.ptb_urllib3.urllib3.connection.VerifiedHTTPSConnection object at 0x778da27c9660>: Failed to establish a new connection: [Errno -2] Name or service not known

During handling of the above exception, another exception occurred:

Traceback (most recent call last):
  File "/usr/local/lib/python3.10/site-packages/telegram/utils/request.py", line 259, in _request_wrapper
    resp = self._con_pool.request(*args, **kwargs)
  File "/usr/local/lib/python3.10/site-packages/telegram/vendor/ptb_urllib3/urllib3/request.py", line 68, in request
    return self.request_encode_body(method, url, fields=fields,
  File "/usr/local/lib/python3.10/site-packages/telegram/vendor/ptb_urllib3/urllib3/request.py", line 148, in request_encode_body
    return self.urlopen(method, url, **extra_kw)
  File "/usr/local/lib/python3.10/site-packages/telegram/vendor/ptb_urllib3/urllib3/poolmanager.py", line 244, in urlopen
    response = conn.urlopen(method, u.request_uri, **kw)
  File "/usr/local/lib/python3.10/site-packages/telegram/vendor/ptb_urllib3/urllib3/connectionpool.py", line 691, in urlopen
    return self.urlopen(method, url, body, headers, retries,
  File "/usr/local/lib/python3.10/site-packages/telegram/vendor/ptb_urllib3/urllib3/connectionpool.py", line 691, in urlopen
    return self.urlopen(method, url, body, headers, retries,
  File "/usr/local/lib/python3.10/site-packages/telegram/vendor/ptb_urllib3/urllib3/connectionpool.py", line 691, in urlopen
    return self.urlopen(method, url, body, headers, retries,
  File "/usr/local/lib/python3.10/site-packages/telegram/vendor/ptb_urllib3/urllib3/connectionpool.py", line 665, in urlopen
    retries = retries.increment(method, url, error=e, _pool=self,
  File "/usr/local/lib/python3.10/site-packages/telegram/vendor/ptb_urllib3/urllib3/util/retry.py", line 376, in increment
    raise MaxRetryError(_pool, url, error or ResponseError(cause))
telegram.vendor.ptb_urllib3.urllib3.exceptions.MaxRetryError: HTTPSConnectionPool(host='api.telegram.org', port=443): Max retries exceeded with url: /bot8663400657:AAEbBqdhw4ZfHrU7JqCGlj2twvONKQLYnTs/getUpdates (Caused by NewConnectionError('<telegram.vendor.ptb_urllib3.urllib3.connection.VerifiedHTTPSConnection object at 0x778da27c9660>: Failed to establish a new connection: [Errno -2] Name or service not known'))

The above exception was the direct cause of the following exception:

Traceback (most recent call last):
  File "/usr/local/lib/python3.10/site-packages/telegram/ext/updater.py", line 651, in _network_loop_retry
    if not action_cb():
  File "/usr/local/lib/python3.10/site-packages/telegram/ext/updater.py", line 602, in polling_action_cb
    updates = self.bot.get_updates(
  File "/usr/local/lib/python3.10/site-packages/telegram/ext/extbot.py", line 228, in get_updates
    updates = super().get_updates(
  File "/usr/local/lib/python3.10/site-packages/telegram/bot.py", line 134, in decorator
    result = func(*args, **kwargs)
  File "/usr/local/lib/python3.10/site-packages/telegram/bot.py", line 3140, in get_updates
    self._post(
  File "/usr/local/lib/python3.10/site-packages/telegram/bot.py", line 299, in _post
    return self.request.post(
  File "/usr/local/lib/python3.10/site-packages/telegram/utils/request.py", line 361, in post
    result = self._request_wrapper(
  File "/usr/local/lib/python3.10/site-packages/telegram/utils/request.py", line 265, in _request_wrapper
    raise NetworkError(f'urllib3 HTTPError {error}') from error
telegram.error.NetworkError: urllib3 HTTPError HTTPSConnectionPool(host='api.telegram.org', port=443): Max retries exceeded with url: /bot8663400657:AAEbBqdhw4ZfHrU7JqCGlj2twvONKQLYnTs/getUpdates (Caused by NewConnectionError('<telegram.vendor.ptb_urllib3.urllib3.connection.VerifiedHTTPSConnection object at 0x778da27c9660>: Failed to establish a new connection: [Errno -2] Name or service not known'))
WARNING 2026-07-21 21:14:08,416 connectionpool Retrying (Retry(total=2, connect=None, read=None, redirect=None)) after connection broken by 'NewConnectionError('<telegram.vendor.ptb_urllib3.urllib3.connection.VerifiedHTTPSConnection object at 0x778da27cbd00>: Failed to establish a new connection: [Errno -2] Name or service not known')': /bot8663400657:AAEbBqdhw4ZfHrU7JqCGlj2twvONKQLYnTs/getUpdates
WARNING 2026-07-21 21:14:08,431 connectionpool Retrying (Retry(total=1, connect=None, read=None, redirect=None)) after connection broken by 'NewConnectionError('<telegram.vendor.ptb_urllib3.urllib3.connection.VerifiedHTTPSConnection object at 0x778da27c9780>: Failed to establish a new connection: [Errno -2] Name or service not known')': /bot8663400657:AAEbBqdhw4ZfHrU7JqCGlj2twvONKQLYnTs/getUpdates
WARNING 2026-07-21 21:14:08,444 connectionpool Retrying (Retry(total=0, connect=None, read=None, redirect=None)) after connection broken by 'NewConnectionError('<telegram.vendor.ptb_urllib3.urllib3.connection.VerifiedHTTPSConnection object at 0x778da27c9c90>: Failed to establish a new connection: [Errno -2] Name or service not known')': /bot8663400657:AAEbBqdhw4ZfHrU7JqCGlj2twvONKQLYnTs/getUpdates
ERROR 2026-07-21 21:14:08,458 updater Error while getting Updates: urllib3 HTTPError HTTPSConnectionPool(host='api.telegram.org', port=443): Max retries exceeded with url: /bot8663400657:AAEbBqdhw4ZfHrU7JqCGlj2twvONKQLYnTs/getUpdates (Caused by NewConnectionError('<telegram.vendor.ptb_urllib3.urllib3.connection.VerifiedHTTPSConnection object at 0x778da27c9de0>: Failed to establish a new connection: [Errno -2] Name or service not known'))
ERROR 2026-07-21 21:14:08,463 dispatcher No error handlers are registered, logging exception.
Traceback (most recent call last):
  File "/usr/local/lib/python3.10/site-packages/telegram/vendor/ptb_urllib3/urllib3/connection.py", line 140, in _new_conn
    conn = connection.create_connection(
  File "/usr/local/lib/python3.10/site-packages/telegram/vendor/ptb_urllib3/urllib3/util/connection.py", line 60, in create_connection
    for res in socket.getaddrinfo(host, port, family, socket.SOCK_STREAM):
  File "/usr/local/lib/python3.10/socket.py", line 967, in getaddrinfo
    for res in _socket.getaddrinfo(host, port, family, type, proto, flags):
socket.gaierror: [Errno -2] Name or service not known

During handling of the above exception, another exception occurred:

Traceback (most recent call last):
  File "/usr/local/lib/python3.10/site-packages/telegram/vendor/ptb_urllib3/urllib3/connectionpool.py", line 614, in urlopen
    httplib_response = self._make_request(conn, method, url,
  File "/usr/local/lib/python3.10/site-packages/telegram/vendor/ptb_urllib3/urllib3/connectionpool.py", line 360, in _make_request
    self._validate_conn(conn)
  File "/usr/local/lib/python3.10/site-packages/telegram/vendor/ptb_urllib3/urllib3/connectionpool.py", line 857, in _validate_conn
    super(HTTPSConnectionPool, self)._validate_conn(conn)
  File "/usr/local/lib/python3.10/site-packages/telegram/vendor/ptb_urllib3/urllib3/connectionpool.py", line 289, in _validate_conn
    conn.connect()
  File "/usr/local/lib/python3.10/site-packages/telegram/vendor/ptb_urllib3/urllib3/connection.py", line 284, in connect
    conn = self._new_conn()
  File "/usr/local/lib/python3.10/site-packages/telegram/vendor/ptb_urllib3/urllib3/connection.py", line 149, in _new_conn
    raise NewConnectionError(
telegram.vendor.ptb_urllib3.urllib3.exceptions.NewConnectionError: <telegram.vendor.ptb_urllib3.urllib3.connection.VerifiedHTTPSConnection object at 0x778da27c9de0>: Failed to establish a new connection: [Errno -2] Name or service not known

During handling of the above exception, another exception occurred:

Traceback (most recent call last):
  File "/usr/local/lib/python3.10/site-packages/telegram/utils/request.py", line 259, in _request_wrapper
    resp = self._con_pool.request(*args, **kwargs)
  File "/usr/local/lib/python3.10/site-packages/telegram/vendor/ptb_urllib3/urllib3/request.py", line 68, in request
    return self.request_encode_body(method, url, fields=fields,
  File "/usr/local/lib/python3.10/site-packages/telegram/vendor/ptb_urllib3/urllib3/request.py", line 148, in request_encode_body
    return self.urlopen(method, url, **extra_kw)
  File "/usr/local/lib/python3.10/site-packages/telegram/vendor/ptb_urllib3/urllib3/poolmanager.py", line 244, in urlopen
    response = conn.urlopen(method, u.request_uri, **kw)
  File "/usr/local/lib/python3.10/site-packages/telegram/vendor/ptb_urllib3/urllib3/connectionpool.py", line 691, in urlopen
    return self.urlopen(method, url, body, headers, retries,
  File "/usr/local/lib/python3.10/site-packages/telegram/vendor/ptb_urllib3/urllib3/connectionpool.py", line 691, in urlopen
    return self.urlopen(method, url, body, headers, retries,
  File "/usr/local/lib/python3.10/site-packages/telegram/vendor/ptb_urllib3/urllib3/connectionpool.py", line 691, in urlopen
    return self.urlopen(method, url, body, headers, retries,
  File "/usr/local/lib/python3.10/site-packages/telegram/vendor/ptb_urllib3/urllib3/connectionpool.py", line 665, in urlopen
    retries = retries.increment(method, url, error=e, _pool=self,
  File "/usr/local/lib/python3.10/site-packages/telegram/vendor/ptb_urllib3/urllib3/util/retry.py", line 376, in increment
    raise MaxRetryError(_pool, url, error or ResponseError(cause))
telegram.vendor.ptb_urllib3.urllib3.exceptions.MaxRetryError: HTTPSConnectionPool(host='api.telegram.org', port=443): Max retries exceeded with url: /bot8663400657:AAEbBqdhw4ZfHrU7JqCGlj2twvONKQLYnTs/getUpdates (Caused by NewConnectionError('<telegram.vendor.ptb_urllib3.urllib3.connection.VerifiedHTTPSConnection object at 0x778da27c9de0>: Failed to establish a new connection: [Errno -2] Name or service not known'))

The above exception was the direct cause of the following exception:

Traceback (most recent call last):
  File "/usr/local/lib/python3.10/site-packages/telegram/ext/updater.py", line 651, in _network_loop_retry
    if not action_cb():
  File "/usr/local/lib/python3.10/site-packages/telegram/ext/updater.py", line 602, in polling_action_cb
    updates = self.bot.get_updates(
  File "/usr/local/lib/python3.10/site-packages/telegram/ext/extbot.py", line 228, in get_updates
    updates = super().get_updates(
  File "/usr/local/lib/python3.10/site-packages/telegram/bot.py", line 134, in decorator
    result = func(*args, **kwargs)
  File "/usr/local/lib/python3.10/site-packages/telegram/bot.py", line 3140, in get_updates
    self._post(
  File "/usr/local/lib/python3.10/site-packages/telegram/bot.py", line 299, in _post
    return self.request.post(
  File "/usr/local/lib/python3.10/site-packages/telegram/utils/request.py", line 361, in post
    result = self._request_wrapper(
  File "/usr/local/lib/python3.10/site-packages/telegram/utils/request.py", line 265, in _request_wrapper
    raise NetworkError(f'urllib3 HTTPError {error}') from error
telegram.error.NetworkError: urllib3 HTTPError HTTPSConnectionPool(host='api.telegram.org', port=443): Max retries exceeded with url: /bot8663400657:AAEbBqdhw4ZfHrU7JqCGlj2twvONKQLYnTs/getUpdates (Caused by NewConnectionError('<telegram.vendor.ptb_urllib3.urllib3.connection.VerifiedHTTPSConnection object at 0x778da27c9de0>: Failed to establish a new connection: [Errno -2] Name or service not known'))
WARNING 2026-07-21 21:14:10,744 connectionpool Retrying (Retry(total=2, connect=None, read=None, redirect=None)) after connection broken by 'NewConnectionError('<telegram.vendor.ptb_urllib3.urllib3.connection.VerifiedHTTPSConnection object at 0x778da27c95a0>: Failed to establish a new connection: [Errno -2] Name or service not known')': /bot8663400657:AAEbBqdhw4ZfHrU7JqCGlj2twvONKQLYnTs/getUpdates
WARNING 2026-07-21 21:14:10,754 connectionpool Retrying (Retry(total=1, connect=None, read=None, redirect=None)) after connection broken by 'NewConnectionError('<telegram.vendor.ptb_urllib3.urllib3.connection.VerifiedHTTPSConnection object at 0x778da27ca860>: Failed to establish a new connection: [Errno -2] Name or service not known')': /bot8663400657:AAEbBqdhw4ZfHrU7JqCGlj2twvONKQLYnTs/getUpdates
WARNING 2026-07-21 21:14:10,764 connectionpool Retrying (Retry(total=0, connect=None, read=None, redirect=None)) after connection broken by 'NewConnectionError('<telegram.vendor.ptb_urllib3.urllib3.connection.VerifiedHTTPSConnection object at 0x778da27ca6e0>: Failed to establish a new connection: [Errno -2] Name or service not known')': /bot8663400657:AAEbBqdhw4ZfHrU7JqCGlj2twvONKQLYnTs/getUpdates
ERROR 2026-07-21 21:14:10,773 updater Error while getting Updates: urllib3 HTTPError HTTPSConnectionPool(host='api.telegram.org', port=443): Max retries exceeded with url: /bot8663400657:AAEbBqdhw4ZfHrU7JqCGlj2twvONKQLYnTs/getUpdates (Caused by NewConnectionError('<telegram.vendor.ptb_urllib3.urllib3.connection.VerifiedHTTPSConnection object at 0x778da27ca560>: Failed to establish a new connection: [Errno -2] Name or service not known'))
ERROR 2026-07-21 21:14:10,776 dispatcher No error handlers are registered, logging exception.
Traceback (most recent call last):
  File "/usr/local/lib/python3.10/site-packages/telegram/vendor/ptb_urllib3/urllib3/connection.py", line 140, in _new_conn
    conn = connection.create_connection(
  File "/usr/local/lib/python3.10/site-packages/telegram/vendor/ptb_urllib3/urllib3/util/connection.py", line 60, in create_connection
    for res in socket.getaddrinfo(host, port, family, socket.SOCK_STREAM):
  File "/usr/local/lib/python3.10/socket.py", line 967, in getaddrinfo
    for res in _socket.getaddrinfo(host, port, family, type, proto, flags):
socket.gaierror: [Errno -2] Name or service not known

During handling of the above exception, another exception occurred:

Traceback (most recent call last):
  File "/usr/local/lib/python3.10/site-packages/telegram/vendor/ptb_urllib3/urllib3/connectionpool.py", line 614, in urlopen
    httplib_response = self._make_request(conn, method, url,
  File "/usr/local/lib/python3.10/site-packages/telegram/vendor/ptb_urllib3/urllib3/connectionpool.py", line 360, in _make_request
    self._validate_conn(conn)
  File "/usr/local/lib/python3.10/site-packages/telegram/vendor/ptb_urllib3/urllib3/connectionpool.py", line 857, in _validate_conn
    super(HTTPSConnectionPool, self)._validate_conn(conn)
  File "/usr/local/lib/python3.10/site-packages/telegram/vendor/ptb_urllib3/urllib3/connectionpool.py", line 289, in _validate_conn
    conn.connect()
  File "/usr/local/lib/python3.10/site-packages/telegram/vendor/ptb_urllib3/urllib3/connection.py", line 284, in connect
    conn = self._new_conn()
  File "/usr/local/lib/python3.10/site-packages/telegram/vendor/ptb_urllib3/urllib3/connection.py", line 149, in _new_conn
    raise NewConnectionError(
telegram.vendor.ptb_urllib3.urllib3.exceptions.NewConnectionError: <telegram.vendor.ptb_urllib3.urllib3.connection.VerifiedHTTPSConnection object at 0x778da27ca560>: Failed to establish a new connection: [Errno -2] Name or service not known

During handling of the above exception, another exception occurred:

Traceback (most recent call last):
  File "/usr/local/lib/python3.10/site-packages/telegram/utils/request.py", line 259, in _request_wrapper
    resp = self._con_pool.request(*args, **kwargs)
  File "/usr/local/lib/python3.10/site-packages/telegram/vendor/ptb_urllib3/urllib3/request.py", line 68, in request
    return self.request_encode_body(method, url, fields=fields,
  File "/usr/local/lib/python3.10/site-packages/telegram/vendor/ptb_urllib3/urllib3/request.py", line 148, in request_encode_body
    return self.urlopen(method, url, **extra_kw)
  File "/usr/local/lib/python3.10/site-packages/telegram/vendor/ptb_urllib3/urllib3/poolmanager.py", line 244, in urlopen
    response = conn.urlopen(method, u.request_uri, **kw)
  File "/usr/local/lib/python3.10/site-packages/telegram/vendor/ptb_urllib3/urllib3/connectionpool.py", line 691, in urlopen
    return self.urlopen(method, url, body, headers, retries,
  File "/usr/local/lib/python3.10/site-packages/telegram/vendor/ptb_urllib3/urllib3/connectionpool.py", line 691, in urlopen
    return self.urlopen(method, url, body, headers, retries,
  File "/usr/local/lib/python3.10/site-packages/telegram/vendor/ptb_urllib3/urllib3/connectionpool.py", line 691, in urlopen
    return self.urlopen(method, url, body, headers, retries,
  File "/usr/local/lib/python3.10/site-packages/telegram/vendor/ptb_urllib3/urllib3/connectionpool.py", line 665, in urlopen
    retries = retries.increment(method, url, error=e, _pool=self,
  File "/usr/local/lib/python3.10/site-packages/telegram/vendor/ptb_urllib3/urllib3/util/retry.py", line 376, in increment
    raise MaxRetryError(_pool, url, error or ResponseError(cause))
telegram.vendor.ptb_urllib3.urllib3.exceptions.MaxRetryError: HTTPSConnectionPool(host='api.telegram.org', port=443): Max retries exceeded with url: /bot8663400657:AAEbBqdhw4ZfHrU7JqCGlj2twvONKQLYnTs/getUpdates (Caused by NewConnectionError('<telegram.vendor.ptb_urllib3.urllib3.connection.VerifiedHTTPSConnection object at 0x778da27ca560>: Failed to establish a new connection: [Errno -2] Name or service not known'))

The above exception was the direct cause of the following exception:

Traceback (most recent call last):
  File "/usr/local/lib/python3.10/site-packages/telegram/ext/updater.py", line 651, in _network_loop_retry
    if not action_cb():
  File "/usr/local/lib/python3.10/site-packages/telegram/ext/updater.py", line 602, in polling_action_cb
    updates = self.bot.get_updates(
  File "/usr/local/lib/python3.10/site-packages/telegram/ext/extbot.py", line 228, in get_updates
    updates = super().get_updates(
  File "/usr/local/lib/python3.10/site-packages/telegram/bot.py", line 134, in decorator
    result = func(*args, **kwargs)
  File "/usr/local/lib/python3.10/site-packages/telegram/bot.py", line 3140, in get_updates
    self._post(
  File "/usr/local/lib/python3.10/site-packages/telegram/bot.py", line 299, in _post
    return self.request.post(
  File "/usr/local/lib/python3.10/site-packages/telegram/utils/request.py", line 361, in post
    result = self._request_wrapper(
  File "/usr/local/lib/python3.10/site-packages/telegram/utils/request.py", line 265, in _request_wrapper
    raise NetworkError(f'urllib3 HTTPError {error}') from error
telegram.error.NetworkError: urllib3 HTTPError HTTPSConnectionPool(host='api.telegram.org', port=443): Max retries exceeded with url: /bot8663400657:AAEbBqdhw4ZfHrU7JqCGlj2twvONKQLYnTs/getUpdates (Caused by NewConnectionError('<telegram.vendor.ptb_urllib3.urllib3.connection.VerifiedHTTPSConnection object at 0x778da27ca560>: Failed to establish a new connection: [Errno -2] Name or service not known'))
WARNING 2026-07-21 21:14:18,159 connectionpool Retrying (Retry(total=2, connect=None, read=None, redirect=None)) after connection broken by 'NewConnectionError('<telegram.vendor.ptb_urllib3.urllib3.connection.VerifiedHTTPSConnection object at 0x778da27ca8c0>: Failed to establish a new connection: [Errno -5] No address associated with hostname')': /bot8663400657:AAEbBqdhw4ZfHrU7JqCGlj2twvONKQLYnTs/getUpdates
WARNING 2026-07-21 21:14:23,326 connectionpool Retrying (Retry(total=1, connect=None, read=None, redirect=None)) after connection broken by 'ConnectTimeoutError(<telegram.vendor.ptb_urllib3.urllib3.connectionpool.HTTPSConnectionPool object at 0x778da1fc6b30>, 'Connect timed out. (connect timeout=5.0)')': /bot8663400657:AAEbBqdhw4ZfHrU7JqCGlj2twvONKQLYnTs/getUpdates
WARNING 2026-07-21 21:14:28,486 connectionpool Retrying (Retry(total=0, connect=None, read=None, redirect=None)) after connection broken by 'ConnectTimeoutError(<telegram.vendor.ptb_urllib3.urllib3.connectionpool.HTTPSConnectionPool object at 0x778da1fc6b30>, 'Connect timed out. (connect timeout=5.0)')': /bot8663400657:AAEbBqdhw4ZfHrU7JqCGlj2twvONKQLYnTs/getUpdates
ERROR 2026-07-21 21:14:33,630 updater Error while getting Updates: urllib3 HTTPError HTTPSConnectionPool(host='api.telegram.org', port=443): Max retries exceeded with url: /bot8663400657:AAEbBqdhw4ZfHrU7JqCGlj2twvONKQLYnTs/getUpdates (Caused by ConnectTimeoutError(<telegram.vendor.ptb_urllib3.urllib3.connectionpool.HTTPSConnectionPool object at 0x778da1fc6b30>, 'Connect timed out. (connect timeout=5.0)'))
ERROR 2026-07-21 21:14:33,634 dispatcher No error handlers are registered, logging exception.
Traceback (most recent call last):
  File "/usr/local/lib/python3.10/site-packages/telegram/vendor/ptb_urllib3/urllib3/connectionpool.py", line 360, in _make_request
    self._validate_conn(conn)
  File "/usr/local/lib/python3.10/site-packages/telegram/vendor/ptb_urllib3/urllib3/connectionpool.py", line 857, in _validate_conn
    super(HTTPSConnectionPool, self)._validate_conn(conn)
  File "/usr/local/lib/python3.10/site-packages/telegram/vendor/ptb_urllib3/urllib3/connectionpool.py", line 289, in _validate_conn
    conn.connect()
  File "/usr/local/lib/python3.10/site-packages/telegram/vendor/ptb_urllib3/urllib3/connection.py", line 319, in connect
    self.sock = ssl_wrap_socket(
  File "/usr/local/lib/python3.10/site-packages/telegram/vendor/ptb_urllib3/urllib3/util/ssl_.py", line 324, in ssl_wrap_socket
    return context.wrap_socket(sock, server_hostname=server_hostname)
  File "/usr/local/lib/python3.10/ssl.py", line 513, in wrap_socket
    return self.sslsocket_class._create(
  File "/usr/local/lib/python3.10/ssl.py", line 1104, in _create
    self.do_handshake()
  File "/usr/local/lib/python3.10/ssl.py", line 1375, in do_handshake
    self._sslobj.do_handshake()
TimeoutError: _ssl.c:1000: The handshake operation timed out

During handling of the above exception, another exception occurred:

Traceback (most recent call last):
  File "/usr/local/lib/python3.10/site-packages/telegram/vendor/ptb_urllib3/urllib3/connectionpool.py", line 614, in urlopen
    httplib_response = self._make_request(conn, method, url,
  File "/usr/local/lib/python3.10/site-packages/telegram/vendor/ptb_urllib3/urllib3/connectionpool.py", line 363, in _make_request
    self._raise_timeout(err=e, url=url, timeout_value=conn.timeout,
  File "/usr/local/lib/python3.10/site-packages/telegram/vendor/ptb_urllib3/urllib3/connectionpool.py", line 321, in _raise_timeout
    raise exc_cls(*args)
telegram.vendor.ptb_urllib3.urllib3.exceptions.ConnectTimeoutError: (<telegram.vendor.ptb_urllib3.urllib3.connectionpool.HTTPSConnectionPool object at 0x778da1fc6b30>, 'Connect timed out. (connect timeout=5.0)')

During handling of the above exception, another exception occurred:

Traceback (most recent call last):
  File "/usr/local/lib/python3.10/site-packages/telegram/utils/request.py", line 259, in _request_wrapper
    resp = self._con_pool.request(*args, **kwargs)
  File "/usr/local/lib/python3.10/site-packages/telegram/vendor/ptb_urllib3/urllib3/request.py", line 68, in request
    return self.request_encode_body(method, url, fields=fields,
  File "/usr/local/lib/python3.10/site-packages/telegram/vendor/ptb_urllib3/urllib3/request.py", line 148, in request_encode_body
    return self.urlopen(method, url, **extra_kw)
  File "/usr/local/lib/python3.10/site-packages/telegram/vendor/ptb_urllib3/urllib3/poolmanager.py", line 244, in urlopen
    response = conn.urlopen(method, u.request_uri, **kw)
  File "/usr/local/lib/python3.10/site-packages/telegram/vendor/ptb_urllib3/urllib3/connectionpool.py", line 691, in urlopen
    return self.urlopen(method, url, body, headers, retries,
  File "/usr/local/lib/python3.10/site-packages/telegram/vendor/ptb_urllib3/urllib3/connectionpool.py", line 691, in urlopen
    return self.urlopen(method, url, body, headers, retries,
  File "/usr/local/lib/python3.10/site-packages/telegram/vendor/ptb_urllib3/urllib3/connectionpool.py", line 691, in urlopen
    return self.urlopen(method, url, body, headers, retries,
  File "/usr/local/lib/python3.10/site-packages/telegram/vendor/ptb_urllib3/urllib3/connectionpool.py", line 665, in urlopen
    retries = retries.increment(method, url, error=e, _pool=self,
  File "/usr/local/lib/python3.10/site-packages/telegram/vendor/ptb_urllib3/urllib3/util/retry.py", line 376, in increment
    raise MaxRetryError(_pool, url, error or ResponseError(cause))
telegram.vendor.ptb_urllib3.urllib3.exceptions.MaxRetryError: HTTPSConnectionPool(host='api.telegram.org', port=443): Max retries exceeded with url: /bot8663400657:AAEbBqdhw4ZfHrU7JqCGlj2twvONKQLYnTs/getUpdates (Caused by ConnectTimeoutError(<telegram.vendor.ptb_urllib3.urllib3.connectionpool.HTTPSConnectionPool object at 0x778da1fc6b30>, 'Connect timed out. (connect timeout=5.0)'))

The above exception was the direct cause of the following exception:

Traceback (most recent call last):
  File "/usr/local/lib/python3.10/site-packages/telegram/ext/updater.py", line 651, in _network_loop_retry
    if not action_cb():
  File "/usr/local/lib/python3.10/site-packages/telegram/ext/updater.py", line 602, in polling_action_cb
    updates = self.bot.get_updates(
  File "/usr/local/lib/python3.10/site-packages/telegram/ext/extbot.py", line 228, in get_updates
    updates = super().get_updates(
  File "/usr/local/lib/python3.10/site-packages/telegram/bot.py", line 134, in decorator
    result = func(*args, **kwargs)
  File "/usr/local/lib/python3.10/site-packages/telegram/bot.py", line 3140, in get_updates
    self._post(
  File "/usr/local/lib/python3.10/site-packages/telegram/bot.py", line 299, in _post
    return self.request.post(
  File "/usr/local/lib/python3.10/site-packages/telegram/utils/request.py", line 361, in post
    result = self._request_wrapper(
  File "/usr/local/lib/python3.10/site-packages/telegram/utils/request.py", line 265, in _request_wrapper
    raise NetworkError(f'urllib3 HTTPError {error}') from error
telegram.error.NetworkError: urllib3 HTTPError HTTPSConnectionPool(host='api.telegram.org', port=443): Max retries exceeded with url: /bot8663400657:AAEbBqdhw4ZfHrU7JqCGlj2twvONKQLYnTs/getUpdates (Caused by ConnectTimeoutError(<telegram.vendor.ptb_urllib3.urllib3.connectionpool.HTTPSConnectionPool object at 0x778da1fc6b30>, 'Connect timed out. (connect timeout=5.0)'))
WARNING 2026-07-21 21:14:43,862 connectionpool Retrying (Retry(total=2, connect=None, read=None, redirect=None)) after connection broken by 'ConnectTimeoutError(<telegram.vendor.ptb_urllib3.urllib3.connectionpool.HTTPSConnectionPool object at 0x778da1fc6b30>, 'Connect timed out. (connect timeout=5.0)')': /bot8663400657:AAEbBqdhw4ZfHrU7JqCGlj2twvONKQLYnTs/getUpdates
ERROR 2026-07-21 21:14:46,163 updater Error while getting Updates: urllib3 HTTPError [SSL: UNEXPECTED_EOF_WHILE_READING] EOF occurred in violation of protocol (_ssl.c:1017)
ERROR 2026-07-21 21:14:46,249 dispatcher No error handlers are registered, logging exception.
Traceback (most recent call last):
  File "/usr/local/lib/python3.10/site-packages/telegram/vendor/ptb_urllib3/urllib3/connectionpool.py", line 614, in urlopen
    httplib_response = self._make_request(conn, method, url,
  File "/usr/local/lib/python3.10/site-packages/telegram/vendor/ptb_urllib3/urllib3/connectionpool.py", line 360, in _make_request
    self._validate_conn(conn)
  File "/usr/local/lib/python3.10/site-packages/telegram/vendor/ptb_urllib3/urllib3/connectionpool.py", line 857, in _validate_conn
    super(HTTPSConnectionPool, self)._validate_conn(conn)
  File "/usr/local/lib/python3.10/site-packages/telegram/vendor/ptb_urllib3/urllib3/connectionpool.py", line 289, in _validate_conn
    conn.connect()
  File "/usr/local/lib/python3.10/site-packages/telegram/vendor/ptb_urllib3/urllib3/connection.py", line 319, in connect
    self.sock = ssl_wrap_socket(
  File "/usr/local/lib/python3.10/site-packages/telegram/vendor/ptb_urllib3/urllib3/util/ssl_.py", line 324, in ssl_wrap_socket
    return context.wrap_socket(sock, server_hostname=server_hostname)
  File "/usr/local/lib/python3.10/ssl.py", line 513, in wrap_socket
    return self.sslsocket_class._create(
  File "/usr/local/lib/python3.10/ssl.py", line 1104, in _create
    self.do_handshake()
  File "/usr/local/lib/python3.10/ssl.py", line 1375, in do_handshake
    self._sslobj.do_handshake()
ssl.SSLEOFError: [SSL: UNEXPECTED_EOF_WHILE_READING] EOF occurred in violation of protocol (_ssl.c:1017)

During handling of the above exception, another exception occurred:

Traceback (most recent call last):
  File "/usr/local/lib/python3.10/site-packages/telegram/utils/request.py", line 259, in _request_wrapper
    resp = self._con_pool.request(*args, **kwargs)
  File "/usr/local/lib/python3.10/site-packages/telegram/vendor/ptb_urllib3/urllib3/request.py", line 68, in request
    return self.request_encode_body(method, url, fields=fields,
  File "/usr/local/lib/python3.10/site-packages/telegram/vendor/ptb_urllib3/urllib3/request.py", line 148, in request_encode_body
    return self.urlopen(method, url, **extra_kw)
  File "/usr/local/lib/python3.10/site-packages/telegram/vendor/ptb_urllib3/urllib3/poolmanager.py", line 244, in urlopen
    response = conn.urlopen(method, u.request_uri, **kw)
  File "/usr/local/lib/python3.10/site-packages/telegram/vendor/ptb_urllib3/urllib3/connectionpool.py", line 691, in urlopen
    return self.urlopen(method, url, body, headers, retries,
  File "/usr/local/lib/python3.10/site-packages/telegram/vendor/ptb_urllib3/urllib3/connectionpool.py", line 647, in urlopen
    raise SSLError(e)
telegram.vendor.ptb_urllib3.urllib3.exceptions.SSLError: [SSL: UNEXPECTED_EOF_WHILE_READING] EOF occurred in violation of protocol (_ssl.c:1017)

The above exception was the direct cause of the following exception:

Traceback (most recent call last):
  File "/usr/local/lib/python3.10/site-packages/telegram/ext/updater.py", line 651, in _network_loop_retry
    if not action_cb():
  File "/usr/local/lib/python3.10/site-packages/telegram/ext/updater.py", line 602, in polling_action_cb
    updates = self.bot.get_updates(
  File "/usr/local/lib/python3.10/site-packages/telegram/ext/extbot.py", line 228, in get_updates
    updates = super().get_updates(
  File "/usr/local/lib/python3.10/site-packages/telegram/bot.py", line 134, in decorator
    result = func(*args, **kwargs)
  File "/usr/local/lib/python3.10/site-packages/telegram/bot.py", line 3140, in get_updates
    self._post(
  File "/usr/local/lib/python3.10/site-packages/telegram/bot.py", line 299, in _post
    return self.request.post(
  File "/usr/local/lib/python3.10/site-packages/telegram/utils/request.py", line 361, in post
    result = self._request_wrapper(
  File "/usr/local/lib/python3.10/site-packages/telegram/utils/request.py", line 265, in _request_wrapper
    raise NetworkError(f'urllib3 HTTPError {error}') from error
telegram.error.NetworkError: urllib3 HTTPError [SSL: UNEXPECTED_EOF_WHILE_READING] EOF occurred in violation of protocol (_ssl.c:1017)
WARNING 2026-07-21 21:14:59,028 connectionpool Retrying (Retry(total=2, connect=None, read=None, redirect=None)) after connection broken by 'ConnectTimeoutError(<telegram.vendor.ptb_urllib3.urllib3.connectionpool.HTTPSConnectionPool object at 0x778da1fc6b30>, 'Connect timed out. (connect timeout=5.0)')': /bot8663400657:AAEbBqdhw4ZfHrU7JqCGlj2twvONKQLYnTs/getUpdates
WARNING 2026-07-21 21:15:04,167 connectionpool Retrying (Retry(total=1, connect=None, read=None, redirect=None)) after connection broken by 'ConnectTimeoutError(<telegram.vendor.ptb_urllib3.urllib3.connectionpool.HTTPSConnectionPool object at 0x778da1fc6b30>, 'Connect timed out. (connect timeout=5.0)')': /bot8663400657:AAEbBqdhw4ZfHrU7JqCGlj2twvONKQLYnTs/getUpdates
WARNING 2026-07-21 21:15:09,309 connectionpool Retrying (Retry(total=0, connect=None, read=None, redirect=None)) after connection broken by 'ConnectTimeoutError(<telegram.vendor.ptb_urllib3.urllib3.connectionpool.HTTPSConnectionPool object at 0x778da1fc6b30>, 'Connect timed out. (connect timeout=5.0)')': /bot8663400657:AAEbBqdhw4ZfHrU7JqCGlj2twvONKQLYnTs/getUpdates
ERROR 2026-07-21 21:15:14,451 updater Error while getting Updates: urllib3 HTTPError HTTPSConnectionPool(host='api.telegram.org', port=443): Max retries exceeded with url: /bot8663400657:AAEbBqdhw4ZfHrU7JqCGlj2twvONKQLYnTs/getUpdates (Caused by ConnectTimeoutError(<telegram.vendor.ptb_urllib3.urllib3.connectionpool.HTTPSConnectionPool object at 0x778da1fc6b30>, 'Connect timed out. (connect timeout=5.0)'))
ERROR 2026-07-21 21:15:14,458 dispatcher No error handlers are registered, logging exception.
Traceback (most recent call last):
  File "/usr/local/lib/python3.10/site-packages/telegram/vendor/ptb_urllib3/urllib3/connectionpool.py", line 360, in _make_request
    self._validate_conn(conn)
  File "/usr/local/lib/python3.10/site-packages/telegram/vendor/ptb_urllib3/urllib3/connectionpool.py", line 857, in _validate_conn
    super(HTTPSConnectionPool, self)._validate_conn(conn)
  File "/usr/local/lib/python3.10/site-packages/telegram/vendor/ptb_urllib3/urllib3/connectionpool.py", line 289, in _validate_conn
    conn.connect()
  File "/usr/local/lib/python3.10/site-packages/telegram/vendor/ptb_urllib3/urllib3/connection.py", line 319, in connect
    self.sock = ssl_wrap_socket(
  File "/usr/local/lib/python3.10/site-packages/telegram/vendor/ptb_urllib3/urllib3/util/ssl_.py", line 324, in ssl_wrap_socket
    return context.wrap_socket(sock, server_hostname=server_hostname)
  File "/usr/local/lib/python3.10/ssl.py", line 513, in wrap_socket
    return self.sslsocket_class._create(
  File "/usr/local/lib/python3.10/ssl.py", line 1104, in _create
    self.do_handshake()
  File "/usr/local/lib/python3.10/ssl.py", line 1375, in do_handshake
    self._sslobj.do_handshake()
TimeoutError: _ssl.c:1000: The handshake operation timed out

During handling of the above exception, another exception occurred:

Traceback (most recent call last):
  File "/usr/local/lib/python3.10/site-packages/telegram/vendor/ptb_urllib3/urllib3/connectionpool.py", line 614, in urlopen
    httplib_response = self._make_request(conn, method, url,
  File "/usr/local/lib/python3.10/site-packages/telegram/vendor/ptb_urllib3/urllib3/connectionpool.py", line 363, in _make_request
    self._raise_timeout(err=e, url=url, timeout_value=conn.timeout,
  File "/usr/local/lib/python3.10/site-packages/telegram/vendor/ptb_urllib3/urllib3/connectionpool.py", line 321, in _raise_timeout
    raise exc_cls(*args)
telegram.vendor.ptb_urllib3.urllib3.exceptions.ConnectTimeoutError: (<telegram.vendor.ptb_urllib3.urllib3.connectionpool.HTTPSConnectionPool object at 0x778da1fc6b30>, 'Connect timed out. (connect timeout=5.0)')

During handling of the above exception, another exception occurred:

Traceback (most recent call last):
  File "/usr/local/lib/python3.10/site-packages/telegram/utils/request.py", line 259, in _request_wrapper
    resp = self._con_pool.request(*args, **kwargs)
  File "/usr/local/lib/python3.10/site-packages/telegram/vendor/ptb_urllib3/urllib3/request.py", line 68, in request
    return self.request_encode_body(method, url, fields=fields,
  File "/usr/local/lib/python3.10/site-packages/telegram/vendor/ptb_urllib3/urllib3/request.py", line 148, in request_encode_body
    return self.urlopen(method, url, **extra_kw)
  File "/usr/local/lib/python3.10/site-packages/telegram/vendor/ptb_urllib3/urllib3/poolmanager.py", line 244, in urlopen
    response = conn.urlopen(method, u.request_uri, **kw)
  File "/usr/local/lib/python3.10/site-packages/telegram/vendor/ptb_urllib3/urllib3/connectionpool.py", line 691, in urlopen
    return self.urlopen(method, url, body, headers, retries,
  File "/usr/local/lib/python3.10/site-packages/telegram/vendor/ptb_urllib3/urllib3/connectionpool.py", line 691, in urlopen
    return self.urlopen(method, url, body, headers, retries,
  File "/usr/local/lib/python3.10/site-packages/telegram/vendor/ptb_urllib3/urllib3/connectionpool.py", line 691, in urlopen
    return self.urlopen(method, url, body, headers, retries,
  File "/usr/local/lib/python3.10/site-packages/telegram/vendor/ptb_urllib3/urllib3/connectionpool.py", line 665, in urlopen
    retries = retries.increment(method, url, error=e, _pool=self,
  File "/usr/local/lib/python3.10/site-packages/telegram/vendor/ptb_urllib3/urllib3/util/retry.py", line 376, in increment
    raise MaxRetryError(_pool, url, error or ResponseError(cause))
telegram.vendor.ptb_urllib3.urllib3.exceptions.MaxRetryError: HTTPSConnectionPool(host='api.telegram.org', port=443): Max retries exceeded with url: /bot8663400657:AAEbBqdhw4ZfHrU7JqCGlj2twvONKQLYnTs/getUpdates (Caused by ConnectTimeoutError(<telegram.vendor.ptb_urllib3.urllib3.connectionpool.HTTPSConnectionPool object at 0x778da1fc6b30>, 'Connect timed out. (connect timeout=5.0)'))

The above exception was the direct cause of the following exception:

Traceback (most recent call last):
  File "/usr/local/lib/python3.10/site-packages/telegram/ext/updater.py", line 651, in _network_loop_retry
    if not action_cb():
  File "/usr/local/lib/python3.10/site-packages/telegram/ext/updater.py", line 602, in polling_action_cb
    updates = self.bot.get_updates(
  File "/usr/local/lib/python3.10/site-packages/telegram/ext/extbot.py", line 228, in get_updates
    updates = super().get_updates(
  File "/usr/local/lib/python3.10/site-packages/telegram/bot.py", line 134, in decorator
    result = func(*args, **kwargs)
  File "/usr/local/lib/python3.10/site-packages/telegram/bot.py", line 3140, in get_updates
    self._post(
  File "/usr/local/lib/python3.10/site-packages/telegram/bot.py", line 299, in _post
    return self.request.post(
  File "/usr/local/lib/python3.10/site-packages/telegram/utils/request.py", line 361, in post
    result = self._request_wrapper(
  File "/usr/local/lib/python3.10/site-packages/telegram/utils/request.py", line 265, in _request_wrapper
    raise NetworkError(f'urllib3 HTTPError {error}') from error
telegram.error.NetworkError: urllib3 HTTPError HTTPSConnectionPool(host='api.telegram.org', port=443): Max retries exceeded with url: /bot8663400657:AAEbBqdhw4ZfHrU7JqCGlj2twvONKQLYnTs/getUpdates (Caused by ConnectTimeoutError(<telegram.vendor.ptb_urllib3.urllib3.connectionpool.HTTPSConnectionPool object at 0x778da1fc6b30>, 'Connect timed out. (connect timeout=5.0)'))
WARNING 2026-07-21 21:15:31,004 connectionpool Retrying (Retry(total=2, connect=None, read=None, redirect=None)) after connection broken by 'ConnectTimeoutError(<telegram.vendor.ptb_urllib3.urllib3.connectionpool.HTTPSConnectionPool object at 0x778da1fc6b30>, 'Connect timed out. (connect timeout=5.0)')': /bot8663400657:AAEbBqdhw4ZfHrU7JqCGlj2twvONKQLYnTs/getUpdates
WARNING 2026-07-21 21:15:36,146 connectionpool Retrying (Retry(total=1, connect=None, read=None, redirect=None)) after connection broken by 'ConnectTimeoutError(<telegram.vendor.ptb_urllib3.urllib3.connectionpool.HTTPSConnectionPool object at 0x778da1fc6b30>, 'Connect timed out. (connect timeout=5.0)')': /bot8663400657:AAEbBqdhw4ZfHrU7JqCGlj2twvONKQLYnTs/getUpdates
WARNING 2026-07-21 21:15:41,299 connectionpool Retrying (Retry(total=0, connect=None, read=None, redirect=None)) after connection broken by 'ConnectTimeoutError(<telegram.vendor.ptb_urllib3.urllib3.connectionpool.HTTPSConnectionPool object at 0x778da1fc6b30>, 'Connect timed out. (connect timeout=5.0)')': /bot8663400657:AAEbBqdhw4ZfHrU7JqCGlj2twvONKQLYnTs/getUpdates
ERROR 2026-07-21 21:15:46,446 updater Error while getting Updates: urllib3 HTTPError HTTPSConnectionPool(host='api.telegram.org', port=443): Max retries exceeded with url: /bot8663400657:AAEbBqdhw4ZfHrU7JqCGlj2twvONKQLYnTs/getUpdates (Caused by ConnectTimeoutError(<telegram.vendor.ptb_urllib3.urllib3.connectionpool.HTTPSConnectionPool object at 0x778da1fc6b30>, 'Connect timed out. (connect timeout=5.0)'))
ERROR 2026-07-21 21:15:46,451 dispatcher No error handlers are registered, logging exception.
Traceback (most recent call last):
  File "/usr/local/lib/python3.10/site-packages/telegram/vendor/ptb_urllib3/urllib3/connectionpool.py", line 360, in _make_request
    self._validate_conn(conn)
  File "/usr/local/lib/python3.10/site-packages/telegram/vendor/ptb_urllib3/urllib3/connectionpool.py", line 857, in _validate_conn
    super(HTTPSConnectionPool, self)._validate_conn(conn)
  File "/usr/local/lib/python3.10/site-packages/telegram/vendor/ptb_urllib3/urllib3/connectionpool.py", line 289, in _validate_conn
    conn.connect()
  File "/usr/local/lib/python3.10/site-packages/telegram/vendor/ptb_urllib3/urllib3/connection.py", line 319, in connect
    self.sock = ssl_wrap_socket(
  File "/usr/local/lib/python3.10/site-packages/telegram/vendor/ptb_urllib3/urllib3/util/ssl_.py", line 324, in ssl_wrap_socket
    return context.wrap_socket(sock, server_hostname=server_hostname)
  File "/usr/local/lib/python3.10/ssl.py", line 513, in wrap_socket
    return self.sslsocket_class._create(
  File "/usr/local/lib/python3.10/ssl.py", line 1104, in _create
    self.do_handshake()
  File "/usr/local/lib/python3.10/ssl.py", line 1375, in do_handshake
    self._sslobj.do_handshake()
TimeoutError: _ssl.c:1000: The handshake operation timed out

During handling of the above exception, another exception occurred:

Traceback (most recent call last):
  File "/usr/local/lib/python3.10/site-packages/telegram/vendor/ptb_urllib3/urllib3/connectionpool.py", line 614, in urlopen
    httplib_response = self._make_request(conn, method, url,
  File "/usr/local/lib/python3.10/site-packages/telegram/vendor/ptb_urllib3/urllib3/connectionpool.py", line 363, in _make_request
    self._raise_timeout(err=e, url=url, timeout_value=conn.timeout,
  File "/usr/local/lib/python3.10/site-packages/telegram/vendor/ptb_urllib3/urllib3/connectionpool.py", line 321, in _raise_timeout
    raise exc_cls(*args)
telegram.vendor.ptb_urllib3.urllib3.exceptions.ConnectTimeoutError: (<telegram.vendor.ptb_urllib3.urllib3.connectionpool.HTTPSConnectionPool object at 0x778da1fc6b30>, 'Connect timed out. (connect timeout=5.0)')

During handling of the above exception, another exception occurred:

Traceback (most recent call last):
  File "/usr/local/lib/python3.10/site-packages/telegram/utils/request.py", line 259, in _request_wrapper
    resp = self._con_pool.request(*args, **kwargs)
  File "/usr/local/lib/python3.10/site-packages/telegram/vendor/ptb_urllib3/urllib3/request.py", line 68, in request
    return self.request_encode_body(method, url, fields=fields,
  File "/usr/local/lib/python3.10/site-packages/telegram/vendor/ptb_urllib3/urllib3/request.py", line 148, in request_encode_body
    return self.urlopen(method, url, **extra_kw)
  File "/usr/local/lib/python3.10/site-packages/telegram/vendor/ptb_urllib3/urllib3/poolmanager.py", line 244, in urlopen
    response = conn.urlopen(method, u.request_uri, **kw)
  File "/usr/local/lib/python3.10/site-packages/telegram/vendor/ptb_urllib3/urllib3/connectionpool.py", line 691, in urlopen
    return self.urlopen(method, url, body, headers, retries,
  File "/usr/local/lib/python3.10/site-packages/telegram/vendor/ptb_urllib3/urllib3/connectionpool.py", line 691, in urlopen
    return self.urlopen(method, url, body, headers, retries,
  File "/usr/local/lib/python3.10/site-packages/telegram/vendor/ptb_urllib3/urllib3/connectionpool.py", line 691, in urlopen
    return self.urlopen(method, url, body, headers, retries,
  File "/usr/local/lib/python3.10/site-packages/telegram/vendor/ptb_urllib3/urllib3/connectionpool.py", line 665, in urlopen
    retries = retries.increment(method, url, error=e, _pool=self,
  File "/usr/local/lib/python3.10/site-packages/telegram/vendor/ptb_urllib3/urllib3/util/retry.py", line 376, in increment
    raise MaxRetryError(_pool, url, error or ResponseError(cause))
telegram.vendor.ptb_urllib3.urllib3.exceptions.MaxRetryError: HTTPSConnectionPool(host='api.telegram.org', port=443): Max retries exceeded with url: /bot8663400657:AAEbBqdhw4ZfHrU7JqCGlj2twvONKQLYnTs/getUpdates (Caused by ConnectTimeoutError(<telegram.vendor.ptb_urllib3.urllib3.connectionpool.HTTPSConnectionPool object at 0x778da1fc6b30>, 'Connect timed out. (connect timeout=5.0)'))

The above exception was the direct cause of the following exception:

Traceback (most recent call last):
  File "/usr/local/lib/python3.10/site-packages/telegram/ext/updater.py", line 651, in _network_loop_retry
    if not action_cb():
  File "/usr/local/lib/python3.10/site-packages/telegram/ext/updater.py", line 602, in polling_action_cb
    updates = self.bot.get_updates(
  File "/usr/local/lib/python3.10/site-packages/telegram/ext/extbot.py", line 228, in get_updates
    updates = super().get_updates(
  File "/usr/local/lib/python3.10/site-packages/telegram/bot.py", line 134, in decorator
    result = func(*args, **kwargs)
  File "/usr/local/lib/python3.10/site-packages/telegram/bot.py", line 3140, in get_updates
    self._post(
  File "/usr/local/lib/python3.10/site-packages/telegram/bot.py", line 299, in _post
    return self.request.post(
  File "/usr/local/lib/python3.10/site-packages/telegram/utils/request.py", line 361, in post
    result = self._request_wrapper(
  File "/usr/local/lib/python3.10/site-packages/telegram/utils/request.py", line 265, in _request_wrapper
    raise NetworkError(f'urllib3 HTTPError {error}') from error
telegram.error.NetworkError: urllib3 HTTPError HTTPSConnectionPool(host='api.telegram.org', port=443): Max retries exceeded with url: /bot8663400657:AAEbBqdhw4ZfHrU7JqCGlj2twvONKQLYnTs/getUpdates (Caused by ConnectTimeoutError(<telegram.vendor.ptb_urllib3.urllib3.connectionpool.HTTPSConnectionPool object at 0x778da1fc6b30>, 'Connect timed out. (connect timeout=5.0)'))
WARNING 2026-07-21 21:16:03,586 connectionpool Retrying (Retry(total=2, connect=None, read=None, redirect=None)) after connection broken by 'NewConnectionError('<telegram.vendor.ptb_urllib3.urllib3.connection.VerifiedHTTPSConnection object at 0x778da1fc4280>: Failed to establish a new connection: [Errno -2] Name or service not known')': /bot8663400657:AAEbBqdhw4ZfHrU7JqCGlj2twvONKQLYnTs/getUpdates
WARNING 2026-07-21 21:16:03,597 connectionpool Retrying (Retry(total=1, connect=None, read=None, redirect=None)) after connection broken by 'NewConnectionError('<telegram.vendor.ptb_urllib3.urllib3.connection.VerifiedHTTPSConnection object at 0x778da27ca740>: Failed to establish a new connection: [Errno -2] Name or service not known')': /bot8663400657:AAEbBqdhw4ZfHrU7JqCGlj2twvONKQLYnTs/getUpdates
WARNING 2026-07-21 21:16:03,607 connectionpool Retrying (Retry(total=0, connect=None, read=None, redirect=None)) after connection broken by 'NewConnectionError('<telegram.vendor.ptb_urllib3.urllib3.connection.VerifiedHTTPSConnection object at 0x778da27ca680>: Failed to establish a new connection: [Errno -2] Name or service not known')': /bot8663400657:AAEbBqdhw4ZfHrU7JqCGlj2twvONKQLYnTs/getUpdates
ERROR 2026-07-21 21:16:03,617 updater Error while getting Updates: urllib3 HTTPError HTTPSConnectionPool(host='api.telegram.org', port=443): Max retries exceeded with url: /bot8663400657:AAEbBqdhw4ZfHrU7JqCGlj2twvONKQLYnTs/getUpdates (Caused by NewConnectionError('<telegram.vendor.ptb_urllib3.urllib3.connection.VerifiedHTTPSConnection object at 0x778da27c95a0>: Failed to establish a new connection: [Errno -2] Name or service not known'))
ERROR 2026-07-21 21:16:03,620 dispatcher No error handlers are registered, logging exception.
Traceback (most recent call last):
  File "/usr/local/lib/python3.10/site-packages/telegram/vendor/ptb_urllib3/urllib3/connection.py", line 140, in _new_conn
    conn = connection.create_connection(
  File "/usr/local/lib/python3.10/site-packages/telegram/vendor/ptb_urllib3/urllib3/util/connection.py", line 60, in create_connection
    for res in socket.getaddrinfo(host, port, family, socket.SOCK_STREAM):
  File "/usr/local/lib/python3.10/socket.py", line 967, in getaddrinfo
    for res in _socket.getaddrinfo(host, port, family, type, proto, flags):
socket.gaierror: [Errno -2] Name or service not known

During handling of the above exception, another exception occurred:

Traceback (most recent call last):
  File "/usr/local/lib/python3.10/site-packages/telegram/vendor/ptb_urllib3/urllib3/connectionpool.py", line 614, in urlopen
    httplib_response = self._make_request(conn, method, url,
  File "/usr/local/lib/python3.10/site-packages/telegram/vendor/ptb_urllib3/urllib3/connectionpool.py", line 360, in _make_request
    self._validate_conn(conn)
  File "/usr/local/lib/python3.10/site-packages/telegram/vendor/ptb_urllib3/urllib3/connectionpool.py", line 857, in _validate_conn
    super(HTTPSConnectionPool, self)._validate_conn(conn)
  File "/usr/local/lib/python3.10/site-packages/telegram/vendor/ptb_urllib3/urllib3/connectionpool.py", line 289, in _validate_conn
    conn.connect()
  File "/usr/local/lib/python3.10/site-packages/telegram/vendor/ptb_urllib3/urllib3/connection.py", line 284, in connect
    conn = self._new_conn()
  File "/usr/local/lib/python3.10/site-packages/telegram/vendor/ptb_urllib3/urllib3/connection.py", line 149, in _new_conn
    raise NewConnectionError(
telegram.vendor.ptb_urllib3.urllib3.exceptions.NewConnectionError: <telegram.vendor.ptb_urllib3.urllib3.connection.VerifiedHTTPSConnection object at 0x778da27c95a0>: Failed to establish a new connection: [Errno -2] Name or service not known

During handling of the above exception, another exception occurred:

Traceback (most recent call last):
  File "/usr/local/lib/python3.10/site-packages/telegram/utils/request.py", line 259, in _request_wrapper
    resp = self._con_pool.request(*args, **kwargs)
  File "/usr/local/lib/python3.10/site-packages/telegram/vendor/ptb_urllib3/urllib3/request.py", line 68, in request
    return self.request_encode_body(method, url, fields=fields,
  File "/usr/local/lib/python3.10/site-packages/telegram/vendor/ptb_urllib3/urllib3/request.py", line 148, in request_encode_body
    return self.urlopen(method, url, **extra_kw)
  File "/usr/local/lib/python3.10/site-packages/telegram/vendor/ptb_urllib3/urllib3/poolmanager.py", line 244, in urlopen
    response = conn.urlopen(method, u.request_uri, **kw)
  File "/usr/local/lib/python3.10/site-packages/telegram/vendor/ptb_urllib3/urllib3/connectionpool.py", line 691, in urlopen
    return self.urlopen(method, url, body, headers, retries,
  File "/usr/local/lib/python3.10/site-packages/telegram/vendor/ptb_urllib3/urllib3/connectionpool.py", line 691, in urlopen
    return self.urlopen(method, url, body, headers, retries,
  File "/usr/local/lib/python3.10/site-packages/telegram/vendor/ptb_urllib3/urllib3/connectionpool.py", line 691, in urlopen
    return self.urlopen(method, url, body, headers, retries,
  File "/usr/local/lib/python3.10/site-packages/telegram/vendor/ptb_urllib3/urllib3/connectionpool.py", line 665, in urlopen
    retries = retries.increment(method, url, error=e, _pool=self,
  File "/usr/local/lib/python3.10/site-packages/telegram/vendor/ptb_urllib3/urllib3/util/retry.py", line 376, in increment
    raise MaxRetryError(_pool, url, error or ResponseError(cause))
telegram.vendor.ptb_urllib3.urllib3.exceptions.MaxRetryError: HTTPSConnectionPool(host='api.telegram.org', port=443): Max retries exceeded with url: /bot8663400657:AAEbBqdhw4ZfHrU7JqCGlj2twvONKQLYnTs/getUpdates (Caused by NewConnectionError('<telegram.vendor.ptb_urllib3.urllib3.connection.VerifiedHTTPSConnection object at 0x778da27c95a0>: Failed to establish a new connection: [Errno -2] Name or service not known'))

The above exception was the direct cause of the following exception:

Traceback (most recent call last):
  File "/usr/local/lib/python3.10/site-packages/telegram/ext/updater.py", line 651, in _network_loop_retry
    if not action_cb():
  File "/usr/local/lib/python3.10/site-packages/telegram/ext/updater.py", line 602, in polling_action_cb
    updates = self.bot.get_updates(
  File "/usr/local/lib/python3.10/site-packages/telegram/ext/extbot.py", line 228, in get_updates
    updates = super().get_updates(
  File "/usr/local/lib/python3.10/site-packages/telegram/bot.py", line 134, in decorator
    result = func(*args, **kwargs)
  File "/usr/local/lib/python3.10/site-packages/telegram/bot.py", line 3140, in get_updates
    self._post(
  File "/usr/local/lib/python3.10/site-packages/telegram/bot.py", line 299, in _post
    return self.request.post(
  File "/usr/local/lib/python3.10/site-packages/telegram/utils/request.py", line 361, in post
    result = self._request_wrapper(
  File "/usr/local/lib/python3.10/site-packages/telegram/utils/request.py", line 265, in _request_wrapper
    raise NetworkError(f'urllib3 HTTPError {error}') from error
telegram.error.NetworkError: urllib3 HTTPError HTTPSConnectionPool(host='api.telegram.org', port=443): Max retries exceeded with url: /bot8663400657:AAEbBqdhw4ZfHrU7JqCGlj2twvONKQLYnTs/getUpdates (Caused by NewConnectionError('<telegram.vendor.ptb_urllib3.urllib3.connection.VerifiedHTTPSConnection object at 0x778da27c95a0>: Failed to establish a new connection: [Errno -2] Name or service not known'))
WARNING 2026-07-21 21:16:29,310 connectionpool Retrying (Retry(total=2, connect=None, read=None, redirect=None)) after connection broken by 'NewConnectionError('<telegram.vendor.ptb_urllib3.urllib3.connection.VerifiedHTTPSConnection object at 0x778da27ca1d0>: Failed to establish a new connection: [Errno -2] Name or service not known')': /bot8663400657:AAEbBqdhw4ZfHrU7JqCGlj2twvONKQLYnTs/getUpdates
WARNING 2026-07-21 21:16:29,321 connectionpool Retrying (Retry(total=1, connect=None, read=None, redirect=None)) after connection broken by 'NewConnectionError('<telegram.vendor.ptb_urllib3.urllib3.connection.VerifiedHTTPSConnection object at 0x778da27c9d50>: Failed to establish a new connection: [Errno -2] Name or service not known')': /bot8663400657:AAEbBqdhw4ZfHrU7JqCGlj2twvONKQLYnTs/getUpdates
WARNING 2026-07-21 21:16:29,333 connectionpool Retrying (Retry(total=0, connect=None, read=None, redirect=None)) after connection broken by 'NewConnectionError('<telegram.vendor.ptb_urllib3.urllib3.connection.VerifiedHTTPSConnection object at 0x778da27c9780>: Failed to establish a new connection: [Errno -2] Name or service not known')': /bot8663400657:AAEbBqdhw4ZfHrU7JqCGlj2twvONKQLYnTs/getUpdates
ERROR 2026-07-21 21:16:29,344 updater Error while getting Updates: urllib3 HTTPError HTTPSConnectionPool(host='api.telegram.org', port=443): Max retries exceeded with url: /bot8663400657:AAEbBqdhw4ZfHrU7JqCGlj2twvONKQLYnTs/getUpdates (Caused by NewConnectionError('<telegram.vendor.ptb_urllib3.urllib3.connection.VerifiedHTTPSConnection object at 0x778da27caf20>: Failed to establish a new connection: [Errno -2] Name or service not known'))
ERROR 2026-07-21 21:16:29,347 dispatcher No error handlers are registered, logging exception.
Traceback (most recent call last):
  File "/usr/local/lib/python3.10/site-packages/telegram/vendor/ptb_urllib3/urllib3/connection.py", line 140, in _new_conn
    conn = connection.create_connection(
  File "/usr/local/lib/python3.10/site-packages/telegram/vendor/ptb_urllib3/urllib3/util/connection.py", line 60, in create_connection
    for res in socket.getaddrinfo(host, port, family, socket.SOCK_STREAM):
  File "/usr/local/lib/python3.10/socket.py", line 967, in getaddrinfo
    for res in _socket.getaddrinfo(host, port, family, type, proto, flags):
socket.gaierror: [Errno -2] Name or service not known

During handling of the above exception, another exception occurred:

Traceback (most recent call last):
  File "/usr/local/lib/python3.10/site-packages/telegram/vendor/ptb_urllib3/urllib3/connectionpool.py", line 614, in urlopen
    httplib_response = self._make_request(conn, method, url,
  File "/usr/local/lib/python3.10/site-packages/telegram/vendor/ptb_urllib3/urllib3/connectionpool.py", line 360, in _make_request
    self._validate_conn(conn)
  File "/usr/local/lib/python3.10/site-packages/telegram/vendor/ptb_urllib3/urllib3/connectionpool.py", line 857, in _validate_conn
    super(HTTPSConnectionPool, self)._validate_conn(conn)
  File "/usr/local/lib/python3.10/site-packages/telegram/vendor/ptb_urllib3/urllib3/connectionpool.py", line 289, in _validate_conn
    conn.connect()
  File "/usr/local/lib/python3.10/site-packages/telegram/vendor/ptb_urllib3/urllib3/connection.py", line 284, in connect
    conn = self._new_conn()
  File "/usr/local/lib/python3.10/site-packages/telegram/vendor/ptb_urllib3/urllib3/connection.py", line 149, in _new_conn
    raise NewConnectionError(
telegram.vendor.ptb_urllib3.urllib3.exceptions.NewConnectionError: <telegram.vendor.ptb_urllib3.urllib3.connection.VerifiedHTTPSConnection object at 0x778da27caf20>: Failed to establish a new connection: [Errno -2] Name or service not known

During handling of the above exception, another exception occurred:

Traceback (most recent call last):
  File "/usr/local/lib/python3.10/site-packages/telegram/utils/request.py", line 259, in _request_wrapper
    resp = self._con_pool.request(*args, **kwargs)
  File "/usr/local/lib/python3.10/site-packages/telegram/vendor/ptb_urllib3/urllib3/request.py", line 68, in request
    return self.request_encode_body(method, url, fields=fields,
  File "/usr/local/lib/python3.10/site-packages/telegram/vendor/ptb_urllib3/urllib3/request.py", line 148, in request_encode_body
    return self.urlopen(method, url, **extra_kw)
  File "/usr/local/lib/python3.10/site-packages/telegram/vendor/ptb_urllib3/urllib3/poolmanager.py", line 244, in urlopen
    response = conn.urlopen(method, u.request_uri, **kw)
  File "/usr/local/lib/python3.10/site-packages/telegram/vendor/ptb_urllib3/urllib3/connectionpool.py", line 691, in urlopen
    return self.urlopen(method, url, body, headers, retries,
  File "/usr/local/lib/python3.10/site-packages/telegram/vendor/ptb_urllib3/urllib3/connectionpool.py", line 691, in urlopen
    return self.urlopen(method, url, body, headers, retries,
  File "/usr/local/lib/python3.10/site-packages/telegram/vendor/ptb_urllib3/urllib3/connectionpool.py", line 691, in urlopen
    return self.urlopen(method, url, body, headers, retries,
  File "/usr/local/lib/python3.10/site-packages/telegram/vendor/ptb_urllib3/urllib3/connectionpool.py", line 665, in urlopen
    retries = retries.increment(method, url, error=e, _pool=self,
  File "/usr/local/lib/python3.10/site-packages/telegram/vendor/ptb_urllib3/urllib3/util/retry.py", line 376, in increment
    raise MaxRetryError(_pool, url, error or ResponseError(cause))
telegram.vendor.ptb_urllib3.urllib3.exceptions.MaxRetryError: HTTPSConnectionPool(host='api.telegram.org', port=443): Max retries exceeded with url: /bot8663400657:AAEbBqdhw4ZfHrU7JqCGlj2twvONKQLYnTs/getUpdates (Caused by NewConnectionError('<telegram.vendor.ptb_urllib3.urllib3.connection.VerifiedHTTPSConnection object at 0x778da27caf20>: Failed to establish a new connection: [Errno -2] Name or service not known'))

The above exception was the direct cause of the following exception:

Traceback (most recent call last):
  File "/usr/local/lib/python3.10/site-packages/telegram/ext/updater.py", line 651, in _network_loop_retry
    if not action_cb():
  File "/usr/local/lib/python3.10/site-packages/telegram/ext/updater.py", line 602, in polling_action_cb
    updates = self.bot.get_updates(
  File "/usr/local/lib/python3.10/site-packages/telegram/ext/extbot.py", line 228, in get_updates
    updates = super().get_updates(
  File "/usr/local/lib/python3.10/site-packages/telegram/bot.py", line 134, in decorator
    result = func(*args, **kwargs)
  File "/usr/local/lib/python3.10/site-packages/telegram/bot.py", line 3140, in get_updates
    self._post(
  File "/usr/local/lib/python3.10/site-packages/telegram/bot.py", line 299, in _post
    return self.request.post(
  File "/usr/local/lib/python3.10/site-packages/telegram/utils/request.py", line 361, in post
    result = self._request_wrapper(
  File "/usr/local/lib/python3.10/site-packages/telegram/utils/request.py", line 265, in _request_wrapper
    raise NetworkError(f'urllib3 HTTPError {error}') from error
telegram.error.NetworkError: urllib3 HTTPError HTTPSConnectionPool(host='api.telegram.org', port=443): Max retries exceeded with url: /bot8663400657:AAEbBqdhw4ZfHrU7JqCGlj2twvONKQLYnTs/getUpdates (Caused by NewConnectionError('<telegram.vendor.ptb_urllib3.urllib3.connection.VerifiedHTTPSConnection object at 0x778da27caf20>: Failed to establish a new connection: [Errno -2] Name or service not known'))
WARNING 2026-07-21 21:36:39,309 connectionpool Retrying (Retry(total=2, connect=None, read=None, redirect=None)) after connection broken by 'NewConnectionError('<telegram.vendor.ptb_urllib3.urllib3.connection.VerifiedHTTPSConnection object at 0x778da27cb730>: Failed to establish a new connection: [Errno -2] Name or service not known')': /bot8663400657:AAEbBqdhw4ZfHrU7JqCGlj2twvONKQLYnTs/getUpdates
WARNING 2026-07-21 21:36:39,330 connectionpool Retrying (Retry(total=1, connect=None, read=None, redirect=None)) after connection broken by 'NewConnectionError('<telegram.vendor.ptb_urllib3.urllib3.connection.VerifiedHTTPSConnection object at 0x778da27cb640>: Failed to establish a new connection: [Errno -2] Name or service not known')': /bot8663400657:AAEbBqdhw4ZfHrU7JqCGlj2twvONKQLYnTs/getUpdates
WARNING 2026-07-21 21:36:39,342 connectionpool Retrying (Retry(total=0, connect=None, read=None, redirect=None)) after connection broken by 'NewConnectionError('<telegram.vendor.ptb_urllib3.urllib3.connection.VerifiedHTTPSConnection object at 0x778da1fc43a0>: Failed to establish a new connection: [Errno -2] Name or service not known')': /bot8663400657:AAEbBqdhw4ZfHrU7JqCGlj2twvONKQLYnTs/getUpdates
ERROR 2026-07-21 21:36:39,349 updater Error while getting Updates: urllib3 HTTPError HTTPSConnectionPool(host='api.telegram.org', port=443): Max retries exceeded with url: /bot8663400657:AAEbBqdhw4ZfHrU7JqCGlj2twvONKQLYnTs/getUpdates (Caused by NewConnectionError('<telegram.vendor.ptb_urllib3.urllib3.connection.VerifiedHTTPSConnection object at 0x778da1fc4070>: Failed to establish a new connection: [Errno -2] Name or service not known'))
ERROR 2026-07-21 21:36:39,352 dispatcher No error handlers are registered, logging exception.
Traceback (most recent call last):
  File "/usr/local/lib/python3.10/site-packages/telegram/vendor/ptb_urllib3/urllib3/connection.py", line 140, in _new_conn
    conn = connection.create_connection(
  File "/usr/local/lib/python3.10/site-packages/telegram/vendor/ptb_urllib3/urllib3/util/connection.py", line 60, in create_connection
    for res in socket.getaddrinfo(host, port, family, socket.SOCK_STREAM):
  File "/usr/local/lib/python3.10/socket.py", line 967, in getaddrinfo
    for res in _socket.getaddrinfo(host, port, family, type, proto, flags):
socket.gaierror: [Errno -2] Name or service not known

During handling of the above exception, another exception occurred:

Traceback (most recent call last):
  File "/usr/local/lib/python3.10/site-packages/telegram/vendor/ptb_urllib3/urllib3/connectionpool.py", line 614, in urlopen
    httplib_response = self._make_request(conn, method, url,
  File "/usr/local/lib/python3.10/site-packages/telegram/vendor/ptb_urllib3/urllib3/connectionpool.py", line 360, in _make_request
    self._validate_conn(conn)
  File "/usr/local/lib/python3.10/site-packages/telegram/vendor/ptb_urllib3/urllib3/connectionpool.py", line 857, in _validate_conn
    super(HTTPSConnectionPool, self)._validate_conn(conn)
  File "/usr/local/lib/python3.10/site-packages/telegram/vendor/ptb_urllib3/urllib3/connectionpool.py", line 289, in _validate_conn
    conn.connect()
  File "/usr/local/lib/python3.10/site-packages/telegram/vendor/ptb_urllib3/urllib3/connection.py", line 284, in connect
    conn = self._new_conn()
  File "/usr/local/lib/python3.10/site-packages/telegram/vendor/ptb_urllib3/urllib3/connection.py", line 149, in _new_conn
    raise NewConnectionError(
telegram.vendor.ptb_urllib3.urllib3.exceptions.NewConnectionError: <telegram.vendor.ptb_urllib3.urllib3.connection.VerifiedHTTPSConnection object at 0x778da1fc4070>: Failed to establish a new connection: [Errno -2] Name or service not known

During handling of the above exception, another exception occurred:

Traceback (most recent call last):
  File "/usr/local/lib/python3.10/site-packages/telegram/utils/request.py", line 259, in _request_wrapper
    resp = self._con_pool.request(*args, **kwargs)
  File "/usr/local/lib/python3.10/site-packages/telegram/vendor/ptb_urllib3/urllib3/request.py", line 68, in request
    return self.request_encode_body(method, url, fields=fields,
  File "/usr/local/lib/python3.10/site-packages/telegram/vendor/ptb_urllib3/urllib3/request.py", line 148, in request_encode_body
    return self.urlopen(method, url, **extra_kw)
  File "/usr/local/lib/python3.10/site-packages/telegram/vendor/ptb_urllib3/urllib3/poolmanager.py", line 244, in urlopen
    response = conn.urlopen(method, u.request_uri, **kw)
  File "/usr/local/lib/python3.10/site-packages/telegram/vendor/ptb_urllib3/urllib3/connectionpool.py", line 691, in urlopen
    return self.urlopen(method, url, body, headers, retries,
  File "/usr/local/lib/python3.10/site-packages/telegram/vendor/ptb_urllib3/urllib3/connectionpool.py", line 691, in urlopen
    return self.urlopen(method, url, body, headers, retries,
  File "/usr/local/lib/python3.10/site-packages/telegram/vendor/ptb_urllib3/urllib3/connectionpool.py", line 691, in urlopen
    return self.urlopen(method, url, body, headers, retries,
  File "/usr/local/lib/python3.10/site-packages/telegram/vendor/ptb_urllib3/urllib3/connectionpool.py", line 665, in urlopen
    retries = retries.increment(method, url, error=e, _pool=self,
  File "/usr/local/lib/python3.10/site-packages/telegram/vendor/ptb_urllib3/urllib3/util/retry.py", line 376, in increment
    raise MaxRetryError(_pool, url, error or ResponseError(cause))
telegram.vendor.ptb_urllib3.urllib3.exceptions.MaxRetryError: HTTPSConnectionPool(host='api.telegram.org', port=443): Max retries exceeded with url: /bot8663400657:AAEbBqdhw4ZfHrU7JqCGlj2twvONKQLYnTs/getUpdates (Caused by NewConnectionError('<telegram.vendor.ptb_urllib3.urllib3.connection.VerifiedHTTPSConnection object at 0x778da1fc4070>: Failed to establish a new connection: [Errno -2] Name or service not known'))

The above exception was the direct cause of the following exception:

Traceback (most recent call last):
  File "/usr/local/lib/python3.10/site-packages/telegram/ext/updater.py", line 651, in _network_loop_retry
    if not action_cb():
  File "/usr/local/lib/python3.10/site-packages/telegram/ext/updater.py", line 602, in polling_action_cb
    updates = self.bot.get_updates(
  File "/usr/local/lib/python3.10/site-packages/telegram/ext/extbot.py", line 228, in get_updates
    updates = super().get_updates(
  File "/usr/local/lib/python3.10/site-packages/telegram/bot.py", line 134, in decorator
    result = func(*args, **kwargs)
  File "/usr/local/lib/python3.10/site-packages/telegram/bot.py", line 3140, in get_updates
    self._post(
  File "/usr/local/lib/python3.10/site-packages/telegram/bot.py", line 299, in _post
    return self.request.post(
  File "/usr/local/lib/python3.10/site-packages/telegram/utils/request.py", line 361, in post
    result = self._request_wrapper(
  File "/usr/local/lib/python3.10/site-packages/telegram/utils/request.py", line 265, in _request_wrapper
    raise NetworkError(f'urllib3 HTTPError {error}') from error
telegram.error.NetworkError: urllib3 HTTPError HTTPSConnectionPool(host='api.telegram.org', port=443): Max retries exceeded with url: /bot8663400657:AAEbBqdhw4ZfHrU7JqCGlj2twvONKQLYnTs/getUpdates (Caused by NewConnectionError('<telegram.vendor.ptb_urllib3.urllib3.connection.VerifiedHTTPSConnection object at 0x778da1fc4070>: Failed to establish a new connection: [Errno -2] Name or service not known'))
WARNING 2026-07-21 21:36:40,360 connectionpool Retrying (Retry(total=2, connect=None, read=None, redirect=None)) after connection broken by 'NewConnectionError('<telegram.vendor.ptb_urllib3.urllib3.connection.VerifiedHTTPSConnection object at 0x778da1fc4700>: Failed to establish a new connection: [Errno -2] Name or service not known')': /bot8663400657:AAEbBqdhw4ZfHrU7JqCGlj2twvONKQLYnTs/getUpdates
WARNING 2026-07-21 21:36:40,367 connectionpool Retrying (Retry(total=1, connect=None, read=None, redirect=None)) after connection broken by 'NewConnectionError('<telegram.vendor.ptb_urllib3.urllib3.connection.VerifiedHTTPSConnection object at 0x778da1fc4400>: Failed to establish a new connection: [Errno -2] Name or service not known')': /bot8663400657:AAEbBqdhw4ZfHrU7JqCGlj2twvONKQLYnTs/getUpdates
WARNING 2026-07-21 21:36:40,374 connectionpool Retrying (Retry(total=0, connect=None, read=None, redirect=None)) after connection broken by 'NewConnectionError('<telegram.vendor.ptb_urllib3.urllib3.connection.VerifiedHTTPSConnection object at 0x778da1fc4a60>: Failed to establish a new connection: [Errno -2] Name or service not known')': /bot8663400657:AAEbBqdhw4ZfHrU7JqCGlj2twvONKQLYnTs/getUpdates
ERROR 2026-07-21 21:36:40,381 updater Error while getting Updates: urllib3 HTTPError HTTPSConnectionPool(host='api.telegram.org', port=443): Max retries exceeded with url: /bot8663400657:AAEbBqdhw4ZfHrU7JqCGlj2twvONKQLYnTs/getUpdates (Caused by NewConnectionError('<telegram.vendor.ptb_urllib3.urllib3.connection.VerifiedHTTPSConnection object at 0x778da27c8c70>: Failed to establish a new connection: [Errno -2] Name or service not known'))
ERROR 2026-07-21 21:36:40,383 dispatcher No error handlers are registered, logging exception.
Traceback (most recent call last):
  File "/usr/local/lib/python3.10/site-packages/telegram/vendor/ptb_urllib3/urllib3/connection.py", line 140, in _new_conn
    conn = connection.create_connection(
  File "/usr/local/lib/python3.10/site-packages/telegram/vendor/ptb_urllib3/urllib3/util/connection.py", line 60, in create_connection
    for res in socket.getaddrinfo(host, port, family, socket.SOCK_STREAM):
  File "/usr/local/lib/python3.10/socket.py", line 967, in getaddrinfo
    for res in _socket.getaddrinfo(host, port, family, type, proto, flags):
socket.gaierror: [Errno -2] Name or service not known

During handling of the above exception, another exception occurred:

Traceback (most recent call last):
  File "/usr/local/lib/python3.10/site-packages/telegram/vendor/ptb_urllib3/urllib3/connectionpool.py", line 614, in urlopen
    httplib_response = self._make_request(conn, method, url,
  File "/usr/local/lib/python3.10/site-packages/telegram/vendor/ptb_urllib3/urllib3/connectionpool.py", line 360, in _make_request
    self._validate_conn(conn)
  File "/usr/local/lib/python3.10/site-packages/telegram/vendor/ptb_urllib3/urllib3/connectionpool.py", line 857, in _validate_conn
    super(HTTPSConnectionPool, self)._validate_conn(conn)
  File "/usr/local/lib/python3.10/site-packages/telegram/vendor/ptb_urllib3/urllib3/connectionpool.py", line 289, in _validate_conn
    conn.connect()
  File "/usr/local/lib/python3.10/site-packages/telegram/vendor/ptb_urllib3/urllib3/connection.py", line 284, in connect
    conn = self._new_conn()
  File "/usr/local/lib/python3.10/site-packages/telegram/vendor/ptb_urllib3/urllib3/connection.py", line 149, in _new_conn
    raise NewConnectionError(
telegram.vendor.ptb_urllib3.urllib3.exceptions.NewConnectionError: <telegram.vendor.ptb_urllib3.urllib3.connection.VerifiedHTTPSConnection object at 0x778da27c8c70>: Failed to establish a new connection: [Errno -2] Name or service not known

During handling of the above exception, another exception occurred:

Traceback (most recent call last):
  File "/usr/local/lib/python3.10/site-packages/telegram/utils/request.py", line 259, in _request_wrapper
    resp = self._con_pool.request(*args, **kwargs)
  File "/usr/local/lib/python3.10/site-packages/telegram/vendor/ptb_urllib3/urllib3/request.py", line 68, in request
    return self.request_encode_body(method, url, fields=fields,
  File "/usr/local/lib/python3.10/site-packages/telegram/vendor/ptb_urllib3/urllib3/request.py", line 148, in request_encode_body
    return self.urlopen(method, url, **extra_kw)
  File "/usr/local/lib/python3.10/site-packages/telegram/vendor/ptb_urllib3/urllib3/poolmanager.py", line 244, in urlopen
    response = conn.urlopen(method, u.request_uri, **kw)
  File "/usr/local/lib/python3.10/site-packages/telegram/vendor/ptb_urllib3/urllib3/connectionpool.py", line 691, in urlopen
    return self.urlopen(method, url, body, headers, retries,
  File "/usr/local/lib/python3.10/site-packages/telegram/vendor/ptb_urllib3/urllib3/connectionpool.py", line 691, in urlopen
    return self.urlopen(method, url, body, headers, retries,
  File "/usr/local/lib/python3.10/site-packages/telegram/vendor/ptb_urllib3/urllib3/connectionpool.py", line 691, in urlopen
    return self.urlopen(method, url, body, headers, retries,
  File "/usr/local/lib/python3.10/site-packages/telegram/vendor/ptb_urllib3/urllib3/connectionpool.py", line 665, in urlopen
    retries = retries.increment(method, url, error=e, _pool=self,
  File "/usr/local/lib/python3.10/site-packages/telegram/vendor/ptb_urllib3/urllib3/util/retry.py", line 376, in increment
    raise MaxRetryError(_pool, url, error or ResponseError(cause))
telegram.vendor.ptb_urllib3.urllib3.exceptions.MaxRetryError: HTTPSConnectionPool(host='api.telegram.org', port=443): Max retries exceeded with url: /bot8663400657:AAEbBqdhw4ZfHrU7JqCGlj2twvONKQLYnTs/getUpdates (Caused by NewConnectionError('<telegram.vendor.ptb_urllib3.urllib3.connection.VerifiedHTTPSConnection object at 0x778da27c8c70>: Failed to establish a new connection: [Errno -2] Name or service not known'))

The above exception was the direct cause of the following exception:

Traceback (most recent call last):
  File "/usr/local/lib/python3.10/site-packages/telegram/ext/updater.py", line 651, in _network_loop_retry
    if not action_cb():
  File "/usr/local/lib/python3.10/site-packages/telegram/ext/updater.py", line 602, in polling_action_cb
    updates = self.bot.get_updates(
  File "/usr/local/lib/python3.10/site-packages/telegram/ext/extbot.py", line 228, in get_updates
    updates = super().get_updates(
  File "/usr/local/lib/python3.10/site-packages/telegram/bot.py", line 134, in decorator
    result = func(*args, **kwargs)
  File "/usr/local/lib/python3.10/site-packages/telegram/bot.py", line 3140, in get_updates
    self._post(
  File "/usr/local/lib/python3.10/site-packages/telegram/bot.py", line 299, in _post
    return self.request.post(
  File "/usr/local/lib/python3.10/site-packages/telegram/utils/request.py", line 361, in post
    result = self._request_wrapper(
  File "/usr/local/lib/python3.10/site-packages/telegram/utils/request.py", line 265, in _request_wrapper
    raise NetworkError(f'urllib3 HTTPError {error}') from error
telegram.error.NetworkError: urllib3 HTTPError HTTPSConnectionPool(host='api.telegram.org', port=443): Max retries exceeded with url: /bot8663400657:AAEbBqdhw4ZfHrU7JqCGlj2twvONKQLYnTs/getUpdates (Caused by NewConnectionError('<telegram.vendor.ptb_urllib3.urllib3.connection.VerifiedHTTPSConnection object at 0x778da27c8c70>: Failed to establish a new connection: [Errno -2] Name or service not known'))
WARNING 2026-07-21 21:36:41,891 connectionpool Retrying (Retry(total=2, connect=None, read=None, redirect=None)) after connection broken by 'NewConnectionError('<telegram.vendor.ptb_urllib3.urllib3.connection.VerifiedHTTPSConnection object at 0x778da1fc40a0>: Failed to establish a new connection: [Errno -2] Name or service not known')': /bot8663400657:AAEbBqdhw4ZfHrU7JqCGlj2twvONKQLYnTs/getUpdates
WARNING 2026-07-21 21:36:41,899 connectionpool Retrying (Retry(total=1, connect=None, read=None, redirect=None)) after connection broken by 'NewConnectionError('<telegram.vendor.ptb_urllib3.urllib3.connection.VerifiedHTTPSConnection object at 0x778da27c8cd0>: Failed to establish a new connection: [Errno -2] Name or service not known')': /bot8663400657:AAEbBqdhw4ZfHrU7JqCGlj2twvONKQLYnTs/getUpdates
WARNING 2026-07-21 21:36:41,908 connectionpool Retrying (Retry(total=0, connect=None, read=None, redirect=None)) after connection broken by 'NewConnectionError('<telegram.vendor.ptb_urllib3.urllib3.connection.VerifiedHTTPSConnection object at 0x778da27c8640>: Failed to establish a new connection: [Errno -2] Name or service not known')': /bot8663400657:AAEbBqdhw4ZfHrU7JqCGlj2twvONKQLYnTs/getUpdates
ERROR 2026-07-21 21:36:41,916 updater Error while getting Updates: urllib3 HTTPError HTTPSConnectionPool(host='api.telegram.org', port=443): Max retries exceeded with url: /bot8663400657:AAEbBqdhw4ZfHrU7JqCGlj2twvONKQLYnTs/getUpdates (Caused by NewConnectionError('<telegram.vendor.ptb_urllib3.urllib3.connection.VerifiedHTTPSConnection object at 0x778da27c84c0>: Failed to establish a new connection: [Errno -2] Name or service not known'))
ERROR 2026-07-21 21:36:41,919 dispatcher No error handlers are registered, logging exception.
Traceback (most recent call last):
  File "/usr/local/lib/python3.10/site-packages/telegram/vendor/ptb_urllib3/urllib3/connection.py", line 140, in _new_conn
    conn = connection.create_connection(
  File "/usr/local/lib/python3.10/site-packages/telegram/vendor/ptb_urllib3/urllib3/util/connection.py", line 60, in create_connection
    for res in socket.getaddrinfo(host, port, family, socket.SOCK_STREAM):
  File "/usr/local/lib/python3.10/socket.py", line 967, in getaddrinfo
    for res in _socket.getaddrinfo(host, port, family, type, proto, flags):
socket.gaierror: [Errno -2] Name or service not known

During handling of the above exception, another exception occurred:

Traceback (most recent call last):
  File "/usr/local/lib/python3.10/site-packages/telegram/vendor/ptb_urllib3/urllib3/connectionpool.py", line 614, in urlopen
    httplib_response = self._make_request(conn, method, url,
  File "/usr/local/lib/python3.10/site-packages/telegram/vendor/ptb_urllib3/urllib3/connectionpool.py", line 360, in _make_request
    self._validate_conn(conn)
  File "/usr/local/lib/python3.10/site-packages/telegram/vendor/ptb_urllib3/urllib3/connectionpool.py", line 857, in _validate_conn
    super(HTTPSConnectionPool, self)._validate_conn(conn)
  File "/usr/local/lib/python3.10/site-packages/telegram/vendor/ptb_urllib3/urllib3/connectionpool.py", line 289, in _validate_conn
    conn.connect()
  File "/usr/local/lib/python3.10/site-packages/telegram/vendor/ptb_urllib3/urllib3/connection.py", line 284, in connect
    conn = self._new_conn()
  File "/usr/local/lib/python3.10/site-packages/telegram/vendor/ptb_urllib3/urllib3/connection.py", line 149, in _new_conn
    raise NewConnectionError(
telegram.vendor.ptb_urllib3.urllib3.exceptions.NewConnectionError: <telegram.vendor.ptb_urllib3.urllib3.connection.VerifiedHTTPSConnection object at 0x778da27c84c0>: Failed to establish a new connection: [Errno -2] Name or service not known

During handling of the above exception, another exception occurred:

Traceback (most recent call last):
  File "/usr/local/lib/python3.10/site-packages/telegram/utils/request.py", line 259, in _request_wrapper
    resp = self._con_pool.request(*args, **kwargs)
  File "/usr/local/lib/python3.10/site-packages/telegram/vendor/ptb_urllib3/urllib3/request.py", line 68, in request
    return self.request_encode_body(method, url, fields=fields,
  File "/usr/local/lib/python3.10/site-packages/telegram/vendor/ptb_urllib3/urllib3/request.py", line 148, in request_encode_body
    return self.urlopen(method, url, **extra_kw)
  File "/usr/local/lib/python3.10/site-packages/telegram/vendor/ptb_urllib3/urllib3/poolmanager.py", line 244, in urlopen
    response = conn.urlopen(method, u.request_uri, **kw)
  File "/usr/local/lib/python3.10/site-packages/telegram/vendor/ptb_urllib3/urllib3/connectionpool.py", line 691, in urlopen
    return self.urlopen(method, url, body, headers, retries,
  File "/usr/local/lib/python3.10/site-packages/telegram/vendor/ptb_urllib3/urllib3/connectionpool.py", line 691, in urlopen
    return self.urlopen(method, url, body, headers, retries,
  File "/usr/local/lib/python3.10/site-packages/telegram/vendor/ptb_urllib3/urllib3/connectionpool.py", line 691, in urlopen
    return self.urlopen(method, url, body, headers, retries,
  File "/usr/local/lib/python3.10/site-packages/telegram/vendor/ptb_urllib3/urllib3/connectionpool.py", line 665, in urlopen
    retries = retries.increment(method, url, error=e, _pool=self,
  File "/usr/local/lib/python3.10/site-packages/telegram/vendor/ptb_urllib3/urllib3/util/retry.py", line 376, in increment
    raise MaxRetryError(_pool, url, error or ResponseError(cause))
telegram.vendor.ptb_urllib3.urllib3.exceptions.MaxRetryError: HTTPSConnectionPool(host='api.telegram.org', port=443): Max retries exceeded with url: /bot8663400657:AAEbBqdhw4ZfHrU7JqCGlj2twvONKQLYnTs/getUpdates (Caused by NewConnectionError('<telegram.vendor.ptb_urllib3.urllib3.connection.VerifiedHTTPSConnection object at 0x778da27c84c0>: Failed to establish a new connection: [Errno -2] Name or service not known'))

The above exception was the direct cause of the following exception:

Traceback (most recent call last):
  File "/usr/local/lib/python3.10/site-packages/telegram/ext/updater.py", line 651, in _network_loop_retry
    if not action_cb():
  File "/usr/local/lib/python3.10/site-packages/telegram/ext/updater.py", line 602, in polling_action_cb
    updates = self.bot.get_updates(
  File "/usr/local/lib/python3.10/site-packages/telegram/ext/extbot.py", line 228, in get_updates
    updates = super().get_updates(
  File "/usr/local/lib/python3.10/site-packages/telegram/bot.py", line 134, in decorator
    result = func(*args, **kwargs)
  File "/usr/local/lib/python3.10/site-packages/telegram/bot.py", line 3140, in get_updates
    self._post(
  File "/usr/local/lib/python3.10/site-packages/telegram/bot.py", line 299, in _post
    return self.request.post(
  File "/usr/local/lib/python3.10/site-packages/telegram/utils/request.py", line 361, in post
    result = self._request_wrapper(
  File "/usr/local/lib/python3.10/site-packages/telegram/utils/request.py", line 265, in _request_wrapper
    raise NetworkError(f'urllib3 HTTPError {error}') from error
telegram.error.NetworkError: urllib3 HTTPError HTTPSConnectionPool(host='api.telegram.org', port=443): Max retries exceeded with url: /bot8663400657:AAEbBqdhw4ZfHrU7JqCGlj2twvONKQLYnTs/getUpdates (Caused by NewConnectionError('<telegram.vendor.ptb_urllib3.urllib3.connection.VerifiedHTTPSConnection object at 0x778da27c84c0>: Failed to establish a new connection: [Errno -2] Name or service not known'))
WARNING 2026-07-21 21:36:44,178 connectionpool Retrying (Retry(total=2, connect=None, read=None, redirect=None)) after connection broken by 'NewConnectionError('<telegram.vendor.ptb_urllib3.urllib3.connection.VerifiedHTTPSConnection object at 0x778da27c8c70>: Failed to establish a new connection: [Errno -2] Name or service not known')': /bot8663400657:AAEbBqdhw4ZfHrU7JqCGlj2twvONKQLYnTs/getUpdates
WARNING 2026-07-21 21:36:44,186 connectionpool Retrying (Retry(total=1, connect=None, read=None, redirect=None)) after connection broken by 'NewConnectionError('<telegram.vendor.ptb_urllib3.urllib3.connection.VerifiedHTTPSConnection object at 0x778da27c8970>: Failed to establish a new connection: [Errno -2] Name or service not known')': /bot8663400657:AAEbBqdhw4ZfHrU7JqCGlj2twvONKQLYnTs/getUpdates
WARNING 2026-07-21 21:36:44,195 connectionpool Retrying (Retry(total=0, connect=None, read=None, redirect=None)) after connection broken by 'NewConnectionError('<telegram.vendor.ptb_urllib3.urllib3.connection.VerifiedHTTPSConnection object at 0x778da27ca6e0>: Failed to establish a new connection: [Errno -2] Name or service not known')': /bot8663400657:AAEbBqdhw4ZfHrU7JqCGlj2twvONKQLYnTs/getUpdates
ERROR 2026-07-21 21:36:44,204 updater Error while getting Updates: urllib3 HTTPError HTTPSConnectionPool(host='api.telegram.org', port=443): Max retries exceeded with url: /bot8663400657:AAEbBqdhw4ZfHrU7JqCGlj2twvONKQLYnTs/getUpdates (Caused by NewConnectionError('<telegram.vendor.ptb_urllib3.urllib3.connection.VerifiedHTTPSConnection object at 0x778da27ca860>: Failed to establish a new connection: [Errno -2] Name or service not known'))
ERROR 2026-07-21 21:36:44,208 dispatcher No error handlers are registered, logging exception.
Traceback (most recent call last):
  File "/usr/local/lib/python3.10/site-packages/telegram/vendor/ptb_urllib3/urllib3/connection.py", line 140, in _new_conn
    conn = connection.create_connection(
  File "/usr/local/lib/python3.10/site-packages/telegram/vendor/ptb_urllib3/urllib3/util/connection.py", line 60, in create_connection
    for res in socket.getaddrinfo(host, port, family, socket.SOCK_STREAM):
  File "/usr/local/lib/python3.10/socket.py", line 967, in getaddrinfo
    for res in _socket.getaddrinfo(host, port, family, type, proto, flags):
socket.gaierror: [Errno -2] Name or service not known

During handling of the above exception, another exception occurred:

Traceback (most recent call last):
  File "/usr/local/lib/python3.10/site-packages/telegram/vendor/ptb_urllib3/urllib3/connectionpool.py", line 614, in urlopen
    httplib_response = self._make_request(conn, method, url,
  File "/usr/local/lib/python3.10/site-packages/telegram/vendor/ptb_urllib3/urllib3/connectionpool.py", line 360, in _make_request
    self._validate_conn(conn)
  File "/usr/local/lib/python3.10/site-packages/telegram/vendor/ptb_urllib3/urllib3/connectionpool.py", line 857, in _validate_conn
    super(HTTPSConnectionPool, self)._validate_conn(conn)
  File "/usr/local/lib/python3.10/site-packages/telegram/vendor/ptb_urllib3/urllib3/connectionpool.py", line 289, in _validate_conn
    conn.connect()
  File "/usr/local/lib/python3.10/site-packages/telegram/vendor/ptb_urllib3/urllib3/connection.py", line 284, in connect
    conn = self._new_conn()
  File "/usr/local/lib/python3.10/site-packages/telegram/vendor/ptb_urllib3/urllib3/connection.py", line 149, in _new_conn
    raise NewConnectionError(
telegram.vendor.ptb_urllib3.urllib3.exceptions.NewConnectionError: <telegram.vendor.ptb_urllib3.urllib3.connection.VerifiedHTTPSConnection object at 0x778da27ca860>: Failed to establish a new connection: [Errno -2] Name or service not known

During handling of the above exception, another exception occurred:

Traceback (most recent call last):
  File "/usr/local/lib/python3.10/site-packages/telegram/utils/request.py", line 259, in _request_wrapper
    resp = self._con_pool.request(*args, **kwargs)
  File "/usr/local/lib/python3.10/site-packages/telegram/vendor/ptb_urllib3/urllib3/request.py", line 68, in request
    return self.request_encode_body(method, url, fields=fields,
  File "/usr/local/lib/python3.10/site-packages/telegram/vendor/ptb_urllib3/urllib3/request.py", line 148, in request_encode_body
    return self.urlopen(method, url, **extra_kw)
  File "/usr/local/lib/python3.10/site-packages/telegram/vendor/ptb_urllib3/urllib3/poolmanager.py", line 244, in urlopen
    response = conn.urlopen(method, u.request_uri, **kw)
  File "/usr/local/lib/python3.10/site-packages/telegram/vendor/ptb_urllib3/urllib3/connectionpool.py", line 691, in urlopen
    return self.urlopen(method, url, body, headers, retries,
  File "/usr/local/lib/python3.10/site-packages/telegram/vendor/ptb_urllib3/urllib3/connectionpool.py", line 691, in urlopen
    return self.urlopen(method, url, body, headers, retries,
  File "/usr/local/lib/python3.10/site-packages/telegram/vendor/ptb_urllib3/urllib3/connectionpool.py", line 691, in urlopen
    return self.urlopen(method, url, body, headers, retries,
  File "/usr/local/lib/python3.10/site-packages/telegram/vendor/ptb_urllib3/urllib3/connectionpool.py", line 665, in urlopen
    retries = retries.increment(method, url, error=e, _pool=self,
  File "/usr/local/lib/python3.10/site-packages/telegram/vendor/ptb_urllib3/urllib3/util/retry.py", line 376, in increment
    raise MaxRetryError(_pool, url, error or ResponseError(cause))
telegram.vendor.ptb_urllib3.urllib3.exceptions.MaxRetryError: HTTPSConnectionPool(host='api.telegram.org', port=443): Max retries exceeded with url: /bot8663400657:AAEbBqdhw4ZfHrU7JqCGlj2twvONKQLYnTs/getUpdates (Caused by NewConnectionError('<telegram.vendor.ptb_urllib3.urllib3.connection.VerifiedHTTPSConnection object at 0x778da27ca860>: Failed to establish a new connection: [Errno -2] Name or service not known'))

The above exception was the direct cause of the following exception:

Traceback (most recent call last):
  File "/usr/local/lib/python3.10/site-packages/telegram/ext/updater.py", line 651, in _network_loop_retry
    if not action_cb():
  File "/usr/local/lib/python3.10/site-packages/telegram/ext/updater.py", line 602, in polling_action_cb
    updates = self.bot.get_updates(
  File "/usr/local/lib/python3.10/site-packages/telegram/ext/extbot.py", line 228, in get_updates
    updates = super().get_updates(
  File "/usr/local/lib/python3.10/site-packages/telegram/bot.py", line 134, in decorator
    result = func(*args, **kwargs)
  File "/usr/local/lib/python3.10/site-packages/telegram/bot.py", line 3140, in get_updates
    self._post(
  File "/usr/local/lib/python3.10/site-packages/telegram/bot.py", line 299, in _post
    return self.request.post(
  File "/usr/local/lib/python3.10/site-packages/telegram/utils/request.py", line 361, in post
    result = self._request_wrapper(
  File "/usr/local/lib/python3.10/site-packages/telegram/utils/request.py", line 265, in _request_wrapper
    raise NetworkError(f'urllib3 HTTPError {error}') from error
telegram.error.NetworkError: urllib3 HTTPError HTTPSConnectionPool(host='api.telegram.org', port=443): Max retries exceeded with url: /bot8663400657:AAEbBqdhw4ZfHrU7JqCGlj2twvONKQLYnTs/getUpdates (Caused by NewConnectionError('<telegram.vendor.ptb_urllib3.urllib3.connection.VerifiedHTTPSConnection object at 0x778da27ca860>: Failed to establish a new connection: [Errno -2] Name or service not known'))
WARNING 2026-07-21 21:36:52,755 connectionpool Retrying (Retry(total=2, connect=None, read=None, redirect=None)) after connection broken by 'ConnectTimeoutError(<telegram.vendor.ptb_urllib3.urllib3.connectionpool.HTTPSConnectionPool object at 0x778da1fc6b30>, 'Connect timed out. (connect timeout=5.0)')': /bot8663400657:AAEbBqdhw4ZfHrU7JqCGlj2twvONKQLYnTs/getUpdates
WARNING 2026-07-21 21:36:57,916 connectionpool Retrying (Retry(total=1, connect=None, read=None, redirect=None)) after connection broken by 'ConnectTimeoutError(<telegram.vendor.ptb_urllib3.urllib3.connectionpool.HTTPSConnectionPool object at 0x778da1fc6b30>, 'Connect timed out. (connect timeout=5.0)')': /bot8663400657:AAEbBqdhw4ZfHrU7JqCGlj2twvONKQLYnTs/getUpdates
WARNING 2026-07-21 21:37:03,052 connectionpool Retrying (Retry(total=0, connect=None, read=None, redirect=None)) after connection broken by 'ConnectTimeoutError(<telegram.vendor.ptb_urllib3.urllib3.connectionpool.HTTPSConnectionPool object at 0x778da1fc6b30>, 'Connect timed out. (connect timeout=5.0)')': /bot8663400657:AAEbBqdhw4ZfHrU7JqCGlj2twvONKQLYnTs/getUpdates
ERROR 2026-07-21 21:37:08,192 updater Error while getting Updates: urllib3 HTTPError HTTPSConnectionPool(host='api.telegram.org', port=443): Max retries exceeded with url: /bot8663400657:AAEbBqdhw4ZfHrU7JqCGlj2twvONKQLYnTs/getUpdates (Caused by ConnectTimeoutError(<telegram.vendor.ptb_urllib3.urllib3.connectionpool.HTTPSConnectionPool object at 0x778da1fc6b30>, 'Connect timed out. (connect timeout=5.0)'))
ERROR 2026-07-21 21:37:08,196 dispatcher No error handlers are registered, logging exception.
Traceback (most recent call last):
  File "/usr/local/lib/python3.10/site-packages/telegram/vendor/ptb_urllib3/urllib3/connectionpool.py", line 360, in _make_request
    self._validate_conn(conn)
  File "/usr/local/lib/python3.10/site-packages/telegram/vendor/ptb_urllib3/urllib3/connectionpool.py", line 857, in _validate_conn
    super(HTTPSConnectionPool, self)._validate_conn(conn)
  File "/usr/local/lib/python3.10/site-packages/telegram/vendor/ptb_urllib3/urllib3/connectionpool.py", line 289, in _validate_conn
    conn.connect()
  File "/usr/local/lib/python3.10/site-packages/telegram/vendor/ptb_urllib3/urllib3/connection.py", line 319, in connect
    self.sock = ssl_wrap_socket(
  File "/usr/local/lib/python3.10/site-packages/telegram/vendor/ptb_urllib3/urllib3/util/ssl_.py", line 324, in ssl_wrap_socket
    return context.wrap_socket(sock, server_hostname=server_hostname)
  File "/usr/local/lib/python3.10/ssl.py", line 513, in wrap_socket
    return self.sslsocket_class._create(
  File "/usr/local/lib/python3.10/ssl.py", line 1104, in _create
    self.do_handshake()
  File "/usr/local/lib/python3.10/ssl.py", line 1375, in do_handshake
    self._sslobj.do_handshake()
TimeoutError: _ssl.c:1000: The handshake operation timed out

During handling of the above exception, another exception occurred:

Traceback (most recent call last):
  File "/usr/local/lib/python3.10/site-packages/telegram/vendor/ptb_urllib3/urllib3/connectionpool.py", line 614, in urlopen
    httplib_response = self._make_request(conn, method, url,
  File "/usr/local/lib/python3.10/site-packages/telegram/vendor/ptb_urllib3/urllib3/connectionpool.py", line 363, in _make_request
    self._raise_timeout(err=e, url=url, timeout_value=conn.timeout,
  File "/usr/local/lib/python3.10/site-packages/telegram/vendor/ptb_urllib3/urllib3/connectionpool.py", line 321, in _raise_timeout
    raise exc_cls(*args)
telegram.vendor.ptb_urllib3.urllib3.exceptions.ConnectTimeoutError: (<telegram.vendor.ptb_urllib3.urllib3.connectionpool.HTTPSConnectionPool object at 0x778da1fc6b30>, 'Connect timed out. (connect timeout=5.0)')

During handling of the above exception, another exception occurred:

Traceback (most recent call last):
  File "/usr/local/lib/python3.10/site-packages/telegram/utils/request.py", line 259, in _request_wrapper
    resp = self._con_pool.request(*args, **kwargs)
  File "/usr/local/lib/python3.10/site-packages/telegram/vendor/ptb_urllib3/urllib3/request.py", line 68, in request
    return self.request_encode_body(method, url, fields=fields,
  File "/usr/local/lib/python3.10/site-packages/telegram/vendor/ptb_urllib3/urllib3/request.py", line 148, in request_encode_body
    return self.urlopen(method, url, **extra_kw)
  File "/usr/local/lib/python3.10/site-packages/telegram/vendor/ptb_urllib3/urllib3/poolmanager.py", line 244, in urlopen
    response = conn.urlopen(method, u.request_uri, **kw)
  File "/usr/local/lib/python3.10/site-packages/telegram/vendor/ptb_urllib3/urllib3/connectionpool.py", line 691, in urlopen
    return self.urlopen(method, url, body, headers, retries,
  File "/usr/local/lib/python3.10/site-packages/telegram/vendor/ptb_urllib3/urllib3/connectionpool.py", line 691, in urlopen
    return self.urlopen(method, url, body, headers, retries,
  File "/usr/local/lib/python3.10/site-packages/telegram/vendor/ptb_urllib3/urllib3/connectionpool.py", line 691, in urlopen
    return self.urlopen(method, url, body, headers, retries,
  File "/usr/local/lib/python3.10/site-packages/telegram/vendor/ptb_urllib3/urllib3/connectionpool.py", line 665, in urlopen
    retries = retries.increment(method, url, error=e, _pool=self,
  File "/usr/local/lib/python3.10/site-packages/telegram/vendor/ptb_urllib3/urllib3/util/retry.py", line 376, in increment
    raise MaxRetryError(_pool, url, error or ResponseError(cause))
telegram.vendor.ptb_urllib3.urllib3.exceptions.MaxRetryError: HTTPSConnectionPool(host='api.telegram.org', port=443): Max retries exceeded with url: /bot8663400657:AAEbBqdhw4ZfHrU7JqCGlj2twvONKQLYnTs/getUpdates (Caused by ConnectTimeoutError(<telegram.vendor.ptb_urllib3.urllib3.connectionpool.HTTPSConnectionPool object at 0x778da1fc6b30>, 'Connect timed out. (connect timeout=5.0)'))

The above exception was the direct cause of the following exception:

Traceback (most recent call last):
  File "/usr/local/lib/python3.10/site-packages/telegram/ext/updater.py", line 651, in _network_loop_retry
    if not action_cb():
  File "/usr/local/lib/python3.10/site-packages/telegram/ext/updater.py", line 602, in polling_action_cb
    updates = self.bot.get_updates(
  File "/usr/local/lib/python3.10/site-packages/telegram/ext/extbot.py", line 228, in get_updates
    updates = super().get_updates(
  File "/usr/local/lib/python3.10/site-packages/telegram/bot.py", line 134, in decorator
    result = func(*args, **kwargs)
  File "/usr/local/lib/python3.10/site-packages/telegram/bot.py", line 3140, in get_updates
    self._post(
  File "/usr/local/lib/python3.10/site-packages/telegram/bot.py", line 299, in _post
    return self.request.post(
  File "/usr/local/lib/python3.10/site-packages/telegram/utils/request.py", line 361, in post
    result = self._request_wrapper(
  File "/usr/local/lib/python3.10/site-packages/telegram/utils/request.py", line 265, in _request_wrapper
    raise NetworkError(f'urllib3 HTTPError {error}') from error
telegram.error.NetworkError: urllib3 HTTPError HTTPSConnectionPool(host='api.telegram.org', port=443): Max retries exceeded with url: /bot8663400657:AAEbBqdhw4ZfHrU7JqCGlj2twvONKQLYnTs/getUpdates (Caused by ConnectTimeoutError(<telegram.vendor.ptb_urllib3.urllib3.connectionpool.HTTPSConnectionPool object at 0x778da1fc6b30>, 'Connect timed out. (connect timeout=5.0)'))
WARNING 2026-07-21 21:37:18,424 connectionpool Retrying (Retry(total=2, connect=None, read=None, redirect=None)) after connection broken by 'ConnectTimeoutError(<telegram.vendor.ptb_urllib3.urllib3.connectionpool.HTTPSConnectionPool object at 0x778da1fc6b30>, 'Connect timed out. (connect timeout=5.0)')': /bot8663400657:AAEbBqdhw4ZfHrU7JqCGlj2twvONKQLYnTs/getUpdates
WARNING 2026-07-21 21:37:23,585 connectionpool Retrying (Retry(total=1, connect=None, read=None, redirect=None)) after connection broken by 'ConnectTimeoutError(<telegram.vendor.ptb_urllib3.urllib3.connectionpool.HTTPSConnectionPool object at 0x778da1fc6b30>, 'Connect timed out. (connect timeout=5.0)')': /bot8663400657:AAEbBqdhw4ZfHrU7JqCGlj2twvONKQLYnTs/getUpdates
WARNING 2026-07-21 21:37:28,723 connectionpool Retrying (Retry(total=0, connect=None, read=None, redirect=None)) after connection broken by 'ConnectTimeoutError(<telegram.vendor.ptb_urllib3.urllib3.connectionpool.HTTPSConnectionPool object at 0x778da1fc6b30>, 'Connect timed out. (connect timeout=5.0)')': /bot8663400657:AAEbBqdhw4ZfHrU7JqCGlj2twvONKQLYnTs/getUpdates
ERROR 2026-07-21 21:37:33,858 updater Error while getting Updates: urllib3 HTTPError HTTPSConnectionPool(host='api.telegram.org', port=443): Max retries exceeded with url: /bot8663400657:AAEbBqdhw4ZfHrU7JqCGlj2twvONKQLYnTs/getUpdates (Caused by ConnectTimeoutError(<telegram.vendor.ptb_urllib3.urllib3.connectionpool.HTTPSConnectionPool object at 0x778da1fc6b30>, 'Connect timed out. (connect timeout=5.0)'))
ERROR 2026-07-21 21:37:33,864 dispatcher No error handlers are registered, logging exception.
Traceback (most recent call last):
  File "/usr/local/lib/python3.10/site-packages/telegram/vendor/ptb_urllib3/urllib3/connectionpool.py", line 360, in _make_request
    self._validate_conn(conn)
  File "/usr/local/lib/python3.10/site-packages/telegram/vendor/ptb_urllib3/urllib3/connectionpool.py", line 857, in _validate_conn
    super(HTTPSConnectionPool, self)._validate_conn(conn)
  File "/usr/local/lib/python3.10/site-packages/telegram/vendor/ptb_urllib3/urllib3/connectionpool.py", line 289, in _validate_conn
    conn.connect()
  File "/usr/local/lib/python3.10/site-packages/telegram/vendor/ptb_urllib3/urllib3/connection.py", line 319, in connect
    self.sock = ssl_wrap_socket(
  File "/usr/local/lib/python3.10/site-packages/telegram/vendor/ptb_urllib3/urllib3/util/ssl_.py", line 324, in ssl_wrap_socket
    return context.wrap_socket(sock, server_hostname=server_hostname)
  File "/usr/local/lib/python3.10/ssl.py", line 513, in wrap_socket
    return self.sslsocket_class._create(
  File "/usr/local/lib/python3.10/ssl.py", line 1104, in _create
    self.do_handshake()
  File "/usr/local/lib/python3.10/ssl.py", line 1375, in do_handshake
    self._sslobj.do_handshake()
TimeoutError: _ssl.c:1000: The handshake operation timed out

During handling of the above exception, another exception occurred:

Traceback (most recent call last):
  File "/usr/local/lib/python3.10/site-packages/telegram/vendor/ptb_urllib3/urllib3/connectionpool.py", line 614, in urlopen
    httplib_response = self._make_request(conn, method, url,
  File "/usr/local/lib/python3.10/site-packages/telegram/vendor/ptb_urllib3/urllib3/connectionpool.py", line 363, in _make_request
    self._raise_timeout(err=e, url=url, timeout_value=conn.timeout,
  File "/usr/local/lib/python3.10/site-packages/telegram/vendor/ptb_urllib3/urllib3/connectionpool.py", line 321, in _raise_timeout
    raise exc_cls(*args)
telegram.vendor.ptb_urllib3.urllib3.exceptions.ConnectTimeoutError: (<telegram.vendor.ptb_urllib3.urllib3.connectionpool.HTTPSConnectionPool object at 0x778da1fc6b30>, 'Connect timed out. (connect timeout=5.0)')

During handling of the above exception, another exception occurred:

Traceback (most recent call last):
  File "/usr/local/lib/python3.10/site-packages/telegram/utils/request.py", line 259, in _request_wrapper
    resp = self._con_pool.request(*args, **kwargs)
  File "/usr/local/lib/python3.10/site-packages/telegram/vendor/ptb_urllib3/urllib3/request.py", line 68, in request
    return self.request_encode_body(method, url, fields=fields,
  File "/usr/local/lib/python3.10/site-packages/telegram/vendor/ptb_urllib3/urllib3/request.py", line 148, in request_encode_body
    return self.urlopen(method, url, **extra_kw)
  File "/usr/local/lib/python3.10/site-packages/telegram/vendor/ptb_urllib3/urllib3/poolmanager.py", line 244, in urlopen
    response = conn.urlopen(method, u.request_uri, **kw)
  File "/usr/local/lib/python3.10/site-packages/telegram/vendor/ptb_urllib3/urllib3/connectionpool.py", line 691, in urlopen
    return self.urlopen(method, url, body, headers, retries,
  File "/usr/local/lib/python3.10/site-packages/telegram/vendor/ptb_urllib3/urllib3/connectionpool.py", line 691, in urlopen
    return self.urlopen(method, url, body, headers, retries,
  File "/usr/local/lib/python3.10/site-packages/telegram/vendor/ptb_urllib3/urllib3/connectionpool.py", line 691, in urlopen
    return self.urlopen(method, url, body, headers, retries,
  File "/usr/local/lib/python3.10/site-packages/telegram/vendor/ptb_urllib3/urllib3/connectionpool.py", line 665, in urlopen
    retries = retries.increment(method, url, error=e, _pool=self,
  File "/usr/local/lib/python3.10/site-packages/telegram/vendor/ptb_urllib3/urllib3/util/retry.py", line 376, in increment
    raise MaxRetryError(_pool, url, error or ResponseError(cause))
telegram.vendor.ptb_urllib3.urllib3.exceptions.MaxRetryError: HTTPSConnectionPool(host='api.telegram.org', port=443): Max retries exceeded with url: /bot8663400657:AAEbBqdhw4ZfHrU7JqCGlj2twvONKQLYnTs/getUpdates (Caused by ConnectTimeoutError(<telegram.vendor.ptb_urllib3.urllib3.connectionpool.HTTPSConnectionPool object at 0x778da1fc6b30>, 'Connect timed out. (connect timeout=5.0)'))

The above exception was the direct cause of the following exception:

Traceback (most recent call last):
  File "/usr/local/lib/python3.10/site-packages/telegram/ext/updater.py", line 651, in _network_loop_retry
    if not action_cb():
  File "/usr/local/lib/python3.10/site-packages/telegram/ext/updater.py", line 602, in polling_action_cb
    updates = self.bot.get_updates(
  File "/usr/local/lib/python3.10/site-packages/telegram/ext/extbot.py", line 228, in get_updates
    updates = super().get_updates(
  File "/usr/local/lib/python3.10/site-packages/telegram/bot.py", line 134, in decorator
    result = func(*args, **kwargs)
  File "/usr/local/lib/python3.10/site-packages/telegram/bot.py", line 3140, in get_updates
    self._post(
  File "/usr/local/lib/python3.10/site-packages/telegram/bot.py", line 299, in _post
    return self.request.post(
  File "/usr/local/lib/python3.10/site-packages/telegram/utils/request.py", line 361, in post
    result = self._request_wrapper(
  File "/usr/local/lib/python3.10/site-packages/telegram/utils/request.py", line 265, in _request_wrapper
    raise NetworkError(f'urllib3 HTTPError {error}') from error
telegram.error.NetworkError: urllib3 HTTPError HTTPSConnectionPool(host='api.telegram.org', port=443): Max retries exceeded with url: /bot8663400657:AAEbBqdhw4ZfHrU7JqCGlj2twvONKQLYnTs/getUpdates (Caused by ConnectTimeoutError(<telegram.vendor.ptb_urllib3.urllib3.connectionpool.HTTPSConnectionPool object at 0x778da1fc6b30>, 'Connect timed out. (connect timeout=5.0)'))
WARNING 2026-07-21 21:37:46,614 connectionpool Retrying (Retry(total=2, connect=None, read=None, redirect=None)) after connection broken by 'ConnectTimeoutError(<telegram.vendor.ptb_urllib3.urllib3.connectionpool.HTTPSConnectionPool object at 0x778da1fc6b30>, 'Connect timed out. (connect timeout=5.0)')': /bot8663400657:AAEbBqdhw4ZfHrU7JqCGlj2twvONKQLYnTs/getUpdates
WARNING 2026-07-21 21:37:51,755 connectionpool Retrying (Retry(total=1, connect=None, read=None, redirect=None)) after connection broken by 'ConnectTimeoutError(<telegram.vendor.ptb_urllib3.urllib3.connectionpool.HTTPSConnectionPool object at 0x778da1fc6b30>, 'Connect timed out. (connect timeout=5.0)')': /bot8663400657:AAEbBqdhw4ZfHrU7JqCGlj2twvONKQLYnTs/getUpdates
WARNING 2026-07-21 21:37:56,906 connectionpool Retrying (Retry(total=0, connect=None, read=None, redirect=None)) after connection broken by 'ConnectTimeoutError(<telegram.vendor.ptb_urllib3.urllib3.connectionpool.HTTPSConnectionPool object at 0x778da1fc6b30>, 'Connect timed out. (connect timeout=5.0)')': /bot8663400657:AAEbBqdhw4ZfHrU7JqCGlj2twvONKQLYnTs/getUpdates
ERROR 2026-07-21 21:38:02,126 updater Error while getting Updates: urllib3 HTTPError HTTPSConnectionPool(host='api.telegram.org', port=443): Max retries exceeded with url: /bot8663400657:AAEbBqdhw4ZfHrU7JqCGlj2twvONKQLYnTs/getUpdates (Caused by ConnectTimeoutError(<telegram.vendor.ptb_urllib3.urllib3.connectionpool.HTTPSConnectionPool object at 0x778da1fc6b30>, 'Connect timed out. (connect timeout=5.0)'))
ERROR 2026-07-21 21:38:02,134 dispatcher No error handlers are registered, logging exception.
Traceback (most recent call last):
  File "/usr/local/lib/python3.10/site-packages/telegram/vendor/ptb_urllib3/urllib3/connectionpool.py", line 360, in _make_request
    self._validate_conn(conn)
  File "/usr/local/lib/python3.10/site-packages/telegram/vendor/ptb_urllib3/urllib3/connectionpool.py", line 857, in _validate_conn
    super(HTTPSConnectionPool, self)._validate_conn(conn)
  File "/usr/local/lib/python3.10/site-packages/telegram/vendor/ptb_urllib3/urllib3/connectionpool.py", line 289, in _validate_conn
    conn.connect()
  File "/usr/local/lib/python3.10/site-packages/telegram/vendor/ptb_urllib3/urllib3/connection.py", line 319, in connect
    self.sock = ssl_wrap_socket(
  File "/usr/local/lib/python3.10/site-packages/telegram/vendor/ptb_urllib3/urllib3/util/ssl_.py", line 324, in ssl_wrap_socket
    return context.wrap_socket(sock, server_hostname=server_hostname)
  File "/usr/local/lib/python3.10/ssl.py", line 513, in wrap_socket
    return self.sslsocket_class._create(
  File "/usr/local/lib/python3.10/ssl.py", line 1104, in _create
    self.do_handshake()
  File "/usr/local/lib/python3.10/ssl.py", line 1375, in do_handshake
    self._sslobj.do_handshake()
TimeoutError: _ssl.c:1000: The handshake operation timed out

During handling of the above exception, another exception occurred:

Traceback (most recent call last):
  File "/usr/local/lib/python3.10/site-packages/telegram/vendor/ptb_urllib3/urllib3/connectionpool.py", line 614, in urlopen
    httplib_response = self._make_request(conn, method, url,
  File "/usr/local/lib/python3.10/site-packages/telegram/vendor/ptb_urllib3/urllib3/connectionpool.py", line 363, in _make_request
    self._raise_timeout(err=e, url=url, timeout_value=conn.timeout,
  File "/usr/local/lib/python3.10/site-packages/telegram/vendor/ptb_urllib3/urllib3/connectionpool.py", line 321, in _raise_timeout
    raise exc_cls(*args)
telegram.vendor.ptb_urllib3.urllib3.exceptions.ConnectTimeoutError: (<telegram.vendor.ptb_urllib3.urllib3.connectionpool.HTTPSConnectionPool object at 0x778da1fc6b30>, 'Connect timed out. (connect timeout=5.0)')

During handling of the above exception, another exception occurred:

Traceback (most recent call last):
  File "/usr/local/lib/python3.10/site-packages/telegram/utils/request.py", line 259, in _request_wrapper
    resp = self._con_pool.request(*args, **kwargs)
  File "/usr/local/lib/python3.10/site-packages/telegram/vendor/ptb_urllib3/urllib3/request.py", line 68, in request
    return self.request_encode_body(method, url, fields=fields,
  File "/usr/local/lib/python3.10/site-packages/telegram/vendor/ptb_urllib3/urllib3/request.py", line 148, in request_encode_body
    return self.urlopen(method, url, **extra_kw)
  File "/usr/local/lib/python3.10/site-packages/telegram/vendor/ptb_urllib3/urllib3/poolmanager.py", line 244, in urlopen
    response = conn.urlopen(method, u.request_uri, **kw)
  File "/usr/local/lib/python3.10/site-packages/telegram/vendor/ptb_urllib3/urllib3/connectionpool.py", line 691, in urlopen
    return self.urlopen(method, url, body, headers, retries,
  File "/usr/local/lib/python3.10/site-packages/telegram/vendor/ptb_urllib3/urllib3/connectionpool.py", line 691, in urlopen
    return self.urlopen(method, url, body, headers, retries,
  File "/usr/local/lib/python3.10/site-packages/telegram/vendor/ptb_urllib3/urllib3/connectionpool.py", line 691, in urlopen
    return self.urlopen(method, url, body, headers, retries,
  File "/usr/local/lib/python3.10/site-packages/telegram/vendor/ptb_urllib3/urllib3/connectionpool.py", line 665, in urlopen
    retries = retries.increment(method, url, error=e, _pool=self,
  File "/usr/local/lib/python3.10/site-packages/telegram/vendor/ptb_urllib3/urllib3/util/retry.py", line 376, in increment
    raise MaxRetryError(_pool, url, error or ResponseError(cause))
telegram.vendor.ptb_urllib3.urllib3.exceptions.MaxRetryError: HTTPSConnectionPool(host='api.telegram.org', port=443): Max retries exceeded with url: /bot8663400657:AAEbBqdhw4ZfHrU7JqCGlj2twvONKQLYnTs/getUpdates (Caused by ConnectTimeoutError(<telegram.vendor.ptb_urllib3.urllib3.connectionpool.HTTPSConnectionPool object at 0x778da1fc6b30>, 'Connect timed out. (connect timeout=5.0)'))

The above exception was the direct cause of the following exception:

Traceback (most recent call last):
  File "/usr/local/lib/python3.10/site-packages/telegram/ext/updater.py", line 651, in _network_loop_retry
    if not action_cb():
  File "/usr/local/lib/python3.10/site-packages/telegram/ext/updater.py", line 602, in polling_action_cb
    updates = self.bot.get_updates(
  File "/usr/local/lib/python3.10/site-packages/telegram/ext/extbot.py", line 228, in get_updates
    updates = super().get_updates(
  File "/usr/local/lib/python3.10/site-packages/telegram/bot.py", line 134, in decorator
    result = func(*args, **kwargs)
  File "/usr/local/lib/python3.10/site-packages/telegram/bot.py", line 3140, in get_updates
    self._post(
  File "/usr/local/lib/python3.10/site-packages/telegram/bot.py", line 299, in _post
    return self.request.post(
  File "/usr/local/lib/python3.10/site-packages/telegram/utils/request.py", line 361, in post
    result = self._request_wrapper(
  File "/usr/local/lib/python3.10/site-packages/telegram/utils/request.py", line 265, in _request_wrapper
    raise NetworkError(f'urllib3 HTTPError {error}') from error
telegram.error.NetworkError: urllib3 HTTPError HTTPSConnectionPool(host='api.telegram.org', port=443): Max retries exceeded with url: /bot8663400657:AAEbBqdhw4ZfHrU7JqCGlj2twvONKQLYnTs/getUpdates (Caused by ConnectTimeoutError(<telegram.vendor.ptb_urllib3.urllib3.connectionpool.HTTPSConnectionPool object at 0x778da1fc6b30>, 'Connect timed out. (connect timeout=5.0)'))
WARNING 2026-07-21 21:38:18,699 connectionpool Retrying (Retry(total=2, connect=None, read=None, redirect=None)) after connection broken by 'ConnectTimeoutError(<telegram.vendor.ptb_urllib3.urllib3.connectionpool.HTTPSConnectionPool object at 0x778da1fc6b30>, 'Connect timed out. (connect timeout=5.0)')': /bot8663400657:AAEbBqdhw4ZfHrU7JqCGlj2twvONKQLYnTs/getUpdates
WARNING 2026-07-21 21:38:23,835 connectionpool Retrying (Retry(total=1, connect=None, read=None, redirect=None)) after connection broken by 'ConnectTimeoutError(<telegram.vendor.ptb_urllib3.urllib3.connectionpool.HTTPSConnectionPool object at 0x778da1fc6b30>, 'Connect timed out. (connect timeout=5.0)')': /bot8663400657:AAEbBqdhw4ZfHrU7JqCGlj2twvONKQLYnTs/getUpdates
WARNING 2026-07-21 21:38:28,986 connectionpool Retrying (Retry(total=0, connect=None, read=None, redirect=None)) after connection broken by 'ConnectTimeoutError(<telegram.vendor.ptb_urllib3.urllib3.connectionpool.HTTPSConnectionPool object at 0x778da1fc6b30>, 'Connect timed out. (connect timeout=5.0)')': /bot8663400657:AAEbBqdhw4ZfHrU7JqCGlj2twvONKQLYnTs/getUpdates
ERROR 2026-07-21 21:38:34,125 updater Error while getting Updates: urllib3 HTTPError HTTPSConnectionPool(host='api.telegram.org', port=443): Max retries exceeded with url: /bot8663400657:AAEbBqdhw4ZfHrU7JqCGlj2twvONKQLYnTs/getUpdates (Caused by ConnectTimeoutError(<telegram.vendor.ptb_urllib3.urllib3.connectionpool.HTTPSConnectionPool object at 0x778da1fc6b30>, 'Connect timed out. (connect timeout=5.0)'))
ERROR 2026-07-21 21:38:34,131 dispatcher No error handlers are registered, logging exception.
Traceback (most recent call last):
  File "/usr/local/lib/python3.10/site-packages/telegram/vendor/ptb_urllib3/urllib3/connectionpool.py", line 360, in _make_request
    self._validate_conn(conn)
  File "/usr/local/lib/python3.10/site-packages/telegram/vendor/ptb_urllib3/urllib3/connectionpool.py", line 857, in _validate_conn
    super(HTTPSConnectionPool, self)._validate_conn(conn)
  File "/usr/local/lib/python3.10/site-packages/telegram/vendor/ptb_urllib3/urllib3/connectionpool.py", line 289, in _validate_conn
    conn.connect()
  File "/usr/local/lib/python3.10/site-packages/telegram/vendor/ptb_urllib3/urllib3/connection.py", line 319, in connect
    self.sock = ssl_wrap_socket(
  File "/usr/local/lib/python3.10/site-packages/telegram/vendor/ptb_urllib3/urllib3/util/ssl_.py", line 324, in ssl_wrap_socket
    return context.wrap_socket(sock, server_hostname=server_hostname)
  File "/usr/local/lib/python3.10/ssl.py", line 513, in wrap_socket
    return self.sslsocket_class._create(
  File "/usr/local/lib/python3.10/ssl.py", line 1104, in _create
    self.do_handshake()
  File "/usr/local/lib/python3.10/ssl.py", line 1375, in do_handshake
    self._sslobj.do_handshake()
TimeoutError: _ssl.c:1000: The handshake operation timed out

During handling of the above exception, another exception occurred:

Traceback (most recent call last):
  File "/usr/local/lib/python3.10/site-packages/telegram/vendor/ptb_urllib3/urllib3/connectionpool.py", line 614, in urlopen
    httplib_response = self._make_request(conn, method, url,
  File "/usr/local/lib/python3.10/site-packages/telegram/vendor/ptb_urllib3/urllib3/connectionpool.py", line 363, in _make_request
    self._raise_timeout(err=e, url=url, timeout_value=conn.timeout,
  File "/usr/local/lib/python3.10/site-packages/telegram/vendor/ptb_urllib3/urllib3/connectionpool.py", line 321, in _raise_timeout
    raise exc_cls(*args)
telegram.vendor.ptb_urllib3.urllib3.exceptions.ConnectTimeoutError: (<telegram.vendor.ptb_urllib3.urllib3.connectionpool.HTTPSConnectionPool object at 0x778da1fc6b30>, 'Connect timed out. (connect timeout=5.0)')

During handling of the above exception, another exception occurred:

Traceback (most recent call last):
  File "/usr/local/lib/python3.10/site-packages/telegram/utils/request.py", line 259, in _request_wrapper
    resp = self._con_pool.request(*args, **kwargs)
  File "/usr/local/lib/python3.10/site-packages/telegram/vendor/ptb_urllib3/urllib3/request.py", line 68, in request
    return self.request_encode_body(method, url, fields=fields,
  File "/usr/local/lib/python3.10/site-packages/telegram/vendor/ptb_urllib3/urllib3/request.py", line 148, in request_encode_body
    return self.urlopen(method, url, **extra_kw)
  File "/usr/local/lib/python3.10/site-packages/telegram/vendor/ptb_urllib3/urllib3/poolmanager.py", line 244, in urlopen
    response = conn.urlopen(method, u.request_uri, **kw)
  File "/usr/local/lib/python3.10/site-packages/telegram/vendor/ptb_urllib3/urllib3/connectionpool.py", line 691, in urlopen
    return self.urlopen(method, url, body, headers, retries,
  File "/usr/local/lib/python3.10/site-packages/telegram/vendor/ptb_urllib3/urllib3/connectionpool.py", line 691, in urlopen
    return self.urlopen(method, url, body, headers, retries,
  File "/usr/local/lib/python3.10/site-packages/telegram/vendor/ptb_urllib3/urllib3/connectionpool.py", line 691, in urlopen
    return self.urlopen(method, url, body, headers, retries,
  File "/usr/local/lib/python3.10/site-packages/telegram/vendor/ptb_urllib3/urllib3/connectionpool.py", line 665, in urlopen
    retries = retries.increment(method, url, error=e, _pool=self,
  File "/usr/local/lib/python3.10/site-packages/telegram/vendor/ptb_urllib3/urllib3/util/retry.py", line 376, in increment
    raise MaxRetryError(_pool, url, error or ResponseError(cause))
telegram.vendor.ptb_urllib3.urllib3.exceptions.MaxRetryError: HTTPSConnectionPool(host='api.telegram.org', port=443): Max retries exceeded with url: /bot8663400657:AAEbBqdhw4ZfHrU7JqCGlj2twvONKQLYnTs/getUpdates (Caused by ConnectTimeoutError(<telegram.vendor.ptb_urllib3.urllib3.connectionpool.HTTPSConnectionPool object at 0x778da1fc6b30>, 'Connect timed out. (connect timeout=5.0)'))

The above exception was the direct cause of the following exception:

Traceback (most recent call last):
  File "/usr/local/lib/python3.10/site-packages/telegram/ext/updater.py", line 651, in _network_loop_retry
    if not action_cb():
  File "/usr/local/lib/python3.10/site-packages/telegram/ext/updater.py", line 602, in polling_action_cb
    updates = self.bot.get_updates(
  File "/usr/local/lib/python3.10/site-packages/telegram/ext/extbot.py", line 228, in get_updates
    updates = super().get_updates(
  File "/usr/local/lib/python3.10/site-packages/telegram/bot.py", line 134, in decorator
    result = func(*args, **kwargs)
  File "/usr/local/lib/python3.10/site-packages/telegram/bot.py", line 3140, in get_updates
    self._post(
  File "/usr/local/lib/python3.10/site-packages/telegram/bot.py", line 299, in _post
    return self.request.post(
  File "/usr/local/lib/python3.10/site-packages/telegram/utils/request.py", line 361, in post
    result = self._request_wrapper(
  File "/usr/local/lib/python3.10/site-packages/telegram/utils/request.py", line 265, in _request_wrapper
    raise NetworkError(f'urllib3 HTTPError {error}') from error
telegram.error.NetworkError: urllib3 HTTPError HTTPSConnectionPool(host='api.telegram.org', port=443): Max retries exceeded with url: /bot8663400657:AAEbBqdhw4ZfHrU7JqCGlj2twvONKQLYnTs/getUpdates (Caused by ConnectTimeoutError(<telegram.vendor.ptb_urllib3.urllib3.connectionpool.HTTPSConnectionPool object at 0x778da1fc6b30>, 'Connect timed out. (connect timeout=5.0)'))
WARNING 2026-07-21 21:38:56,373 connectionpool Retrying (Retry(total=2, connect=None, read=None, redirect=None)) after connection broken by 'ConnectTimeoutError(<telegram.vendor.ptb_urllib3.urllib3.connectionpool.HTTPSConnectionPool object at 0x778da1fc6b30>, 'Connect timed out. (connect timeout=5.0)')': /bot8663400657:AAEbBqdhw4ZfHrU7JqCGlj2twvONKQLYnTs/getUpdates
WARNING 2026-07-21 21:39:01,514 connectionpool Retrying (Retry(total=1, connect=None, read=None, redirect=None)) after connection broken by 'ConnectTimeoutError(<telegram.vendor.ptb_urllib3.urllib3.connectionpool.HTTPSConnectionPool object at 0x778da1fc6b30>, 'Connect timed out. (connect timeout=5.0)')': /bot8663400657:AAEbBqdhw4ZfHrU7JqCGlj2twvONKQLYnTs/getUpdates
WARNING 2026-07-21 21:39:06,676 connectionpool Retrying (Retry(total=0, connect=None, read=None, redirect=None)) after connection broken by 'ConnectTimeoutError(<telegram.vendor.ptb_urllib3.urllib3.connectionpool.HTTPSConnectionPool object at 0x778da1fc6b30>, 'Connect timed out. (connect timeout=5.0)')': /bot8663400657:AAEbBqdhw4ZfHrU7JqCGlj2twvONKQLYnTs/getUpdates
ERROR 2026-07-21 21:39:11,829 updater Error while getting Updates: urllib3 HTTPError HTTPSConnectionPool(host='api.telegram.org', port=443): Max retries exceeded with url: /bot8663400657:AAEbBqdhw4ZfHrU7JqCGlj2twvONKQLYnTs/getUpdates (Caused by ConnectTimeoutError(<telegram.vendor.ptb_urllib3.urllib3.connectionpool.HTTPSConnectionPool object at 0x778da1fc6b30>, 'Connect timed out. (connect timeout=5.0)'))
ERROR 2026-07-21 21:39:11,834 dispatcher No error handlers are registered, logging exception.
Traceback (most recent call last):
  File "/usr/local/lib/python3.10/site-packages/telegram/vendor/ptb_urllib3/urllib3/connectionpool.py", line 360, in _make_request
    self._validate_conn(conn)
  File "/usr/local/lib/python3.10/site-packages/telegram/vendor/ptb_urllib3/urllib3/connectionpool.py", line 857, in _validate_conn
    super(HTTPSConnectionPool, self)._validate_conn(conn)
  File "/usr/local/lib/python3.10/site-packages/telegram/vendor/ptb_urllib3/urllib3/connectionpool.py", line 289, in _validate_conn
    conn.connect()
  File "/usr/local/lib/python3.10/site-packages/telegram/vendor/ptb_urllib3/urllib3/connection.py", line 319, in connect
    self.sock = ssl_wrap_socket(
  File "/usr/local/lib/python3.10/site-packages/telegram/vendor/ptb_urllib3/urllib3/util/ssl_.py", line 324, in ssl_wrap_socket
    return context.wrap_socket(sock, server_hostname=server_hostname)
  File "/usr/local/lib/python3.10/ssl.py", line 513, in wrap_socket
    return self.sslsocket_class._create(
  File "/usr/local/lib/python3.10/ssl.py", line 1104, in _create
    self.do_handshake()
  File "/usr/local/lib/python3.10/ssl.py", line 1375, in do_handshake
    self._sslobj.do_handshake()
TimeoutError: _ssl.c:1000: The handshake operation timed out

During handling of the above exception, another exception occurred:

Traceback (most recent call last):
  File "/usr/local/lib/python3.10/site-packages/telegram/vendor/ptb_urllib3/urllib3/connectionpool.py", line 614, in urlopen
    httplib_response = self._make_request(conn, method, url,
  File "/usr/local/lib/python3.10/site-packages/telegram/vendor/ptb_urllib3/urllib3/connectionpool.py", line 363, in _make_request
    self._raise_timeout(err=e, url=url, timeout_value=conn.timeout,
  File "/usr/local/lib/python3.10/site-packages/telegram/vendor/ptb_urllib3/urllib3/connectionpool.py", line 321, in _raise_timeout
    raise exc_cls(*args)
telegram.vendor.ptb_urllib3.urllib3.exceptions.ConnectTimeoutError: (<telegram.vendor.ptb_urllib3.urllib3.connectionpool.HTTPSConnectionPool object at 0x778da1fc6b30>, 'Connect timed out. (connect timeout=5.0)')

During handling of the above exception, another exception occurred:

Traceback (most recent call last):
  File "/usr/local/lib/python3.10/site-packages/telegram/utils/request.py", line 259, in _request_wrapper
    resp = self._con_pool.request(*args, **kwargs)
  File "/usr/local/lib/python3.10/site-packages/telegram/vendor/ptb_urllib3/urllib3/request.py", line 68, in request
    return self.request_encode_body(method, url, fields=fields,
  File "/usr/local/lib/python3.10/site-packages/telegram/vendor/ptb_urllib3/urllib3/request.py", line 148, in request_encode_body
    return self.urlopen(method, url, **extra_kw)
  File "/usr/local/lib/python3.10/site-packages/telegram/vendor/ptb_urllib3/urllib3/poolmanager.py", line 244, in urlopen
    response = conn.urlopen(method, u.request_uri, **kw)
  File "/usr/local/lib/python3.10/site-packages/telegram/vendor/ptb_urllib3/urllib3/connectionpool.py", line 691, in urlopen
    return self.urlopen(method, url, body, headers, retries,
  File "/usr/local/lib/python3.10/site-packages/telegram/vendor/ptb_urllib3/urllib3/connectionpool.py", line 691, in urlopen
    return self.urlopen(method, url, body, headers, retries,
  File "/usr/local/lib/python3.10/site-packages/telegram/vendor/ptb_urllib3/urllib3/connectionpool.py", line 691, in urlopen
    return self.urlopen(method, url, body, headers, retries,
  File "/usr/local/lib/python3.10/site-packages/telegram/vendor/ptb_urllib3/urllib3/connectionpool.py", line 665, in urlopen
    retries = retries.increment(method, url, error=e, _pool=self,
  File "/usr/local/lib/python3.10/site-packages/telegram/vendor/ptb_urllib3/urllib3/util/retry.py", line 376, in increment
    raise MaxRetryError(_pool, url, error or ResponseError(cause))
telegram.vendor.ptb_urllib3.urllib3.exceptions.MaxRetryError: HTTPSConnectionPool(host='api.telegram.org', port=443): Max retries exceeded with url: /bot8663400657:AAEbBqdhw4ZfHrU7JqCGlj2twvONKQLYnTs/getUpdates (Caused by ConnectTimeoutError(<telegram.vendor.ptb_urllib3.urllib3.connectionpool.HTTPSConnectionPool object at 0x778da1fc6b30>, 'Connect timed out. (connect timeout=5.0)'))

The above exception was the direct cause of the following exception:

Traceback (most recent call last):
  File "/usr/local/lib/python3.10/site-packages/telegram/ext/updater.py", line 651, in _network_loop_retry
    if not action_cb():
  File "/usr/local/lib/python3.10/site-packages/telegram/ext/updater.py", line 602, in polling_action_cb
    updates = self.bot.get_updates(
  File "/usr/local/lib/python3.10/site-packages/telegram/ext/extbot.py", line 228, in get_updates
    updates = super().get_updates(
  File "/usr/local/lib/python3.10/site-packages/telegram/bot.py", line 134, in decorator
    result = func(*args, **kwargs)
  File "/usr/local/lib/python3.10/site-packages/telegram/bot.py", line 3140, in get_updates
    self._post(
  File "/usr/local/lib/python3.10/site-packages/telegram/bot.py", line 299, in _post
    return self.request.post(
  File "/usr/local/lib/python3.10/site-packages/telegram/utils/request.py", line 361, in post
    result = self._request_wrapper(
  File "/usr/local/lib/python3.10/site-packages/telegram/utils/request.py", line 265, in _request_wrapper
    raise NetworkError(f'urllib3 HTTPError {error}') from error
telegram.error.NetworkError: urllib3 HTTPError HTTPSConnectionPool(host='api.telegram.org', port=443): Max retries exceeded with url: /bot8663400657:AAEbBqdhw4ZfHrU7JqCGlj2twvONKQLYnTs/getUpdates (Caused by ConnectTimeoutError(<telegram.vendor.ptb_urllib3.urllib3.connectionpool.HTTPSConnectionPool object at 0x778da1fc6b30>, 'Connect timed out. (connect timeout=5.0)'))
WARNING 2026-07-21 21:39:42,641 connectionpool Retrying (Retry(total=2, connect=None, read=None, redirect=None)) after connection broken by 'ConnectTimeoutError(<telegram.vendor.ptb_urllib3.urllib3.connectionpool.HTTPSConnectionPool object at 0x778da1fc6b30>, 'Connect timed out. (connect timeout=5.0)')': /bot8663400657:AAEbBqdhw4ZfHrU7JqCGlj2twvONKQLYnTs/getUpdates
WARNING 2026-07-21 21:39:47,785 connectionpool Retrying (Retry(total=1, connect=None, read=None, redirect=None)) after connection broken by 'ConnectTimeoutError(<telegram.vendor.ptb_urllib3.urllib3.connectionpool.HTTPSConnectionPool object at 0x778da1fc6b30>, 'Connect timed out. (connect timeout=5.0)')': /bot8663400657:AAEbBqdhw4ZfHrU7JqCGlj2twvONKQLYnTs/getUpdates
WARNING 2026-07-21 21:39:52,991 connectionpool Retrying (Retry(total=0, connect=None, read=None, redirect=None)) after connection broken by 'ConnectTimeoutError(<telegram.vendor.ptb_urllib3.urllib3.connectionpool.HTTPSConnectionPool object at 0x778da1fc6b30>, 'Connect timed out. (connect timeout=5.0)')': /bot8663400657:AAEbBqdhw4ZfHrU7JqCGlj2twvONKQLYnTs/getUpdates
ERROR 2026-07-21 21:39:58,149 updater Error while getting Updates: urllib3 HTTPError HTTPSConnectionPool(host='api.telegram.org', port=443): Max retries exceeded with url: /bot8663400657:AAEbBqdhw4ZfHrU7JqCGlj2twvONKQLYnTs/getUpdates (Caused by ConnectTimeoutError(<telegram.vendor.ptb_urllib3.urllib3.connectionpool.HTTPSConnectionPool object at 0x778da1fc6b30>, 'Connect timed out. (connect timeout=5.0)'))
ERROR 2026-07-21 21:39:58,154 dispatcher No error handlers are registered, logging exception.
Traceback (most recent call last):
  File "/usr/local/lib/python3.10/site-packages/telegram/vendor/ptb_urllib3/urllib3/connectionpool.py", line 360, in _make_request
    self._validate_conn(conn)
  File "/usr/local/lib/python3.10/site-packages/telegram/vendor/ptb_urllib3/urllib3/connectionpool.py", line 857, in _validate_conn
    super(HTTPSConnectionPool, self)._validate_conn(conn)
  File "/usr/local/lib/python3.10/site-packages/telegram/vendor/ptb_urllib3/urllib3/connectionpool.py", line 289, in _validate_conn
    conn.connect()
  File "/usr/local/lib/python3.10/site-packages/telegram/vendor/ptb_urllib3/urllib3/connection.py", line 319, in connect
    self.sock = ssl_wrap_socket(
  File "/usr/local/lib/python3.10/site-packages/telegram/vendor/ptb_urllib3/urllib3/util/ssl_.py", line 324, in ssl_wrap_socket
    return context.wrap_socket(sock, server_hostname=server_hostname)
  File "/usr/local/lib/python3.10/ssl.py", line 513, in wrap_socket
    return self.sslsocket_class._create(
  File "/usr/local/lib/python3.10/ssl.py", line 1104, in _create
    self.do_handshake()
  File "/usr/local/lib/python3.10/ssl.py", line 1375, in do_handshake
    self._sslobj.do_handshake()
TimeoutError: _ssl.c:1000: The handshake operation timed out

During handling of the above exception, another exception occurred:

Traceback (most recent call last):
  File "/usr/local/lib/python3.10/site-packages/telegram/vendor/ptb_urllib3/urllib3/connectionpool.py", line 614, in urlopen
    httplib_response = self._make_request(conn, method, url,
  File "/usr/local/lib/python3.10/site-packages/telegram/vendor/ptb_urllib3/urllib3/connectionpool.py", line 363, in _make_request
    self._raise_timeout(err=e, url=url, timeout_value=conn.timeout,
  File "/usr/local/lib/python3.10/site-packages/telegram/vendor/ptb_urllib3/urllib3/connectionpool.py", line 321, in _raise_timeout
    raise exc_cls(*args)
telegram.vendor.ptb_urllib3.urllib3.exceptions.ConnectTimeoutError: (<telegram.vendor.ptb_urllib3.urllib3.connectionpool.HTTPSConnectionPool object at 0x778da1fc6b30>, 'Connect timed out. (connect timeout=5.0)')

During handling of the above exception, another exception occurred:

Traceback (most recent call last):
  File "/usr/local/lib/python3.10/site-packages/telegram/utils/request.py", line 259, in _request_wrapper
    resp = self._con_pool.request(*args, **kwargs)
  File "/usr/local/lib/python3.10/site-packages/telegram/vendor/ptb_urllib3/urllib3/request.py", line 68, in request
    return self.request_encode_body(method, url, fields=fields,
  File "/usr/local/lib/python3.10/site-packages/telegram/vendor/ptb_urllib3/urllib3/request.py", line 148, in request_encode_body
    return self.urlopen(method, url, **extra_kw)
  File "/usr/local/lib/python3.10/site-packages/telegram/vendor/ptb_urllib3/urllib3/poolmanager.py", line 244, in urlopen
    response = conn.urlopen(method, u.request_uri, **kw)
  File "/usr/local/lib/python3.10/site-packages/telegram/vendor/ptb_urllib3/urllib3/connectionpool.py", line 691, in urlopen
    return self.urlopen(method, url, body, headers, retries,
  File "/usr/local/lib/python3.10/site-packages/telegram/vendor/ptb_urllib3/urllib3/connectionpool.py", line 691, in urlopen
    return self.urlopen(method, url, body, headers, retries,
  File "/usr/local/lib/python3.10/site-packages/telegram/vendor/ptb_urllib3/urllib3/connectionpool.py", line 691, in urlopen
    return self.urlopen(method, url, body, headers, retries,
  File "/usr/local/lib/python3.10/site-packages/telegram/vendor/ptb_urllib3/urllib3/connectionpool.py", line 665, in urlopen
    retries = retries.increment(method, url, error=e, _pool=self,
  File "/usr/local/lib/python3.10/site-packages/telegram/vendor/ptb_urllib3/urllib3/util/retry.py", line 376, in increment
    raise MaxRetryError(_pool, url, error or ResponseError(cause))
telegram.vendor.ptb_urllib3.urllib3.exceptions.MaxRetryError: HTTPSConnectionPool(host='api.telegram.org', port=443): Max retries exceeded with url: /bot8663400657:AAEbBqdhw4ZfHrU7JqCGlj2twvONKQLYnTs/getUpdates (Caused by ConnectTimeoutError(<telegram.vendor.ptb_urllib3.urllib3.connectionpool.HTTPSConnectionPool object at 0x778da1fc6b30>, 'Connect timed out. (connect timeout=5.0)'))

The above exception was the direct cause of the following exception:

Traceback (most recent call last):
  File "/usr/local/lib/python3.10/site-packages/telegram/ext/updater.py", line 651, in _network_loop_retry
    if not action_cb():
  File "/usr/local/lib/python3.10/site-packages/telegram/ext/updater.py", line 602, in polling_action_cb
    updates = self.bot.get_updates(
  File "/usr/local/lib/python3.10/site-packages/telegram/ext/extbot.py", line 228, in get_updates
    updates = super().get_updates(
  File "/usr/local/lib/python3.10/site-packages/telegram/bot.py", line 134, in decorator
    result = func(*args, **kwargs)
  File "/usr/local/lib/python3.10/site-packages/telegram/bot.py", line 3140, in get_updates
    self._post(
  File "/usr/local/lib/python3.10/site-packages/telegram/bot.py", line 299, in _post
    return self.request.post(
  File "/usr/local/lib/python3.10/site-packages/telegram/utils/request.py", line 361, in post
    result = self._request_wrapper(
  File "/usr/local/lib/python3.10/site-packages/telegram/utils/request.py", line 265, in _request_wrapper
    raise NetworkError(f'urllib3 HTTPError {error}') from error
telegram.error.NetworkError: urllib3 HTTPError HTTPSConnectionPool(host='api.telegram.org', port=443): Max retries exceeded with url: /bot8663400657:AAEbBqdhw4ZfHrU7JqCGlj2twvONKQLYnTs/getUpdates (Caused by ConnectTimeoutError(<telegram.vendor.ptb_urllib3.urllib3.connectionpool.HTTPSConnectionPool object at 0x778da1fc6b30>, 'Connect timed out. (connect timeout=5.0)'))
WARNING 2026-07-21 21:40:41,778 connectionpool Retrying (Retry(total=2, connect=None, read=None, redirect=None)) after connection broken by 'ConnectTimeoutError(<telegram.vendor.ptb_urllib3.urllib3.connectionpool.HTTPSConnectionPool object at 0x778da1fc6b30>, 'Connect timed out. (connect timeout=5.0)')': /bot8663400657:AAEbBqdhw4ZfHrU7JqCGlj2twvONKQLYnTs/getUpdates
WARNING 2026-07-21 21:40:46,905 connectionpool Retrying (Retry(total=1, connect=None, read=None, redirect=None)) after connection broken by 'ConnectTimeoutError(<telegram.vendor.ptb_urllib3.urllib3.connectionpool.HTTPSConnectionPool object at 0x778da1fc6b30>, 'Connect timed out. (connect timeout=5.0)')': /bot8663400657:AAEbBqdhw4ZfHrU7JqCGlj2twvONKQLYnTs/getUpdates
WARNING 2026-07-21 21:40:52,034 connectionpool Retrying (Retry(total=0, connect=None, read=None, redirect=None)) after connection broken by 'ConnectTimeoutError(<telegram.vendor.ptb_urllib3.urllib3.connectionpool.HTTPSConnectionPool object at 0x778da1fc6b30>, 'Connect timed out. (connect timeout=5.0)')': /bot8663400657:AAEbBqdhw4ZfHrU7JqCGlj2twvONKQLYnTs/getUpdates
ERROR 2026-07-21 21:40:57,162 updater Error while getting Updates: urllib3 HTTPError HTTPSConnectionPool(host='api.telegram.org', port=443): Max retries exceeded with url: /bot8663400657:AAEbBqdhw4ZfHrU7JqCGlj2twvONKQLYnTs/getUpdates (Caused by ConnectTimeoutError(<telegram.vendor.ptb_urllib3.urllib3.connectionpool.HTTPSConnectionPool object at 0x778da1fc6b30>, 'Connect timed out. (connect timeout=5.0)'))
ERROR 2026-07-21 21:40:57,166 dispatcher No error handlers are registered, logging exception.
Traceback (most recent call last):
  File "/usr/local/lib/python3.10/site-packages/telegram/vendor/ptb_urllib3/urllib3/connectionpool.py", line 360, in _make_request
    self._validate_conn(conn)
  File "/usr/local/lib/python3.10/site-packages/telegram/vendor/ptb_urllib3/urllib3/connectionpool.py", line 857, in _validate_conn
    super(HTTPSConnectionPool, self)._validate_conn(conn)
  File "/usr/local/lib/python3.10/site-packages/telegram/vendor/ptb_urllib3/urllib3/connectionpool.py", line 289, in _validate_conn
    conn.connect()
  File "/usr/local/lib/python3.10/site-packages/telegram/vendor/ptb_urllib3/urllib3/connection.py", line 319, in connect
    self.sock = ssl_wrap_socket(
  File "/usr/local/lib/python3.10/site-packages/telegram/vendor/ptb_urllib3/urllib3/util/ssl_.py", line 324, in ssl_wrap_socket
    return context.wrap_socket(sock, server_hostname=server_hostname)
  File "/usr/local/lib/python3.10/ssl.py", line 513, in wrap_socket
    return self.sslsocket_class._create(
  File "/usr/local/lib/python3.10/ssl.py", line 1104, in _create
    self.do_handshake()
  File "/usr/local/lib/python3.10/ssl.py", line 1375, in do_handshake
    self._sslobj.do_handshake()
TimeoutError: _ssl.c:1000: The handshake operation timed out

During handling of the above exception, another exception occurred:

Traceback (most recent call last):
  File "/usr/local/lib/python3.10/site-packages/telegram/vendor/ptb_urllib3/urllib3/connectionpool.py", line 614, in urlopen
    httplib_response = self._make_request(conn, method, url,
  File "/usr/local/lib/python3.10/site-packages/telegram/vendor/ptb_urllib3/urllib3/connectionpool.py", line 363, in _make_request
    self._raise_timeout(err=e, url=url, timeout_value=conn.timeout,
  File "/usr/local/lib/python3.10/site-packages/telegram/vendor/ptb_urllib3/urllib3/connectionpool.py", line 321, in _raise_timeout
    raise exc_cls(*args)
telegram.vendor.ptb_urllib3.urllib3.exceptions.ConnectTimeoutError: (<telegram.vendor.ptb_urllib3.urllib3.connectionpool.HTTPSConnectionPool object at 0x778da1fc6b30>, 'Connect timed out. (connect timeout=5.0)')

During handling of the above exception, another exception occurred:

Traceback (most recent call last):
  File "/usr/local/lib/python3.10/site-packages/telegram/utils/request.py", line 259, in _request_wrapper
    resp = self._con_pool.request(*args, **kwargs)
  File "/usr/local/lib/python3.10/site-packages/telegram/vendor/ptb_urllib3/urllib3/request.py", line 68, in request
    return self.request_encode_body(method, url, fields=fields,
  File "/usr/local/lib/python3.10/site-packages/telegram/vendor/ptb_urllib3/urllib3/request.py", line 148, in request_encode_body
    return self.urlopen(method, url, **extra_kw)
  File "/usr/local/lib/python3.10/site-packages/telegram/vendor/ptb_urllib3/urllib3/poolmanager.py", line 244, in urlopen
    response = conn.urlopen(method, u.request_uri, **kw)
  File "/usr/local/lib/python3.10/site-packages/telegram/vendor/ptb_urllib3/urllib3/connectionpool.py", line 691, in urlopen
    return self.urlopen(method, url, body, headers, retries,
  File "/usr/local/lib/python3.10/site-packages/telegram/vendor/ptb_urllib3/urllib3/connectionpool.py", line 691, in urlopen
    return self.urlopen(method, url, body, headers, retries,
  File "/usr/local/lib/python3.10/site-packages/telegram/vendor/ptb_urllib3/urllib3/connectionpool.py", line 691, in urlopen
    return self.urlopen(method, url, body, headers, retries,
  File "/usr/local/lib/python3.10/site-packages/telegram/vendor/ptb_urllib3/urllib3/connectionpool.py", line 665, in urlopen
    retries = retries.increment(method, url, error=e, _pool=self,
  File "/usr/local/lib/python3.10/site-packages/telegram/vendor/ptb_urllib3/urllib3/util/retry.py", line 376, in increment
    raise MaxRetryError(_pool, url, error or ResponseError(cause))
telegram.vendor.ptb_urllib3.urllib3.exceptions.MaxRetryError: HTTPSConnectionPool(host='api.telegram.org', port=443): Max retries exceeded with url: /bot8663400657:AAEbBqdhw4ZfHrU7JqCGlj2twvONKQLYnTs/getUpdates (Caused by ConnectTimeoutError(<telegram.vendor.ptb_urllib3.urllib3.connectionpool.HTTPSConnectionPool object at 0x778da1fc6b30>, 'Connect timed out. (connect timeout=5.0)'))

The above exception was the direct cause of the following exception:

Traceback (most recent call last):
  File "/usr/local/lib/python3.10/site-packages/telegram/ext/updater.py", line 651, in _network_loop_retry
    if not action_cb():
  File "/usr/local/lib/python3.10/site-packages/telegram/ext/updater.py", line 602, in polling_action_cb
    updates = self.bot.get_updates(
  File "/usr/local/lib/python3.10/site-packages/telegram/ext/extbot.py", line 228, in get_updates
    updates = super().get_updates(
  File "/usr/local/lib/python3.10/site-packages/telegram/bot.py", line 134, in decorator
    result = func(*args, **kwargs)
  File "/usr/local/lib/python3.10/site-packages/telegram/bot.py", line 3140, in get_updates
    self._post(
  File "/usr/local/lib/python3.10/site-packages/telegram/bot.py", line 299, in _post
    return self.request.post(
  File "/usr/local/lib/python3.10/site-packages/telegram/utils/request.py", line 361, in post
    result = self._request_wrapper(
  File "/usr/local/lib/python3.10/site-packages/telegram/utils/request.py", line 265, in _request_wrapper
    raise NetworkError(f'urllib3 HTTPError {error}') from error
telegram.error.NetworkError: urllib3 HTTPError HTTPSConnectionPool(host='api.telegram.org', port=443): Max retries exceeded with url: /bot8663400657:AAEbBqdhw4ZfHrU7JqCGlj2twvONKQLYnTs/getUpdates (Caused by ConnectTimeoutError(<telegram.vendor.ptb_urllib3.urllib3.connectionpool.HTTPSConnectionPool object at 0x778da1fc6b30>, 'Connect timed out. (connect timeout=5.0)'))
WARNING 2026-07-21 21:41:32,341 connectionpool Retrying (Retry(total=2, connect=None, read=None, redirect=None)) after connection broken by 'ConnectTimeoutError(<telegram.vendor.ptb_urllib3.urllib3.connectionpool.HTTPSConnectionPool object at 0x778da1fc6b30>, 'Connect timed out. (connect timeout=5.0)')': /bot8663400657:AAEbBqdhw4ZfHrU7JqCGlj2twvONKQLYnTs/getUpdates
WARNING 2026-07-21 21:41:37,483 connectionpool Retrying (Retry(total=1, connect=None, read=None, redirect=None)) after connection broken by 'ConnectTimeoutError(<telegram.vendor.ptb_urllib3.urllib3.connectionpool.HTTPSConnectionPool object at 0x778da1fc6b30>, 'Connect timed out. (connect timeout=5.0)')': /bot8663400657:AAEbBqdhw4ZfHrU7JqCGlj2twvONKQLYnTs/getUpdates
WARNING 2026-07-21 21:41:42,620 connectionpool Retrying (Retry(total=0, connect=None, read=None, redirect=None)) after connection broken by 'ConnectTimeoutError(<telegram.vendor.ptb_urllib3.urllib3.connectionpool.HTTPSConnectionPool object at 0x778da1fc6b30>, 'Connect timed out. (connect timeout=5.0)')': /bot8663400657:AAEbBqdhw4ZfHrU7JqCGlj2twvONKQLYnTs/getUpdates
ERROR 2026-07-21 21:41:47,756 updater Error while getting Updates: urllib3 HTTPError HTTPSConnectionPool(host='api.telegram.org', port=443): Max retries exceeded with url: /bot8663400657:AAEbBqdhw4ZfHrU7JqCGlj2twvONKQLYnTs/getUpdates (Caused by ConnectTimeoutError(<telegram.vendor.ptb_urllib3.urllib3.connectionpool.HTTPSConnectionPool object at 0x778da1fc6b30>, 'Connect timed out. (connect timeout=5.0)'))
ERROR 2026-07-21 21:41:47,760 dispatcher No error handlers are registered, logging exception.
Traceback (most recent call last):
  File "/usr/local/lib/python3.10/site-packages/telegram/vendor/ptb_urllib3/urllib3/connectionpool.py", line 360, in _make_request
    self._validate_conn(conn)
  File "/usr/local/lib/python3.10/site-packages/telegram/vendor/ptb_urllib3/urllib3/connectionpool.py", line 857, in _validate_conn
    super(HTTPSConnectionPool, self)._validate_conn(conn)
  File "/usr/local/lib/python3.10/site-packages/telegram/vendor/ptb_urllib3/urllib3/connectionpool.py", line 289, in _validate_conn
    conn.connect()
  File "/usr/local/lib/python3.10/site-packages/telegram/vendor/ptb_urllib3/urllib3/connection.py", line 319, in connect
    self.sock = ssl_wrap_socket(
  File "/usr/local/lib/python3.10/site-packages/telegram/vendor/ptb_urllib3/urllib3/util/ssl_.py", line 324, in ssl_wrap_socket
    return context.wrap_socket(sock, server_hostname=server_hostname)
  File "/usr/local/lib/python3.10/ssl.py", line 513, in wrap_socket
    return self.sslsocket_class._create(
  File "/usr/local/lib/python3.10/ssl.py", line 1104, in _create
    self.do_handshake()
  File "/usr/local/lib/python3.10/ssl.py", line 1375, in do_handshake
    self._sslobj.do_handshake()
TimeoutError: _ssl.c:1000: The handshake operation timed out

During handling of the above exception, another exception occurred:

Traceback (most recent call last):
  File "/usr/local/lib/python3.10/site-packages/telegram/vendor/ptb_urllib3/urllib3/connectionpool.py", line 614, in urlopen
    httplib_response = self._make_request(conn, method, url,
  File "/usr/local/lib/python3.10/site-packages/telegram/vendor/ptb_urllib3/urllib3/connectionpool.py", line 363, in _make_request
    self._raise_timeout(err=e, url=url, timeout_value=conn.timeout,
  File "/usr/local/lib/python3.10/site-packages/telegram/vendor/ptb_urllib3/urllib3/connectionpool.py", line 321, in _raise_timeout
    raise exc_cls(*args)
telegram.vendor.ptb_urllib3.urllib3.exceptions.ConnectTimeoutError: (<telegram.vendor.ptb_urllib3.urllib3.connectionpool.HTTPSConnectionPool object at 0x778da1fc6b30>, 'Connect timed out. (connect timeout=5.0)')

During handling of the above exception, another exception occurred:

Traceback (most recent call last):
  File "/usr/local/lib/python3.10/site-packages/telegram/utils/request.py", line 259, in _request_wrapper
    resp = self._con_pool.request(*args, **kwargs)
  File "/usr/local/lib/python3.10/site-packages/telegram/vendor/ptb_urllib3/urllib3/request.py", line 68, in request
    return self.request_encode_body(method, url, fields=fields,
  File "/usr/local/lib/python3.10/site-packages/telegram/vendor/ptb_urllib3/urllib3/request.py", line 148, in request_encode_body
    return self.urlopen(method, url, **extra_kw)
  File "/usr/local/lib/python3.10/site-packages/telegram/vendor/ptb_urllib3/urllib3/poolmanager.py", line 244, in urlopen
    response = conn.urlopen(method, u.request_uri, **kw)
  File "/usr/local/lib/python3.10/site-packages/telegram/vendor/ptb_urllib3/urllib3/connectionpool.py", line 691, in urlopen
    return self.urlopen(method, url, body, headers, retries,
  File "/usr/local/lib/python3.10/site-packages/telegram/vendor/ptb_urllib3/urllib3/connectionpool.py", line 691, in urlopen
    return self.urlopen(method, url, body, headers, retries,
  File "/usr/local/lib/python3.10/site-packages/telegram/vendor/ptb_urllib3/urllib3/connectionpool.py", line 691, in urlopen
    return self.urlopen(method, url, body, headers, retries,
  File "/usr/local/lib/python3.10/site-packages/telegram/vendor/ptb_urllib3/urllib3/connectionpool.py", line 665, in urlopen
    retries = retries.increment(method, url, error=e, _pool=self,
  File "/usr/local/lib/python3.10/site-packages/telegram/vendor/ptb_urllib3/urllib3/util/retry.py", line 376, in increment
    raise MaxRetryError(_pool, url, error or ResponseError(cause))
telegram.vendor.ptb_urllib3.urllib3.exceptions.MaxRetryError: HTTPSConnectionPool(host='api.telegram.org', port=443): Max retries exceeded with url: /bot8663400657:AAEbBqdhw4ZfHrU7JqCGlj2twvONKQLYnTs/getUpdates (Caused by ConnectTimeoutError(<telegram.vendor.ptb_urllib3.urllib3.connectionpool.HTTPSConnectionPool object at 0x778da1fc6b30>, 'Connect timed out. (connect timeout=5.0)'))

The above exception was the direct cause of the following exception:

Traceback (most recent call last):
  File "/usr/local/lib/python3.10/site-packages/telegram/ext/updater.py", line 651, in _network_loop_retry
    if not action_cb():
  File "/usr/local/lib/python3.10/site-packages/telegram/ext/updater.py", line 602, in polling_action_cb
    updates = self.bot.get_updates(
  File "/usr/local/lib/python3.10/site-packages/telegram/ext/extbot.py", line 228, in get_updates
    updates = super().get_updates(
  File "/usr/local/lib/python3.10/site-packages/telegram/bot.py", line 134, in decorator
    result = func(*args, **kwargs)
  File "/usr/local/lib/python3.10/site-packages/telegram/bot.py", line 3140, in get_updates
    self._post(
  File "/usr/local/lib/python3.10/site-packages/telegram/bot.py", line 299, in _post
    return self.request.post(
  File "/usr/local/lib/python3.10/site-packages/telegram/utils/request.py", line 361, in post
    result = self._request_wrapper(
  File "/usr/local/lib/python3.10/site-packages/telegram/utils/request.py", line 265, in _request_wrapper
    raise NetworkError(f'urllib3 HTTPError {error}') from error
telegram.error.NetworkError: urllib3 HTTPError HTTPSConnectionPool(host='api.telegram.org', port=443): Max retries exceeded with url: /bot8663400657:AAEbBqdhw4ZfHrU7JqCGlj2twvONKQLYnTs/getUpdates (Caused by ConnectTimeoutError(<telegram.vendor.ptb_urllib3.urllib3.connectionpool.HTTPSConnectionPool object at 0x778da1fc6b30>, 'Connect timed out. (connect timeout=5.0)'))
WARNING 2026-07-21 21:42:22,950 connectionpool Retrying (Retry(total=2, connect=None, read=None, redirect=None)) after connection broken by 'ConnectTimeoutError(<telegram.vendor.ptb_urllib3.urllib3.connectionpool.HTTPSConnectionPool object at 0x778da1fc6b30>, 'Connect timed out. (connect timeout=5.0)')': /bot8663400657:AAEbBqdhw4ZfHrU7JqCGlj2twvONKQLYnTs/getUpdates
WARNING 2026-07-21 21:42:28,094 connectionpool Retrying (Retry(total=1, connect=None, read=None, redirect=None)) after connection broken by 'ConnectTimeoutError(<telegram.vendor.ptb_urllib3.urllib3.connectionpool.HTTPSConnectionPool object at 0x778da1fc6b30>, 'Connect timed out. (connect timeout=5.0)')': /bot8663400657:AAEbBqdhw4ZfHrU7JqCGlj2twvONKQLYnTs/getUpdates
WARNING 2026-07-21 21:42:33,243 connectionpool Retrying (Retry(total=0, connect=None, read=None, redirect=None)) after connection broken by 'ConnectTimeoutError(<telegram.vendor.ptb_urllib3.urllib3.connectionpool.HTTPSConnectionPool object at 0x778da1fc6b30>, 'Connect timed out. (connect timeout=5.0)')': /bot8663400657:AAEbBqdhw4ZfHrU7JqCGlj2twvONKQLYnTs/getUpdates
ERROR 2026-07-21 21:42:38,382 updater Error while getting Updates: urllib3 HTTPError HTTPSConnectionPool(host='api.telegram.org', port=443): Max retries exceeded with url: /bot8663400657:AAEbBqdhw4ZfHrU7JqCGlj2twvONKQLYnTs/getUpdates (Caused by ConnectTimeoutError(<telegram.vendor.ptb_urllib3.urllib3.connectionpool.HTTPSConnectionPool object at 0x778da1fc6b30>, 'Connect timed out. (connect timeout=5.0)'))
ERROR 2026-07-21 21:42:38,388 dispatcher No error handlers are registered, logging exception.
Traceback (most recent call last):
  File "/usr/local/lib/python3.10/site-packages/telegram/vendor/ptb_urllib3/urllib3/connectionpool.py", line 360, in _make_request
    self._validate_conn(conn)
  File "/usr/local/lib/python3.10/site-packages/telegram/vendor/ptb_urllib3/urllib3/connectionpool.py", line 857, in _validate_conn
    super(HTTPSConnectionPool, self)._validate_conn(conn)
  File "/usr/local/lib/python3.10/site-packages/telegram/vendor/ptb_urllib3/urllib3/connectionpool.py", line 289, in _validate_conn
    conn.connect()
  File "/usr/local/lib/python3.10/site-packages/telegram/vendor/ptb_urllib3/urllib3/connection.py", line 319, in connect
    self.sock = ssl_wrap_socket(
  File "/usr/local/lib/python3.10/site-packages/telegram/vendor/ptb_urllib3/urllib3/util/ssl_.py", line 324, in ssl_wrap_socket
    return context.wrap_socket(sock, server_hostname=server_hostname)
  File "/usr/local/lib/python3.10/ssl.py", line 513, in wrap_socket
    return self.sslsocket_class._create(
  File "/usr/local/lib/python3.10/ssl.py", line 1104, in _create
    self.do_handshake()
  File "/usr/local/lib/python3.10/ssl.py", line 1375, in do_handshake
    self._sslobj.do_handshake()
TimeoutError: _ssl.c:1000: The handshake operation timed out

During handling of the above exception, another exception occurred:

Traceback (most recent call last):
  File "/usr/local/lib/python3.10/site-packages/telegram/vendor/ptb_urllib3/urllib3/connectionpool.py", line 614, in urlopen
    httplib_response = self._make_request(conn, method, url,
  File "/usr/local/lib/python3.10/site-packages/telegram/vendor/ptb_urllib3/urllib3/connectionpool.py", line 363, in _make_request
    self._raise_timeout(err=e, url=url, timeout_value=conn.timeout,
  File "/usr/local/lib/python3.10/site-packages/telegram/vendor/ptb_urllib3/urllib3/connectionpool.py", line 321, in _raise_timeout
    raise exc_cls(*args)
telegram.vendor.ptb_urllib3.urllib3.exceptions.ConnectTimeoutError: (<telegram.vendor.ptb_urllib3.urllib3.connectionpool.HTTPSConnectionPool object at 0x778da1fc6b30>, 'Connect timed out. (connect timeout=5.0)')

During handling of the above exception, another exception occurred:

Traceback (most recent call last):
  File "/usr/local/lib/python3.10/site-packages/telegram/utils/request.py", line 259, in _request_wrapper
    resp = self._con_pool.request(*args, **kwargs)
  File "/usr/local/lib/python3.10/site-packages/telegram/vendor/ptb_urllib3/urllib3/request.py", line 68, in request
    return self.request_encode_body(method, url, fields=fields,
  File "/usr/local/lib/python3.10/site-packages/telegram/vendor/ptb_urllib3/urllib3/request.py", line 148, in request_encode_body
    return self.urlopen(method, url, **extra_kw)
  File "/usr/local/lib/python3.10/site-packages/telegram/vendor/ptb_urllib3/urllib3/poolmanager.py", line 244, in urlopen
    response = conn.urlopen(method, u.request_uri, **kw)
  File "/usr/local/lib/python3.10/site-packages/telegram/vendor/ptb_urllib3/urllib3/connectionpool.py", line 691, in urlopen
    return self.urlopen(method, url, body, headers, retries,
  File "/usr/local/lib/python3.10/site-packages/telegram/vendor/ptb_urllib3/urllib3/connectionpool.py", line 691, in urlopen
    return self.urlopen(method, url, body, headers, retries,
  File "/usr/local/lib/python3.10/site-packages/telegram/vendor/ptb_urllib3/urllib3/connectionpool.py", line 691, in urlopen
    return self.urlopen(method, url, body, headers, retries,
  File "/usr/local/lib/python3.10/site-packages/telegram/vendor/ptb_urllib3/urllib3/connectionpool.py", line 665, in urlopen
    retries = retries.increment(method, url, error=e, _pool=self,
  File "/usr/local/lib/python3.10/site-packages/telegram/vendor/ptb_urllib3/urllib3/util/retry.py", line 376, in increment
    raise MaxRetryError(_pool, url, error or ResponseError(cause))
telegram.vendor.ptb_urllib3.urllib3.exceptions.MaxRetryError: HTTPSConnectionPool(host='api.telegram.org', port=443): Max retries exceeded with url: /bot8663400657:AAEbBqdhw4ZfHrU7JqCGlj2twvONKQLYnTs/getUpdates (Caused by ConnectTimeoutError(<telegram.vendor.ptb_urllib3.urllib3.connectionpool.HTTPSConnectionPool object at 0x778da1fc6b30>, 'Connect timed out. (connect timeout=5.0)'))

The above exception was the direct cause of the following exception:

Traceback (most recent call last):
  File "/usr/local/lib/python3.10/site-packages/telegram/ext/updater.py", line 651, in _network_loop_retry
    if not action_cb():
  File "/usr/local/lib/python3.10/site-packages/telegram/ext/updater.py", line 602, in polling_action_cb
    updates = self.bot.get_updates(
  File "/usr/local/lib/python3.10/site-packages/telegram/ext/extbot.py", line 228, in get_updates
    updates = super().get_updates(
  File "/usr/local/lib/python3.10/site-packages/telegram/bot.py", line 134, in decorator
    result = func(*args, **kwargs)
  File "/usr/local/lib/python3.10/site-packages/telegram/bot.py", line 3140, in get_updates
    self._post(
  File "/usr/local/lib/python3.10/site-packages/telegram/bot.py", line 299, in _post
    return self.request.post(
  File "/usr/local/lib/python3.10/site-packages/telegram/utils/request.py", line 361, in post
    result = self._request_wrapper(
  File "/usr/local/lib/python3.10/site-packages/telegram/utils/request.py", line 265, in _request_wrapper
    raise NetworkError(f'urllib3 HTTPError {error}') from error
telegram.error.NetworkError: urllib3 HTTPError HTTPSConnectionPool(host='api.telegram.org', port=443): Max retries exceeded with url: /bot8663400657:AAEbBqdhw4ZfHrU7JqCGlj2twvONKQLYnTs/getUpdates (Caused by ConnectTimeoutError(<telegram.vendor.ptb_urllib3.urllib3.connectionpool.HTTPSConnectionPool object at 0x778da1fc6b30>, 'Connect timed out. (connect timeout=5.0)'))
WARNING 2026-07-21 21:43:13,578 connectionpool Retrying (Retry(total=2, connect=None, read=None, redirect=None)) after connection broken by 'ConnectTimeoutError(<telegram.vendor.ptb_urllib3.urllib3.connectionpool.HTTPSConnectionPool object at 0x778da1fc6b30>, 'Connect timed out. (connect timeout=5.0)')': /bot8663400657:AAEbBqdhw4ZfHrU7JqCGlj2twvONKQLYnTs/getUpdates
WARNING 2026-07-21 21:43:18,746 connectionpool Retrying (Retry(total=1, connect=None, read=None, redirect=None)) after connection broken by 'ConnectTimeoutError(<telegram.vendor.ptb_urllib3.urllib3.connectionpool.HTTPSConnectionPool object at 0x778da1fc6b30>, 'Connect timed out. (connect timeout=5.0)')': /bot8663400657:AAEbBqdhw4ZfHrU7JqCGlj2twvONKQLYnTs/getUpdates
WARNING 2026-07-21 21:43:23,883 connectionpool Retrying (Retry(total=0, connect=None, read=None, redirect=None)) after connection broken by 'ConnectTimeoutError(<telegram.vendor.ptb_urllib3.urllib3.connectionpool.HTTPSConnectionPool object at 0x778da1fc6b30>, 'Connect timed out. (connect timeout=5.0)')': /bot8663400657:AAEbBqdhw4ZfHrU7JqCGlj2twvONKQLYnTs/getUpdates
ERROR 2026-07-21 21:43:29,023 updater Error while getting Updates: urllib3 HTTPError HTTPSConnectionPool(host='api.telegram.org', port=443): Max retries exceeded with url: /bot8663400657:AAEbBqdhw4ZfHrU7JqCGlj2twvONKQLYnTs/getUpdates (Caused by ConnectTimeoutError(<telegram.vendor.ptb_urllib3.urllib3.connectionpool.HTTPSConnectionPool object at 0x778da1fc6b30>, 'Connect timed out. (connect timeout=5.0)'))
ERROR 2026-07-21 21:43:29,028 dispatcher No error handlers are registered, logging exception.
Traceback (most recent call last):
  File "/usr/local/lib/python3.10/site-packages/telegram/vendor/ptb_urllib3/urllib3/connectionpool.py", line 360, in _make_request
    self._validate_conn(conn)
  File "/usr/local/lib/python3.10/site-packages/telegram/vendor/ptb_urllib3/urllib3/connectionpool.py", line 857, in _validate_conn
    super(HTTPSConnectionPool, self)._validate_conn(conn)
  File "/usr/local/lib/python3.10/site-packages/telegram/vendor/ptb_urllib3/urllib3/connectionpool.py", line 289, in _validate_conn
    conn.connect()
  File "/usr/local/lib/python3.10/site-packages/telegram/vendor/ptb_urllib3/urllib3/connection.py", line 319, in connect
    self.sock = ssl_wrap_socket(
  File "/usr/local/lib/python3.10/site-packages/telegram/vendor/ptb_urllib3/urllib3/util/ssl_.py", line 324, in ssl_wrap_socket
    return context.wrap_socket(sock, server_hostname=server_hostname)
  File "/usr/local/lib/python3.10/ssl.py", line 513, in wrap_socket
    return self.sslsocket_class._create(
  File "/usr/local/lib/python3.10/ssl.py", line 1104, in _create
    self.do_handshake()
  File "/usr/local/lib/python3.10/ssl.py", line 1375, in do_handshake
    self._sslobj.do_handshake()
TimeoutError: _ssl.c:1000: The handshake operation timed out

During handling of the above exception, another exception occurred:

Traceback (most recent call last):
  File "/usr/local/lib/python3.10/site-packages/telegram/vendor/ptb_urllib3/urllib3/connectionpool.py", line 614, in urlopen
    httplib_response = self._make_request(conn, method, url,
  File "/usr/local/lib/python3.10/site-packages/telegram/vendor/ptb_urllib3/urllib3/connectionpool.py", line 363, in _make_request
    self._raise_timeout(err=e, url=url, timeout_value=conn.timeout,
  File "/usr/local/lib/python3.10/site-packages/telegram/vendor/ptb_urllib3/urllib3/connectionpool.py", line 321, in _raise_timeout
    raise exc_cls(*args)
telegram.vendor.ptb_urllib3.urllib3.exceptions.ConnectTimeoutError: (<telegram.vendor.ptb_urllib3.urllib3.connectionpool.HTTPSConnectionPool object at 0x778da1fc6b30>, 'Connect timed out. (connect timeout=5.0)')

During handling of the above exception, another exception occurred:

Traceback (most recent call last):
  File "/usr/local/lib/python3.10/site-packages/telegram/utils/request.py", line 259, in _request_wrapper
    resp = self._con_pool.request(*args, **kwargs)
  File "/usr/local/lib/python3.10/site-packages/telegram/vendor/ptb_urllib3/urllib3/request.py", line 68, in request
    return self.request_encode_body(method, url, fields=fields,
  File "/usr/local/lib/python3.10/site-packages/telegram/vendor/ptb_urllib3/urllib3/request.py", line 148, in request_encode_body
    return self.urlopen(method, url, **extra_kw)
  File "/usr/local/lib/python3.10/site-packages/telegram/vendor/ptb_urllib3/urllib3/poolmanager.py", line 244, in urlopen
    response = conn.urlopen(method, u.request_uri, **kw)
  File "/usr/local/lib/python3.10/site-packages/telegram/vendor/ptb_urllib3/urllib3/connectionpool.py", line 691, in urlopen
    return self.urlopen(method, url, body, headers, retries,
  File "/usr/local/lib/python3.10/site-packages/telegram/vendor/ptb_urllib3/urllib3/connectionpool.py", line 691, in urlopen
    return self.urlopen(method, url, body, headers, retries,
  File "/usr/local/lib/python3.10/site-packages/telegram/vendor/ptb_urllib3/urllib3/connectionpool.py", line 691, in urlopen
    return self.urlopen(method, url, body, headers, retries,
  File "/usr/local/lib/python3.10/site-packages/telegram/vendor/ptb_urllib3/urllib3/connectionpool.py", line 665, in urlopen
    retries = retries.increment(method, url, error=e, _pool=self,
  File "/usr/local/lib/python3.10/site-packages/telegram/vendor/ptb_urllib3/urllib3/util/retry.py", line 376, in increment
    raise MaxRetryError(_pool, url, error or ResponseError(cause))
telegram.vendor.ptb_urllib3.urllib3.exceptions.MaxRetryError: HTTPSConnectionPool(host='api.telegram.org', port=443): Max retries exceeded with url: /bot8663400657:AAEbBqdhw4ZfHrU7JqCGlj2twvONKQLYnTs/getUpdates (Caused by ConnectTimeoutError(<telegram.vendor.ptb_urllib3.urllib3.connectionpool.HTTPSConnectionPool object at 0x778da1fc6b30>, 'Connect timed out. (connect timeout=5.0)'))

The above exception was the direct cause of the following exception:

Traceback (most recent call last):
  File "/usr/local/lib/python3.10/site-packages/telegram/ext/updater.py", line 651, in _network_loop_retry
    if not action_cb():
  File "/usr/local/lib/python3.10/site-packages/telegram/ext/updater.py", line 602, in polling_action_cb
    updates = self.bot.get_updates(
  File "/usr/local/lib/python3.10/site-packages/telegram/ext/extbot.py", line 228, in get_updates
    updates = super().get_updates(
  File "/usr/local/lib/python3.10/site-packages/telegram/bot.py", line 134, in decorator
    result = func(*args, **kwargs)
  File "/usr/local/lib/python3.10/site-packages/telegram/bot.py", line 3140, in get_updates
    self._post(
  File "/usr/local/lib/python3.10/site-packages/telegram/bot.py", line 299, in _post
    return self.request.post(
  File "/usr/local/lib/python3.10/site-packages/telegram/utils/request.py", line 361, in post
    result = self._request_wrapper(
  File "/usr/local/lib/python3.10/site-packages/telegram/utils/request.py", line 265, in _request_wrapper
    raise NetworkError(f'urllib3 HTTPError {error}') from error
telegram.error.NetworkError: urllib3 HTTPError HTTPSConnectionPool(host='api.telegram.org', port=443): Max retries exceeded with url: /bot8663400657:AAEbBqdhw4ZfHrU7JqCGlj2twvONKQLYnTs/getUpdates (Caused by ConnectTimeoutError(<telegram.vendor.ptb_urllib3.urllib3.connectionpool.HTTPSConnectionPool object at 0x778da1fc6b30>, 'Connect timed out. (connect timeout=5.0)'))
WARNING 2026-07-21 21:44:04,231 connectionpool Retrying (Retry(total=2, connect=None, read=None, redirect=None)) after connection broken by 'ConnectTimeoutError(<telegram.vendor.ptb_urllib3.urllib3.connectionpool.HTTPSConnectionPool object at 0x778da1fc6b30>, 'Connect timed out. (connect timeout=5.0)')': /bot8663400657:AAEbBqdhw4ZfHrU7JqCGlj2twvONKQLYnTs/getUpdates
WARNING 2026-07-21 21:44:09,371 connectionpool Retrying (Retry(total=1, connect=None, read=None, redirect=None)) after connection broken by 'ConnectTimeoutError(<telegram.vendor.ptb_urllib3.urllib3.connectionpool.HTTPSConnectionPool object at 0x778da1fc6b30>, 'Connect timed out. (connect timeout=5.0)')': /bot8663400657:AAEbBqdhw4ZfHrU7JqCGlj2twvONKQLYnTs/getUpdates
WARNING 2026-07-21 21:44:14,533 connectionpool Retrying (Retry(total=0, connect=None, read=None, redirect=None)) after connection broken by 'ConnectTimeoutError(<telegram.vendor.ptb_urllib3.urllib3.connectionpool.HTTPSConnectionPool object at 0x778da1fc6b30>, 'Connect timed out. (connect timeout=5.0)')': /bot8663400657:AAEbBqdhw4ZfHrU7JqCGlj2twvONKQLYnTs/getUpdates
ERROR 2026-07-21 21:44:19,697 updater Error while getting Updates: urllib3 HTTPError HTTPSConnectionPool(host='api.telegram.org', port=443): Max retries exceeded with url: /bot8663400657:AAEbBqdhw4ZfHrU7JqCGlj2twvONKQLYnTs/getUpdates (Caused by ConnectTimeoutError(<telegram.vendor.ptb_urllib3.urllib3.connectionpool.HTTPSConnectionPool object at 0x778da1fc6b30>, 'Connect timed out. (connect timeout=5.0)'))
ERROR 2026-07-21 21:44:19,703 dispatcher No error handlers are registered, logging exception.
Traceback (most recent call last):
  File "/usr/local/lib/python3.10/site-packages/telegram/vendor/ptb_urllib3/urllib3/connectionpool.py", line 360, in _make_request
    self._validate_conn(conn)
  File "/usr/local/lib/python3.10/site-packages/telegram/vendor/ptb_urllib3/urllib3/connectionpool.py", line 857, in _validate_conn
    super(HTTPSConnectionPool, self)._validate_conn(conn)
  File "/usr/local/lib/python3.10/site-packages/telegram/vendor/ptb_urllib3/urllib3/connectionpool.py", line 289, in _validate_conn
    conn.connect()
  File "/usr/local/lib/python3.10/site-packages/telegram/vendor/ptb_urllib3/urllib3/connection.py", line 319, in connect
    self.sock = ssl_wrap_socket(
  File "/usr/local/lib/python3.10/site-packages/telegram/vendor/ptb_urllib3/urllib3/util/ssl_.py", line 324, in ssl_wrap_socket
    return context.wrap_socket(sock, server_hostname=server_hostname)
  File "/usr/local/lib/python3.10/ssl.py", line 513, in wrap_socket
    return self.sslsocket_class._create(
  File "/usr/local/lib/python3.10/ssl.py", line 1104, in _create
    self.do_handshake()
  File "/usr/local/lib/python3.10/ssl.py", line 1375, in do_handshake
    self._sslobj.do_handshake()
TimeoutError: _ssl.c:1000: The handshake operation timed out

During handling of the above exception, another exception occurred:

Traceback (most recent call last):
  File "/usr/local/lib/python3.10/site-packages/telegram/vendor/ptb_urllib3/urllib3/connectionpool.py", line 614, in urlopen
    httplib_response = self._make_request(conn, method, url,
  File "/usr/local/lib/python3.10/site-packages/telegram/vendor/ptb_urllib3/urllib3/connectionpool.py", line 363, in _make_request
    self._raise_timeout(err=e, url=url, timeout_value=conn.timeout,
  File "/usr/local/lib/python3.10/site-packages/telegram/vendor/ptb_urllib3/urllib3/connectionpool.py", line 321, in _raise_timeout
    raise exc_cls(*args)
telegram.vendor.ptb_urllib3.urllib3.exceptions.ConnectTimeoutError: (<telegram.vendor.ptb_urllib3.urllib3.connectionpool.HTTPSConnectionPool object at 0x778da1fc6b30>, 'Connect timed out. (connect timeout=5.0)')

During handling of the above exception, another exception occurred:

Traceback (most recent call last):
  File "/usr/local/lib/python3.10/site-packages/telegram/utils/request.py", line 259, in _request_wrapper
    resp = self._con_pool.request(*args, **kwargs)
  File "/usr/local/lib/python3.10/site-packages/telegram/vendor/ptb_urllib3/urllib3/request.py", line 68, in request
    return self.request_encode_body(method, url, fields=fields,
  File "/usr/local/lib/python3.10/site-packages/telegram/vendor/ptb_urllib3/urllib3/request.py", line 148, in request_encode_body
    return self.urlopen(method, url, **extra_kw)
  File "/usr/local/lib/python3.10/site-packages/telegram/vendor/ptb_urllib3/urllib3/poolmanager.py", line 244, in urlopen
    response = conn.urlopen(method, u.request_uri, **kw)
  File "/usr/local/lib/python3.10/site-packages/telegram/vendor/ptb_urllib3/urllib3/connectionpool.py", line 691, in urlopen
    return self.urlopen(method, url, body, headers, retries,
  File "/usr/local/lib/python3.10/site-packages/telegram/vendor/ptb_urllib3/urllib3/connectionpool.py", line 691, in urlopen
    return self.urlopen(method, url, body, headers, retries,
  File "/usr/local/lib/python3.10/site-packages/telegram/vendor/ptb_urllib3/urllib3/connectionpool.py", line 691, in urlopen
    return self.urlopen(method, url, body, headers, retries,
  File "/usr/local/lib/python3.10/site-packages/telegram/vendor/ptb_urllib3/urllib3/connectionpool.py", line 665, in urlopen
    retries = retries.increment(method, url, error=e, _pool=self,
  File "/usr/local/lib/python3.10/site-packages/telegram/vendor/ptb_urllib3/urllib3/util/retry.py", line 376, in increment
    raise MaxRetryError(_pool, url, error or ResponseError(cause))
telegram.vendor.ptb_urllib3.urllib3.exceptions.MaxRetryError: HTTPSConnectionPool(host='api.telegram.org', port=443): Max retries exceeded with url: /bot8663400657:AAEbBqdhw4ZfHrU7JqCGlj2twvONKQLYnTs/getUpdates (Caused by ConnectTimeoutError(<telegram.vendor.ptb_urllib3.urllib3.connectionpool.HTTPSConnectionPool object at 0x778da1fc6b30>, 'Connect timed out. (connect timeout=5.0)'))

The above exception was the direct cause of the following exception:

Traceback (most recent call last):
  File "/usr/local/lib/python3.10/site-packages/telegram/ext/updater.py", line 651, in _network_loop_retry
    if not action_cb():
  File "/usr/local/lib/python3.10/site-packages/telegram/ext/updater.py", line 602, in polling_action_cb
    updates = self.bot.get_updates(
  File "/usr/local/lib/python3.10/site-packages/telegram/ext/extbot.py", line 228, in get_updates
    updates = super().get_updates(
  File "/usr/local/lib/python3.10/site-packages/telegram/bot.py", line 134, in decorator
    result = func(*args, **kwargs)
  File "/usr/local/lib/python3.10/site-packages/telegram/bot.py", line 3140, in get_updates
    self._post(
  File "/usr/local/lib/python3.10/site-packages/telegram/bot.py", line 299, in _post
    return self.request.post(
  File "/usr/local/lib/python3.10/site-packages/telegram/utils/request.py", line 361, in post
    result = self._request_wrapper(
  File "/usr/local/lib/python3.10/site-packages/telegram/utils/request.py", line 265, in _request_wrapper
    raise NetworkError(f'urllib3 HTTPError {error}') from error
telegram.error.NetworkError: urllib3 HTTPError HTTPSConnectionPool(host='api.telegram.org', port=443): Max retries exceeded with url: /bot8663400657:AAEbBqdhw4ZfHrU7JqCGlj2twvONKQLYnTs/getUpdates (Caused by ConnectTimeoutError(<telegram.vendor.ptb_urllib3.urllib3.connectionpool.HTTPSConnectionPool object at 0x778da1fc6b30>, 'Connect timed out. (connect timeout=5.0)'))
WARNING 2026-07-21 21:44:54,882 connectionpool Retrying (Retry(total=2, connect=None, read=None, redirect=None)) after connection broken by 'ConnectTimeoutError(<telegram.vendor.ptb_urllib3.urllib3.connectionpool.HTTPSConnectionPool object at 0x778da1fc6b30>, 'Connect timed out. (connect timeout=5.0)')': /bot8663400657:AAEbBqdhw4ZfHrU7JqCGlj2twvONKQLYnTs/getUpdates
WARNING 2026-07-21 21:45:00,030 connectionpool Retrying (Retry(total=1, connect=None, read=None, redirect=None)) after connection broken by 'ConnectTimeoutError(<telegram.vendor.ptb_urllib3.urllib3.connectionpool.HTTPSConnectionPool object at 0x778da1fc6b30>, 'Connect timed out. (connect timeout=5.0)')': /bot8663400657:AAEbBqdhw4ZfHrU7JqCGlj2twvONKQLYnTs/getUpdates
WARNING 2026-07-21 21:45:05,178 connectionpool Retrying (Retry(total=0, connect=None, read=None, redirect=None)) after connection broken by 'ConnectTimeoutError(<telegram.vendor.ptb_urllib3.urllib3.connectionpool.HTTPSConnectionPool object at 0x778da1fc6b30>, 'Connect timed out. (connect timeout=5.0)')': /bot8663400657:AAEbBqdhw4ZfHrU7JqCGlj2twvONKQLYnTs/getUpdates
ERROR 2026-07-21 21:45:10,394 updater Error while getting Updates: urllib3 HTTPError HTTPSConnectionPool(host='api.telegram.org', port=443): Max retries exceeded with url: /bot8663400657:AAEbBqdhw4ZfHrU7JqCGlj2twvONKQLYnTs/getUpdates (Caused by ConnectTimeoutError(<telegram.vendor.ptb_urllib3.urllib3.connectionpool.HTTPSConnectionPool object at 0x778da1fc6b30>, 'Connect timed out. (connect timeout=5.0)'))
ERROR 2026-07-21 21:45:10,399 dispatcher No error handlers are registered, logging exception.
Traceback (most recent call last):
  File "/usr/local/lib/python3.10/site-packages/telegram/vendor/ptb_urllib3/urllib3/connectionpool.py", line 360, in _make_request
    self._validate_conn(conn)
  File "/usr/local/lib/python3.10/site-packages/telegram/vendor/ptb_urllib3/urllib3/connectionpool.py", line 857, in _validate_conn
    super(HTTPSConnectionPool, self)._validate_conn(conn)
  File "/usr/local/lib/python3.10/site-packages/telegram/vendor/ptb_urllib3/urllib3/connectionpool.py", line 289, in _validate_conn
    conn.connect()
  File "/usr/local/lib/python3.10/site-packages/telegram/vendor/ptb_urllib3/urllib3/connection.py", line 319, in connect
    self.sock = ssl_wrap_socket(
  File "/usr/local/lib/python3.10/site-packages/telegram/vendor/ptb_urllib3/urllib3/util/ssl_.py", line 324, in ssl_wrap_socket
    return context.wrap_socket(sock, server_hostname=server_hostname)
  File "/usr/local/lib/python3.10/ssl.py", line 513, in wrap_socket
    return self.sslsocket_class._create(
  File "/usr/local/lib/python3.10/ssl.py", line 1104, in _create
    self.do_handshake()
  File "/usr/local/lib/python3.10/ssl.py", line 1375, in do_handshake
    self._sslobj.do_handshake()
TimeoutError: _ssl.c:1000: The handshake operation timed out

During handling of the above exception, another exception occurred:

Traceback (most recent call last):
  File "/usr/local/lib/python3.10/site-packages/telegram/vendor/ptb_urllib3/urllib3/connectionpool.py", line 614, in urlopen
    httplib_response = self._make_request(conn, method, url,
  File "/usr/local/lib/python3.10/site-packages/telegram/vendor/ptb_urllib3/urllib3/connectionpool.py", line 363, in _make_request
    self._raise_timeout(err=e, url=url, timeout_value=conn.timeout,
  File "/usr/local/lib/python3.10/site-packages/telegram/vendor/ptb_urllib3/urllib3/connectionpool.py", line 321, in _raise_timeout
    raise exc_cls(*args)
telegram.vendor.ptb_urllib3.urllib3.exceptions.ConnectTimeoutError: (<telegram.vendor.ptb_urllib3.urllib3.connectionpool.HTTPSConnectionPool object at 0x778da1fc6b30>, 'Connect timed out. (connect timeout=5.0)')

During handling of the above exception, another exception occurred:

Traceback (most recent call last):
  File "/usr/local/lib/python3.10/site-packages/telegram/utils/request.py", line 259, in _request_wrapper
    resp = self._con_pool.request(*args, **kwargs)
  File "/usr/local/lib/python3.10/site-packages/telegram/vendor/ptb_urllib3/urllib3/request.py", line 68, in request
    return self.request_encode_body(method, url, fields=fields,
  File "/usr/local/lib/python3.10/site-packages/telegram/vendor/ptb_urllib3/urllib3/request.py", line 148, in request_encode_body
    return self.urlopen(method, url, **extra_kw)
  File "/usr/local/lib/python3.10/site-packages/telegram/vendor/ptb_urllib3/urllib3/poolmanager.py", line 244, in urlopen
    response = conn.urlopen(method, u.request_uri, **kw)
  File "/usr/local/lib/python3.10/site-packages/telegram/vendor/ptb_urllib3/urllib3/connectionpool.py", line 691, in urlopen
    return self.urlopen(method, url, body, headers, retries,
  File "/usr/local/lib/python3.10/site-packages/telegram/vendor/ptb_urllib3/urllib3/connectionpool.py", line 691, in urlopen
    return self.urlopen(method, url, body, headers, retries,
  File "/usr/local/lib/python3.10/site-packages/telegram/vendor/ptb_urllib3/urllib3/connectionpool.py", line 691, in urlopen
    return self.urlopen(method, url, body, headers, retries,
  File "/usr/local/lib/python3.10/site-packages/telegram/vendor/ptb_urllib3/urllib3/connectionpool.py", line 665, in urlopen
    retries = retries.increment(method, url, error=e, _pool=self,
  File "/usr/local/lib/python3.10/site-packages/telegram/vendor/ptb_urllib3/urllib3/util/retry.py", line 376, in increment
    raise MaxRetryError(_pool, url, error or ResponseError(cause))
telegram.vendor.ptb_urllib3.urllib3.exceptions.MaxRetryError: HTTPSConnectionPool(host='api.telegram.org', port=443): Max retries exceeded with url: /bot8663400657:AAEbBqdhw4ZfHrU7JqCGlj2twvONKQLYnTs/getUpdates (Caused by ConnectTimeoutError(<telegram.vendor.ptb_urllib3.urllib3.connectionpool.HTTPSConnectionPool object at 0x778da1fc6b30>, 'Connect timed out. (connect timeout=5.0)'))

The above exception was the direct cause of the following exception:

Traceback (most recent call last):
  File "/usr/local/lib/python3.10/site-packages/telegram/ext/updater.py", line 651, in _network_loop_retry
    if not action_cb():
  File "/usr/local/lib/python3.10/site-packages/telegram/ext/updater.py", line 602, in polling_action_cb
    updates = self.bot.get_updates(
  File "/usr/local/lib/python3.10/site-packages/telegram/ext/extbot.py", line 228, in get_updates
    updates = super().get_updates(
  File "/usr/local/lib/python3.10/site-packages/telegram/bot.py", line 134, in decorator
    result = func(*args, **kwargs)
  File "/usr/local/lib/python3.10/site-packages/telegram/bot.py", line 3140, in get_updates
    self._post(
  File "/usr/local/lib/python3.10/site-packages/telegram/bot.py", line 299, in _post
    return self.request.post(
  File "/usr/local/lib/python3.10/site-packages/telegram/utils/request.py", line 361, in post
    result = self._request_wrapper(
  File "/usr/local/lib/python3.10/site-packages/telegram/utils/request.py", line 265, in _request_wrapper
    raise NetworkError(f'urllib3 HTTPError {error}') from error
telegram.error.NetworkError: urllib3 HTTPError HTTPSConnectionPool(host='api.telegram.org', port=443): Max retries exceeded with url: /bot8663400657:AAEbBqdhw4ZfHrU7JqCGlj2twvONKQLYnTs/getUpdates (Caused by ConnectTimeoutError(<telegram.vendor.ptb_urllib3.urllib3.connectionpool.HTTPSConnectionPool object at 0x778da1fc6b30>, 'Connect timed out. (connect timeout=5.0)'))
WARNING 2026-07-21 21:45:45,593 connectionpool Retrying (Retry(total=2, connect=None, read=None, redirect=None)) after connection broken by 'ConnectTimeoutError(<telegram.vendor.ptb_urllib3.urllib3.connectionpool.HTTPSConnectionPool object at 0x778da1fc6b30>, 'Connect timed out. (connect timeout=5.0)')': /bot8663400657:AAEbBqdhw4ZfHrU7JqCGlj2twvONKQLYnTs/getUpdates
WARNING 2026-07-21 21:45:50,740 connectionpool Retrying (Retry(total=1, connect=None, read=None, redirect=None)) after connection broken by 'ConnectTimeoutError(<telegram.vendor.ptb_urllib3.urllib3.connectionpool.HTTPSConnectionPool object at 0x778da1fc6b30>, 'Connect timed out. (connect timeout=5.0)')': /bot8663400657:AAEbBqdhw4ZfHrU7JqCGlj2twvONKQLYnTs/getUpdates
WARNING 2026-07-21 21:45:55,881 connectionpool Retrying (Retry(total=0, connect=None, read=None, redirect=None)) after connection broken by 'ConnectTimeoutError(<telegram.vendor.ptb_urllib3.urllib3.connectionpool.HTTPSConnectionPool object at 0x778da1fc6b30>, 'Connect timed out. (connect timeout=5.0)')': /bot8663400657:AAEbBqdhw4ZfHrU7JqCGlj2twvONKQLYnTs/getUpdates
ERROR 2026-07-21 21:46:01,048 updater Error while getting Updates: urllib3 HTTPError HTTPSConnectionPool(host='api.telegram.org', port=443): Max retries exceeded with url: /bot8663400657:AAEbBqdhw4ZfHrU7JqCGlj2twvONKQLYnTs/getUpdates (Caused by ConnectTimeoutError(<telegram.vendor.ptb_urllib3.urllib3.connectionpool.HTTPSConnectionPool object at 0x778da1fc6b30>, 'Connect timed out. (connect timeout=5.0)'))
ERROR 2026-07-21 21:46:01,052 dispatcher No error handlers are registered, logging exception.
Traceback (most recent call last):
  File "/usr/local/lib/python3.10/site-packages/telegram/vendor/ptb_urllib3/urllib3/connectionpool.py", line 360, in _make_request
    self._validate_conn(conn)
  File "/usr/local/lib/python3.10/site-packages/telegram/vendor/ptb_urllib3/urllib3/connectionpool.py", line 857, in _validate_conn
    super(HTTPSConnectionPool, self)._validate_conn(conn)
  File "/usr/local/lib/python3.10/site-packages/telegram/vendor/ptb_urllib3/urllib3/connectionpool.py", line 289, in _validate_conn
    conn.connect()
  File "/usr/local/lib/python3.10/site-packages/telegram/vendor/ptb_urllib3/urllib3/connection.py", line 319, in connect
    self.sock = ssl_wrap_socket(
  File "/usr/local/lib/python3.10/site-packages/telegram/vendor/ptb_urllib3/urllib3/util/ssl_.py", line 324, in ssl_wrap_socket
    return context.wrap_socket(sock, server_hostname=server_hostname)
  File "/usr/local/lib/python3.10/ssl.py", line 513, in wrap_socket
    return self.sslsocket_class._create(
  File "/usr/local/lib/python3.10/ssl.py", line 1104, in _create
    self.do_handshake()
  File "/usr/local/lib/python3.10/ssl.py", line 1375, in do_handshake
    self._sslobj.do_handshake()
TimeoutError: _ssl.c:1000: The handshake operation timed out

During handling of the above exception, another exception occurred:

Traceback (most recent call last):
  File "/usr/local/lib/python3.10/site-packages/telegram/vendor/ptb_urllib3/urllib3/connectionpool.py", line 614, in urlopen
    httplib_response = self._make_request(conn, method, url,
  File "/usr/local/lib/python3.10/site-packages/telegram/vendor/ptb_urllib3/urllib3/connectionpool.py", line 363, in _make_request
    self._raise_timeout(err=e, url=url, timeout_value=conn.timeout,
  File "/usr/local/lib/python3.10/site-packages/telegram/vendor/ptb_urllib3/urllib3/connectionpool.py", line 321, in _raise_timeout
    raise exc_cls(*args)
telegram.vendor.ptb_urllib3.urllib3.exceptions.ConnectTimeoutError: (<telegram.vendor.ptb_urllib3.urllib3.connectionpool.HTTPSConnectionPool object at 0x778da1fc6b30>, 'Connect timed out. (connect timeout=5.0)')

During handling of the above exception, another exception occurred:

Traceback (most recent call last):
  File "/usr/local/lib/python3.10/site-packages/telegram/utils/request.py", line 259, in _request_wrapper
    resp = self._con_pool.request(*args, **kwargs)
  File "/usr/local/lib/python3.10/site-packages/telegram/vendor/ptb_urllib3/urllib3/request.py", line 68, in request
    return self.request_encode_body(method, url, fields=fields,
  File "/usr/local/lib/python3.10/site-packages/telegram/vendor/ptb_urllib3/urllib3/request.py", line 148, in request_encode_body
    return self.urlopen(method, url, **extra_kw)
  File "/usr/local/lib/python3.10/site-packages/telegram/vendor/ptb_urllib3/urllib3/poolmanager.py", line 244, in urlopen
    response = conn.urlopen(method, u.request_uri, **kw)
  File "/usr/local/lib/python3.10/site-packages/telegram/vendor/ptb_urllib3/urllib3/connectionpool.py", line 691, in urlopen
    return self.urlopen(method, url, body, headers, retries,
  File "/usr/local/lib/python3.10/site-packages/telegram/vendor/ptb_urllib3/urllib3/connectionpool.py", line 691, in urlopen
    return self.urlopen(method, url, body, headers, retries,
  File "/usr/local/lib/python3.10/site-packages/telegram/vendor/ptb_urllib3/urllib3/connectionpool.py", line 691, in urlopen
    return self.urlopen(method, url, body, headers, retries,
  File "/usr/local/lib/python3.10/site-packages/telegram/vendor/ptb_urllib3/urllib3/connectionpool.py", line 665, in urlopen
    retries = retries.increment(method, url, error=e, _pool=self,
  File "/usr/local/lib/python3.10/site-packages/telegram/vendor/ptb_urllib3/urllib3/util/retry.py", line 376, in increment
    raise MaxRetryError(_pool, url, error or ResponseError(cause))
telegram.vendor.ptb_urllib3.urllib3.exceptions.MaxRetryError: HTTPSConnectionPool(host='api.telegram.org', port=443): Max retries exceeded with url: /bot8663400657:AAEbBqdhw4ZfHrU7JqCGlj2twvONKQLYnTs/getUpdates (Caused by ConnectTimeoutError(<telegram.vendor.ptb_urllib3.urllib3.connectionpool.HTTPSConnectionPool object at 0x778da1fc6b30>, 'Connect timed out. (connect timeout=5.0)'))

The above exception was the direct cause of the following exception:

Traceback (most recent call last):
  File "/usr/local/lib/python3.10/site-packages/telegram/ext/updater.py", line 651, in _network_loop_retry
    if not action_cb():
  File "/usr/local/lib/python3.10/site-packages/telegram/ext/updater.py", line 602, in polling_action_cb
    updates = self.bot.get_updates(
  File "/usr/local/lib/python3.10/site-packages/telegram/ext/extbot.py", line 228, in get_updates
    updates = super().get_updates(
  File "/usr/local/lib/python3.10/site-packages/telegram/bot.py", line 134, in decorator
    result = func(*args, **kwargs)
  File "/usr/local/lib/python3.10/site-packages/telegram/bot.py", line 3140, in get_updates
    self._post(
  File "/usr/local/lib/python3.10/site-packages/telegram/bot.py", line 299, in _post
    return self.request.post(
  File "/usr/local/lib/python3.10/site-packages/telegram/utils/request.py", line 361, in post
    result = self._request_wrapper(
  File "/usr/local/lib/python3.10/site-packages/telegram/utils/request.py", line 265, in _request_wrapper
    raise NetworkError(f'urllib3 HTTPError {error}') from error
telegram.error.NetworkError: urllib3 HTTPError HTTPSConnectionPool(host='api.telegram.org', port=443): Max retries exceeded with url: /bot8663400657:AAEbBqdhw4ZfHrU7JqCGlj2twvONKQLYnTs/getUpdates (Caused by ConnectTimeoutError(<telegram.vendor.ptb_urllib3.urllib3.connectionpool.HTTPSConnectionPool object at 0x778da1fc6b30>, 'Connect timed out. (connect timeout=5.0)'))
WARNING 2026-07-21 21:46:36,229 connectionpool Retrying (Retry(total=2, connect=None, read=None, redirect=None)) after connection broken by 'ConnectTimeoutError(<telegram.vendor.ptb_urllib3.urllib3.connectionpool.HTTPSConnectionPool object at 0x778da1fc6b30>, 'Connect timed out. (connect timeout=5.0)')': /bot8663400657:AAEbBqdhw4ZfHrU7JqCGlj2twvONKQLYnTs/getUpdates
WARNING 2026-07-21 21:46:41,370 connectionpool Retrying (Retry(total=1, connect=None, read=None, redirect=None)) after connection broken by 'ConnectTimeoutError(<telegram.vendor.ptb_urllib3.urllib3.connectionpool.HTTPSConnectionPool object at 0x778da1fc6b30>, 'Connect timed out. (connect timeout=5.0)')': /bot8663400657:AAEbBqdhw4ZfHrU7JqCGlj2twvONKQLYnTs/getUpdates
WARNING 2026-07-21 21:46:46,510 connectionpool Retrying (Retry(total=0, connect=None, read=None, redirect=None)) after connection broken by 'ConnectTimeoutError(<telegram.vendor.ptb_urllib3.urllib3.connectionpool.HTTPSConnectionPool object at 0x778da1fc6b30>, 'Connect timed out. (connect timeout=5.0)')': /bot8663400657:AAEbBqdhw4ZfHrU7JqCGlj2twvONKQLYnTs/getUpdates
ERROR 2026-07-21 21:46:51,655 updater Error while getting Updates: urllib3 HTTPError HTTPSConnectionPool(host='api.telegram.org', port=443): Max retries exceeded with url: /bot8663400657:AAEbBqdhw4ZfHrU7JqCGlj2twvONKQLYnTs/getUpdates (Caused by ConnectTimeoutError(<telegram.vendor.ptb_urllib3.urllib3.connectionpool.HTTPSConnectionPool object at 0x778da1fc6b30>, 'Connect timed out. (connect timeout=5.0)'))
ERROR 2026-07-21 21:46:51,659 dispatcher No error handlers are registered, logging exception.
Traceback (most recent call last):
  File "/usr/local/lib/python3.10/site-packages/telegram/vendor/ptb_urllib3/urllib3/connectionpool.py", line 360, in _make_request
    self._validate_conn(conn)
  File "/usr/local/lib/python3.10/site-packages/telegram/vendor/ptb_urllib3/urllib3/connectionpool.py", line 857, in _validate_conn
    super(HTTPSConnectionPool, self)._validate_conn(conn)
  File "/usr/local/lib/python3.10/site-packages/telegram/vendor/ptb_urllib3/urllib3/connectionpool.py", line 289, in _validate_conn
    conn.connect()
  File "/usr/local/lib/python3.10/site-packages/telegram/vendor/ptb_urllib3/urllib3/connection.py", line 319, in connect
    self.sock = ssl_wrap_socket(
  File "/usr/local/lib/python3.10/site-packages/telegram/vendor/ptb_urllib3/urllib3/util/ssl_.py", line 324, in ssl_wrap_socket
    return context.wrap_socket(sock, server_hostname=server_hostname)
  File "/usr/local/lib/python3.10/ssl.py", line 513, in wrap_socket
    return self.sslsocket_class._create(
  File "/usr/local/lib/python3.10/ssl.py", line 1104, in _create
    self.do_handshake()
  File "/usr/local/lib/python3.10/ssl.py", line 1375, in do_handshake
    self._sslobj.do_handshake()
TimeoutError: _ssl.c:1000: The handshake operation timed out

During handling of the above exception, another exception occurred:

Traceback (most recent call last):
  File "/usr/local/lib/python3.10/site-packages/telegram/vendor/ptb_urllib3/urllib3/connectionpool.py", line 614, in urlopen
    httplib_response = self._make_request(conn, method, url,
  File "/usr/local/lib/python3.10/site-packages/telegram/vendor/ptb_urllib3/urllib3/connectionpool.py", line 363, in _make_request
    self._raise_timeout(err=e, url=url, timeout_value=conn.timeout,
  File "/usr/local/lib/python3.10/site-packages/telegram/vendor/ptb_urllib3/urllib3/connectionpool.py", line 321, in _raise_timeout
    raise exc_cls(*args)
telegram.vendor.ptb_urllib3.urllib3.exceptions.ConnectTimeoutError: (<telegram.vendor.ptb_urllib3.urllib3.connectionpool.HTTPSConnectionPool object at 0x778da1fc6b30>, 'Connect timed out. (connect timeout=5.0)')

During handling of the above exception, another exception occurred:

Traceback (most recent call last):
  File "/usr/local/lib/python3.10/site-packages/telegram/utils/request.py", line 259, in _request_wrapper
    resp = self._con_pool.request(*args, **kwargs)
  File "/usr/local/lib/python3.10/site-packages/telegram/vendor/ptb_urllib3/urllib3/request.py", line 68, in request
    return self.request_encode_body(method, url, fields=fields,
  File "/usr/local/lib/python3.10/site-packages/telegram/vendor/ptb_urllib3/urllib3/request.py", line 148, in request_encode_body
    return self.urlopen(method, url, **extra_kw)
  File "/usr/local/lib/python3.10/site-packages/telegram/vendor/ptb_urllib3/urllib3/poolmanager.py", line 244, in urlopen
    response = conn.urlopen(method, u.request_uri, **kw)
  File "/usr/local/lib/python3.10/site-packages/telegram/vendor/ptb_urllib3/urllib3/connectionpool.py", line 691, in urlopen
    return self.urlopen(method, url, body, headers, retries,
  File "/usr/local/lib/python3.10/site-packages/telegram/vendor/ptb_urllib3/urllib3/connectionpool.py", line 691, in urlopen
    return self.urlopen(method, url, body, headers, retries,
  File "/usr/local/lib/python3.10/site-packages/telegram/vendor/ptb_urllib3/urllib3/connectionpool.py", line 691, in urlopen
    return self.urlopen(method, url, body, headers, retries,
  File "/usr/local/lib/python3.10/site-packages/telegram/vendor/ptb_urllib3/urllib3/connectionpool.py", line 665, in urlopen
    retries = retries.increment(method, url, error=e, _pool=self,
  File "/usr/local/lib/python3.10/site-packages/telegram/vendor/ptb_urllib3/urllib3/util/retry.py", line 376, in increment
    raise MaxRetryError(_pool, url, error or ResponseError(cause))
telegram.vendor.ptb_urllib3.urllib3.exceptions.MaxRetryError: HTTPSConnectionPool(host='api.telegram.org', port=443): Max retries exceeded with url: /bot8663400657:AAEbBqdhw4ZfHrU7JqCGlj2twvONKQLYnTs/getUpdates (Caused by ConnectTimeoutError(<telegram.vendor.ptb_urllib3.urllib3.connectionpool.HTTPSConnectionPool object at 0x778da1fc6b30>, 'Connect timed out. (connect timeout=5.0)'))

The above exception was the direct cause of the following exception:

Traceback (most recent call last):
  File "/usr/local/lib/python3.10/site-packages/telegram/ext/updater.py", line 651, in _network_loop_retry
    if not action_cb():
  File "/usr/local/lib/python3.10/site-packages/telegram/ext/updater.py", line 602, in polling_action_cb
    updates = self.bot.get_updates(
  File "/usr/local/lib/python3.10/site-packages/telegram/ext/extbot.py", line 228, in get_updates
    updates = super().get_updates(
  File "/usr/local/lib/python3.10/site-packages/telegram/bot.py", line 134, in decorator
    result = func(*args, **kwargs)
  File "/usr/local/lib/python3.10/site-packages/telegram/bot.py", line 3140, in get_updates
    self._post(
  File "/usr/local/lib/python3.10/site-packages/telegram/bot.py", line 299, in _post
    return self.request.post(
  File "/usr/local/lib/python3.10/site-packages/telegram/utils/request.py", line 361, in post
    result = self._request_wrapper(
  File "/usr/local/lib/python3.10/site-packages/telegram/utils/request.py", line 265, in _request_wrapper
    raise NetworkError(f'urllib3 HTTPError {error}') from error
telegram.error.NetworkError: urllib3 HTTPError HTTPSConnectionPool(host='api.telegram.org', port=443): Max retries exceeded with url: /bot8663400657:AAEbBqdhw4ZfHrU7JqCGlj2twvONKQLYnTs/getUpdates (Caused by ConnectTimeoutError(<telegram.vendor.ptb_urllib3.urllib3.connectionpool.HTTPSConnectionPool object at 0x778da1fc6b30>, 'Connect timed out. (connect timeout=5.0)'))
WARNING 2026-07-21 21:47:26,892 connectionpool Retrying (Retry(total=2, connect=None, read=None, redirect=None)) after connection broken by 'ConnectTimeoutError(<telegram.vendor.ptb_urllib3.urllib3.connectionpool.HTTPSConnectionPool object at 0x778da1fc6b30>, 'Connect timed out. (connect timeout=5.0)')': /bot8663400657:AAEbBqdhw4ZfHrU7JqCGlj2twvONKQLYnTs/getUpdates
WARNING 2026-07-21 21:47:32,024 connectionpool Retrying (Retry(total=1, connect=None, read=None, redirect=None)) after connection broken by 'ConnectTimeoutError(<telegram.vendor.ptb_urllib3.urllib3.connectionpool.HTTPSConnectionPool object at 0x778da1fc6b30>, 'Connect timed out. (connect timeout=5.0)')': /bot8663400657:AAEbBqdhw4ZfHrU7JqCGlj2twvONKQLYnTs/getUpdates
WARNING 2026-07-21 21:47:37,154 connectionpool Retrying (Retry(total=0, connect=None, read=None, redirect=None)) after connection broken by 'ConnectTimeoutError(<telegram.vendor.ptb_urllib3.urllib3.connectionpool.HTTPSConnectionPool object at 0x778da1fc6b30>, 'Connect timed out. (connect timeout=5.0)')': /bot8663400657:AAEbBqdhw4ZfHrU7JqCGlj2twvONKQLYnTs/getUpdates
ERROR 2026-07-21 21:47:42,294 updater Error while getting Updates: urllib3 HTTPError HTTPSConnectionPool(host='api.telegram.org', port=443): Max retries exceeded with url: /bot8663400657:AAEbBqdhw4ZfHrU7JqCGlj2twvONKQLYnTs/getUpdates (Caused by ConnectTimeoutError(<telegram.vendor.ptb_urllib3.urllib3.connectionpool.HTTPSConnectionPool object at 0x778da1fc6b30>, 'Connect timed out. (connect timeout=5.0)'))
ERROR 2026-07-21 21:47:42,297 dispatcher No error handlers are registered, logging exception.
Traceback (most recent call last):
  File "/usr/local/lib/python3.10/site-packages/telegram/vendor/ptb_urllib3/urllib3/connectionpool.py", line 360, in _make_request
    self._validate_conn(conn)
  File "/usr/local/lib/python3.10/site-packages/telegram/vendor/ptb_urllib3/urllib3/connectionpool.py", line 857, in _validate_conn
    super(HTTPSConnectionPool, self)._validate_conn(conn)
  File "/usr/local/lib/python3.10/site-packages/telegram/vendor/ptb_urllib3/urllib3/connectionpool.py", line 289, in _validate_conn
    conn.connect()
  File "/usr/local/lib/python3.10/site-packages/telegram/vendor/ptb_urllib3/urllib3/connection.py", line 319, in connect
    self.sock = ssl_wrap_socket(
  File "/usr/local/lib/python3.10/site-packages/telegram/vendor/ptb_urllib3/urllib3/util/ssl_.py", line 324, in ssl_wrap_socket
    return context.wrap_socket(sock, server_hostname=server_hostname)
  File "/usr/local/lib/python3.10/ssl.py", line 513, in wrap_socket
    return self.sslsocket_class._create(
  File "/usr/local/lib/python3.10/ssl.py", line 1104, in _create
    self.do_handshake()
  File "/usr/local/lib/python3.10/ssl.py", line 1375, in do_handshake
    self._sslobj.do_handshake()
TimeoutError: _ssl.c:1000: The handshake operation timed out

During handling of the above exception, another exception occurred:

Traceback (most recent call last):
  File "/usr/local/lib/python3.10/site-packages/telegram/vendor/ptb_urllib3/urllib3/connectionpool.py", line 614, in urlopen
    httplib_response = self._make_request(conn, method, url,
  File "/usr/local/lib/python3.10/site-packages/telegram/vendor/ptb_urllib3/urllib3/connectionpool.py", line 363, in _make_request
    self._raise_timeout(err=e, url=url, timeout_value=conn.timeout,
  File "/usr/local/lib/python3.10/site-packages/telegram/vendor/ptb_urllib3/urllib3/connectionpool.py", line 321, in _raise_timeout
    raise exc_cls(*args)
telegram.vendor.ptb_urllib3.urllib3.exceptions.ConnectTimeoutError: (<telegram.vendor.ptb_urllib3.urllib3.connectionpool.HTTPSConnectionPool object at 0x778da1fc6b30>, 'Connect timed out. (connect timeout=5.0)')

During handling of the above exception, another exception occurred:

Traceback (most recent call last):
  File "/usr/local/lib/python3.10/site-packages/telegram/utils/request.py", line 259, in _request_wrapper
    resp = self._con_pool.request(*args, **kwargs)
  File "/usr/local/lib/python3.10/site-packages/telegram/vendor/ptb_urllib3/urllib3/request.py", line 68, in request
    return self.request_encode_body(method, url, fields=fields,
  File "/usr/local/lib/python3.10/site-packages/telegram/vendor/ptb_urllib3/urllib3/request.py", line 148, in request_encode_body
    return self.urlopen(method, url, **extra_kw)
  File "/usr/local/lib/python3.10/site-packages/telegram/vendor/ptb_urllib3/urllib3/poolmanager.py", line 244, in urlopen
    response = conn.urlopen(method, u.request_uri, **kw)
  File "/usr/local/lib/python3.10/site-packages/telegram/vendor/ptb_urllib3/urllib3/connectionpool.py", line 691, in urlopen
    return self.urlopen(method, url, body, headers, retries,
  File "/usr/local/lib/python3.10/site-packages/telegram/vendor/ptb_urllib3/urllib3/connectionpool.py", line 691, in urlopen
    return self.urlopen(method, url, body, headers, retries,
  File "/usr/local/lib/python3.10/site-packages/telegram/vendor/ptb_urllib3/urllib3/connectionpool.py", line 691, in urlopen
    return self.urlopen(method, url, body, headers, retries,
  File "/usr/local/lib/python3.10/site-packages/telegram/vendor/ptb_urllib3/urllib3/connectionpool.py", line 665, in urlopen
    retries = retries.increment(method, url, error=e, _pool=self,
  File "/usr/local/lib/python3.10/site-packages/telegram/vendor/ptb_urllib3/urllib3/util/retry.py", line 376, in increment
    raise MaxRetryError(_pool, url, error or ResponseError(cause))
telegram.vendor.ptb_urllib3.urllib3.exceptions.MaxRetryError: HTTPSConnectionPool(host='api.telegram.org', port=443): Max retries exceeded with url: /bot8663400657:AAEbBqdhw4ZfHrU7JqCGlj2twvONKQLYnTs/getUpdates (Caused by ConnectTimeoutError(<telegram.vendor.ptb_urllib3.urllib3.connectionpool.HTTPSConnectionPool object at 0x778da1fc6b30>, 'Connect timed out. (connect timeout=5.0)'))

The above exception was the direct cause of the following exception:

Traceback (most recent call last):
  File "/usr/local/lib/python3.10/site-packages/telegram/ext/updater.py", line 651, in _network_loop_retry
    if not action_cb():
  File "/usr/local/lib/python3.10/site-packages/telegram/ext/updater.py", line 602, in polling_action_cb
    updates = self.bot.get_updates(
  File "/usr/local/lib/python3.10/site-packages/telegram/ext/extbot.py", line 228, in get_updates
    updates = super().get_updates(
  File "/usr/local/lib/python3.10/site-packages/telegram/bot.py", line 134, in decorator
    result = func(*args, **kwargs)
  File "/usr/local/lib/python3.10/site-packages/telegram/bot.py", line 3140, in get_updates
    self._post(
  File "/usr/local/lib/python3.10/site-packages/telegram/bot.py", line 299, in _post
    return self.request.post(
  File "/usr/local/lib/python3.10/site-packages/telegram/utils/request.py", line 361, in post
    result = self._request_wrapper(
  File "/usr/local/lib/python3.10/site-packages/telegram/utils/request.py", line 265, in _request_wrapper
    raise NetworkError(f'urllib3 HTTPError {error}') from error
telegram.error.NetworkError: urllib3 HTTPError HTTPSConnectionPool(host='api.telegram.org', port=443): Max retries exceeded with url: /bot8663400657:AAEbBqdhw4ZfHrU7JqCGlj2twvONKQLYnTs/getUpdates (Caused by ConnectTimeoutError(<telegram.vendor.ptb_urllib3.urllib3.connectionpool.HTTPSConnectionPool object at 0x778da1fc6b30>, 'Connect timed out. (connect timeout=5.0)'))
WARNING 2026-07-21 21:48:17,499 connectionpool Retrying (Retry(total=2, connect=None, read=None, redirect=None)) after connection broken by 'ConnectTimeoutError(<telegram.vendor.ptb_urllib3.urllib3.connectionpool.HTTPSConnectionPool object at 0x778da1fc6b30>, 'Connect timed out. (connect timeout=5.0)')': /bot8663400657:AAEbBqdhw4ZfHrU7JqCGlj2twvONKQLYnTs/getUpdates
WARNING 2026-07-21 21:48:22,631 connectionpool Retrying (Retry(total=1, connect=None, read=None, redirect=None)) after connection broken by 'ConnectTimeoutError(<telegram.vendor.ptb_urllib3.urllib3.connectionpool.HTTPSConnectionPool object at 0x778da1fc6b30>, 'Connect timed out. (connect timeout=5.0)')': /bot8663400657:AAEbBqdhw4ZfHrU7JqCGlj2twvONKQLYnTs/getUpdates
WARNING 2026-07-21 21:48:50,271 connectionpool Retrying (Retry(total=2, connect=None, read=None, redirect=None)) after connection broken by 'ConnectTimeoutError(<telegram.vendor.ptb_urllib3.urllib3.connection.VerifiedHTTPSConnection object at 0x778da1fc4730>, 'Connection to api.telegram.org timed out. (connect timeout=5.0)')': /bot8663400657:AAEbBqdhw4ZfHrU7JqCGlj2twvONKQLYnTs/getUpdates
WARNING 2026-07-21 21:48:55,290 connectionpool Retrying (Retry(total=1, connect=None, read=None, redirect=None)) after connection broken by 'ConnectTimeoutError(<telegram.vendor.ptb_urllib3.urllib3.connection.VerifiedHTTPSConnection object at 0x778da1fc42b0>, 'Connection to api.telegram.org timed out. (connect timeout=5.0)')': /bot8663400657:AAEbBqdhw4ZfHrU7JqCGlj2twvONKQLYnTs/getUpdates
WARNING 2026-07-21 21:49:00,311 connectionpool Retrying (Retry(total=0, connect=None, read=None, redirect=None)) after connection broken by 'ConnectTimeoutError(<telegram.vendor.ptb_urllib3.urllib3.connection.VerifiedHTTPSConnection object at 0x778da1fc4ee0>, 'Connection to api.telegram.org timed out. (connect timeout=5.0)')': /bot8663400657:AAEbBqdhw4ZfHrU7JqCGlj2twvONKQLYnTs/getUpdates
ERROR 2026-07-21 21:49:05,358 updater Error while getting Updates: urllib3 HTTPError HTTPSConnectionPool(host='api.telegram.org', port=443): Max retries exceeded with url: /bot8663400657:AAEbBqdhw4ZfHrU7JqCGlj2twvONKQLYnTs/getUpdates (Caused by ConnectTimeoutError(<telegram.vendor.ptb_urllib3.urllib3.connection.VerifiedHTTPSConnection object at 0x778da1fc4f10>, 'Connection to api.telegram.org timed out. (connect timeout=5.0)'))
ERROR 2026-07-21 21:49:05,373 dispatcher No error handlers are registered, logging exception.
Traceback (most recent call last):
  File "/usr/local/lib/python3.10/site-packages/telegram/vendor/ptb_urllib3/urllib3/connection.py", line 140, in _new_conn
    conn = connection.create_connection(
  File "/usr/local/lib/python3.10/site-packages/telegram/vendor/ptb_urllib3/urllib3/util/connection.py", line 83, in create_connection
    raise err
  File "/usr/local/lib/python3.10/site-packages/telegram/vendor/ptb_urllib3/urllib3/util/connection.py", line 73, in create_connection
    sock.connect(sa)
TimeoutError: timed out

During handling of the above exception, another exception occurred:

Traceback (most recent call last):
  File "/usr/local/lib/python3.10/site-packages/telegram/vendor/ptb_urllib3/urllib3/connectionpool.py", line 614, in urlopen
    httplib_response = self._make_request(conn, method, url,
  File "/usr/local/lib/python3.10/site-packages/telegram/vendor/ptb_urllib3/urllib3/connectionpool.py", line 360, in _make_request
    self._validate_conn(conn)
  File "/usr/local/lib/python3.10/site-packages/telegram/vendor/ptb_urllib3/urllib3/connectionpool.py", line 857, in _validate_conn
    super(HTTPSConnectionPool, self)._validate_conn(conn)
  File "/usr/local/lib/python3.10/site-packages/telegram/vendor/ptb_urllib3/urllib3/connectionpool.py", line 289, in _validate_conn
    conn.connect()
  File "/usr/local/lib/python3.10/site-packages/telegram/vendor/ptb_urllib3/urllib3/connection.py", line 284, in connect
    conn = self._new_conn()
  File "/usr/local/lib/python3.10/site-packages/telegram/vendor/ptb_urllib3/urllib3/connection.py", line 144, in _new_conn
    raise ConnectTimeoutError(
telegram.vendor.ptb_urllib3.urllib3.exceptions.ConnectTimeoutError: (<telegram.vendor.ptb_urllib3.urllib3.connection.VerifiedHTTPSConnection object at 0x778da1fc4f10>, 'Connection to api.telegram.org timed out. (connect timeout=5.0)')

During handling of the above exception, another exception occurred:

Traceback (most recent call last):
  File "/usr/local/lib/python3.10/site-packages/telegram/utils/request.py", line 259, in _request_wrapper
    resp = self._con_pool.request(*args, **kwargs)
  File "/usr/local/lib/python3.10/site-packages/telegram/vendor/ptb_urllib3/urllib3/request.py", line 68, in request
    return self.request_encode_body(method, url, fields=fields,
  File "/usr/local/lib/python3.10/site-packages/telegram/vendor/ptb_urllib3/urllib3/request.py", line 148, in request_encode_body
    return self.urlopen(method, url, **extra_kw)
  File "/usr/local/lib/python3.10/site-packages/telegram/vendor/ptb_urllib3/urllib3/poolmanager.py", line 244, in urlopen
    response = conn.urlopen(method, u.request_uri, **kw)
  File "/usr/local/lib/python3.10/site-packages/telegram/vendor/ptb_urllib3/urllib3/connectionpool.py", line 691, in urlopen
    return self.urlopen(method, url, body, headers, retries,
  File "/usr/local/lib/python3.10/site-packages/telegram/vendor/ptb_urllib3/urllib3/connectionpool.py", line 691, in urlopen
    return self.urlopen(method, url, body, headers, retries,
  File "/usr/local/lib/python3.10/site-packages/telegram/vendor/ptb_urllib3/urllib3/connectionpool.py", line 691, in urlopen
    return self.urlopen(method, url, body, headers, retries,
  File "/usr/local/lib/python3.10/site-packages/telegram/vendor/ptb_urllib3/urllib3/connectionpool.py", line 665, in urlopen
    retries = retries.increment(method, url, error=e, _pool=self,
  File "/usr/local/lib/python3.10/site-packages/telegram/vendor/ptb_urllib3/urllib3/util/retry.py", line 376, in increment
    raise MaxRetryError(_pool, url, error or ResponseError(cause))
telegram.vendor.ptb_urllib3.urllib3.exceptions.MaxRetryError: HTTPSConnectionPool(host='api.telegram.org', port=443): Max retries exceeded with url: /bot8663400657:AAEbBqdhw4ZfHrU7JqCGlj2twvONKQLYnTs/getUpdates (Caused by ConnectTimeoutError(<telegram.vendor.ptb_urllib3.urllib3.connection.VerifiedHTTPSConnection object at 0x778da1fc4f10>, 'Connection to api.telegram.org timed out. (connect timeout=5.0)'))

The above exception was the direct cause of the following exception:

Traceback (most recent call last):
  File "/usr/local/lib/python3.10/site-packages/telegram/ext/updater.py", line 651, in _network_loop_retry
    if not action_cb():
  File "/usr/local/lib/python3.10/site-packages/telegram/ext/updater.py", line 602, in polling_action_cb
    updates = self.bot.get_updates(
  File "/usr/local/lib/python3.10/site-packages/telegram/ext/extbot.py", line 228, in get_updates
    updates = super().get_updates(
  File "/usr/local/lib/python3.10/site-packages/telegram/bot.py", line 134, in decorator
    result = func(*args, **kwargs)
  File "/usr/local/lib/python3.10/site-packages/telegram/bot.py", line 3140, in get_updates
    self._post(
  File "/usr/local/lib/python3.10/site-packages/telegram/bot.py", line 299, in _post
    return self.request.post(
  File "/usr/local/lib/python3.10/site-packages/telegram/utils/request.py", line 361, in post
    result = self._request_wrapper(
  File "/usr/local/lib/python3.10/site-packages/telegram/utils/request.py", line 265, in _request_wrapper
    raise NetworkError(f'urllib3 HTTPError {error}') from error
telegram.error.NetworkError: urllib3 HTTPError HTTPSConnectionPool(host='api.telegram.org', port=443): Max retries exceeded with url: /bot8663400657:AAEbBqdhw4ZfHrU7JqCGlj2twvONKQLYnTs/getUpdates (Caused by ConnectTimeoutError(<telegram.vendor.ptb_urllib3.urllib3.connection.VerifiedHTTPSConnection object at 0x778da1fc4f10>, 'Connection to api.telegram.org timed out. (connect timeout=5.0)'))
WARNING 2026-07-21 21:49:11,773 connectionpool Retrying (Retry(total=2, connect=None, read=None, redirect=None)) after connection broken by 'ConnectTimeoutError(<telegram.vendor.ptb_urllib3.urllib3.connection.VerifiedHTTPSConnection object at 0x778da1fc4430>, 'Connection to api.telegram.org timed out. (connect timeout=5.0)')': /bot8663400657:AAEbBqdhw4ZfHrU7JqCGlj2twvONKQLYnTs/getUpdates
WARNING 2026-07-21 21:49:17,191 connectionpool Retrying (Retry(total=1, connect=None, read=None, redirect=None)) after connection broken by 'ConnectTimeoutError(<telegram.vendor.ptb_urllib3.urllib3.connection.VerifiedHTTPSConnection object at 0x778da1fc4af0>, 'Connection to api.telegram.org timed out. (connect timeout=5.0)')': /bot8663400657:AAEbBqdhw4ZfHrU7JqCGlj2twvONKQLYnTs/getUpdates
WARNING 2026-07-21 21:49:17,530 connectionpool Retrying (Retry(total=0, connect=None, read=None, redirect=None)) after connection broken by 'NewConnectionError('<telegram.vendor.ptb_urllib3.urllib3.connection.VerifiedHTTPSConnection object at 0x778da1fc4760>: Failed to establish a new connection: [Errno -2] Name or service not known')': /bot8663400657:AAEbBqdhw4ZfHrU7JqCGlj2twvONKQLYnTs/getUpdates
ERROR 2026-07-21 21:49:17,541 updater Error while getting Updates: urllib3 HTTPError HTTPSConnectionPool(host='api.telegram.org', port=443): Max retries exceeded with url: /bot8663400657:AAEbBqdhw4ZfHrU7JqCGlj2twvONKQLYnTs/getUpdates (Caused by NewConnectionError('<telegram.vendor.ptb_urllib3.urllib3.connection.VerifiedHTTPSConnection object at 0x778da27cb760>: Failed to establish a new connection: [Errno -2] Name or service not known'))
ERROR 2026-07-21 21:49:17,546 dispatcher No error handlers are registered, logging exception.
Traceback (most recent call last):
  File "/usr/local/lib/python3.10/site-packages/telegram/vendor/ptb_urllib3/urllib3/connection.py", line 140, in _new_conn
    conn = connection.create_connection(
  File "/usr/local/lib/python3.10/site-packages/telegram/vendor/ptb_urllib3/urllib3/util/connection.py", line 60, in create_connection
    for res in socket.getaddrinfo(host, port, family, socket.SOCK_STREAM):
  File "/usr/local/lib/python3.10/socket.py", line 967, in getaddrinfo
    for res in _socket.getaddrinfo(host, port, family, type, proto, flags):
socket.gaierror: [Errno -2] Name or service not known

During handling of the above exception, another exception occurred:

Traceback (most recent call last):
  File "/usr/local/lib/python3.10/site-packages/telegram/vendor/ptb_urllib3/urllib3/connectionpool.py", line 614, in urlopen
    httplib_response = self._make_request(conn, method, url,
  File "/usr/local/lib/python3.10/site-packages/telegram/vendor/ptb_urllib3/urllib3/connectionpool.py", line 360, in _make_request
    self._validate_conn(conn)
  File "/usr/local/lib/python3.10/site-packages/telegram/vendor/ptb_urllib3/urllib3/connectionpool.py", line 857, in _validate_conn
    super(HTTPSConnectionPool, self)._validate_conn(conn)
  File "/usr/local/lib/python3.10/site-packages/telegram/vendor/ptb_urllib3/urllib3/connectionpool.py", line 289, in _validate_conn
    conn.connect()
  File "/usr/local/lib/python3.10/site-packages/telegram/vendor/ptb_urllib3/urllib3/connection.py", line 284, in connect
    conn = self._new_conn()
  File "/usr/local/lib/python3.10/site-packages/telegram/vendor/ptb_urllib3/urllib3/connection.py", line 149, in _new_conn
    raise NewConnectionError(
telegram.vendor.ptb_urllib3.urllib3.exceptions.NewConnectionError: <telegram.vendor.ptb_urllib3.urllib3.connection.VerifiedHTTPSConnection object at 0x778da27cb760>: Failed to establish a new connection: [Errno -2] Name or service not known

During handling of the above exception, another exception occurred:

Traceback (most recent call last):
  File "/usr/local/lib/python3.10/site-packages/telegram/utils/request.py", line 259, in _request_wrapper
    resp = self._con_pool.request(*args, **kwargs)
  File "/usr/local/lib/python3.10/site-packages/telegram/vendor/ptb_urllib3/urllib3/request.py", line 68, in request
    return self.request_encode_body(method, url, fields=fields,
  File "/usr/local/lib/python3.10/site-packages/telegram/vendor/ptb_urllib3/urllib3/request.py", line 148, in request_encode_body
    return self.urlopen(method, url, **extra_kw)
  File "/usr/local/lib/python3.10/site-packages/telegram/vendor/ptb_urllib3/urllib3/poolmanager.py", line 244, in urlopen
    response = conn.urlopen(method, u.request_uri, **kw)
  File "/usr/local/lib/python3.10/site-packages/telegram/vendor/ptb_urllib3/urllib3/connectionpool.py", line 691, in urlopen
    return self.urlopen(method, url, body, headers, retries,
  File "/usr/local/lib/python3.10/site-packages/telegram/vendor/ptb_urllib3/urllib3/connectionpool.py", line 691, in urlopen
    return self.urlopen(method, url, body, headers, retries,
  File "/usr/local/lib/python3.10/site-packages/telegram/vendor/ptb_urllib3/urllib3/connectionpool.py", line 691, in urlopen
    return self.urlopen(method, url, body, headers, retries,
  File "/usr/local/lib/python3.10/site-packages/telegram/vendor/ptb_urllib3/urllib3/connectionpool.py", line 665, in urlopen
    retries = retries.increment(method, url, error=e, _pool=self,
  File "/usr/local/lib/python3.10/site-packages/telegram/vendor/ptb_urllib3/urllib3/util/retry.py", line 376, in increment
    raise MaxRetryError(_pool, url, error or ResponseError(cause))
telegram.vendor.ptb_urllib3.urllib3.exceptions.MaxRetryError: HTTPSConnectionPool(host='api.telegram.org', port=443): Max retries exceeded with url: /bot8663400657:AAEbBqdhw4ZfHrU7JqCGlj2twvONKQLYnTs/getUpdates (Caused by NewConnectionError('<telegram.vendor.ptb_urllib3.urllib3.connection.VerifiedHTTPSConnection object at 0x778da27cb760>: Failed to establish a new connection: [Errno -2] Name or service not known'))

The above exception was the direct cause of the following exception:

Traceback (most recent call last):
  File "/usr/local/lib/python3.10/site-packages/telegram/ext/updater.py", line 651, in _network_loop_retry
    if not action_cb():
  File "/usr/local/lib/python3.10/site-packages/telegram/ext/updater.py", line 602, in polling_action_cb
    updates = self.bot.get_updates(
  File "/usr/local/lib/python3.10/site-packages/telegram/ext/extbot.py", line 228, in get_updates
    updates = super().get_updates(
  File "/usr/local/lib/python3.10/site-packages/telegram/bot.py", line 134, in decorator
    result = func(*args, **kwargs)
  File "/usr/local/lib/python3.10/site-packages/telegram/bot.py", line 3140, in get_updates
    self._post(
  File "/usr/local/lib/python3.10/site-packages/telegram/bot.py", line 299, in _post
    return self.request.post(
  File "/usr/local/lib/python3.10/site-packages/telegram/utils/request.py", line 361, in post
    result = self._request_wrapper(
  File "/usr/local/lib/python3.10/site-packages/telegram/utils/request.py", line 265, in _request_wrapper
    raise NetworkError(f'urllib3 HTTPError {error}') from error
telegram.error.NetworkError: urllib3 HTTPError HTTPSConnectionPool(host='api.telegram.org', port=443): Max retries exceeded with url: /bot8663400657:AAEbBqdhw4ZfHrU7JqCGlj2twvONKQLYnTs/getUpdates (Caused by NewConnectionError('<telegram.vendor.ptb_urllib3.urllib3.connection.VerifiedHTTPSConnection object at 0x778da27cb760>: Failed to establish a new connection: [Errno -2] Name or service not known'))
WARNING 2026-07-21 21:49:19,056 connectionpool Retrying (Retry(total=2, connect=None, read=None, redirect=None)) after connection broken by 'NewConnectionError('<telegram.vendor.ptb_urllib3.urllib3.connection.VerifiedHTTPSConnection object at 0x778da27cb0d0>: Failed to establish a new connection: [Errno -2] Name or service not known')': /bot8663400657:AAEbBqdhw4ZfHrU7JqCGlj2twvONKQLYnTs/getUpdates
WARNING 2026-07-21 21:49:19,068 connectionpool Retrying (Retry(total=1, connect=None, read=None, redirect=None)) after connection broken by 'NewConnectionError('<telegram.vendor.ptb_urllib3.urllib3.connection.VerifiedHTTPSConnection object at 0x778da27cb0a0>: Failed to establish a new connection: [Errno -2] Name or service not known')': /bot8663400657:AAEbBqdhw4ZfHrU7JqCGlj2twvONKQLYnTs/getUpdates
WARNING 2026-07-21 21:49:19,079 connectionpool Retrying (Retry(total=0, connect=None, read=None, redirect=None)) after connection broken by 'NewConnectionError('<telegram.vendor.ptb_urllib3.urllib3.connection.VerifiedHTTPSConnection object at 0x778da27c9390>: Failed to establish a new connection: [Errno -2] Name or service not known')': /bot8663400657:AAEbBqdhw4ZfHrU7JqCGlj2twvONKQLYnTs/getUpdates
ERROR 2026-07-21 21:49:19,090 updater Error while getting Updates: urllib3 HTTPError HTTPSConnectionPool(host='api.telegram.org', port=443): Max retries exceeded with url: /bot8663400657:AAEbBqdhw4ZfHrU7JqCGlj2twvONKQLYnTs/getUpdates (Caused by NewConnectionError('<telegram.vendor.ptb_urllib3.urllib3.connection.VerifiedHTTPSConnection object at 0x778da27caaa0>: Failed to establish a new connection: [Errno -2] Name or service not known'))
ERROR 2026-07-21 21:49:19,094 dispatcher No error handlers are registered, logging exception.
Traceback (most recent call last):
  File "/usr/local/lib/python3.10/site-packages/telegram/vendor/ptb_urllib3/urllib3/connection.py", line 140, in _new_conn
    conn = connection.create_connection(
  File "/usr/local/lib/python3.10/site-packages/telegram/vendor/ptb_urllib3/urllib3/util/connection.py", line 60, in create_connection
    for res in socket.getaddrinfo(host, port, family, socket.SOCK_STREAM):
  File "/usr/local/lib/python3.10/socket.py", line 967, in getaddrinfo
    for res in _socket.getaddrinfo(host, port, family, type, proto, flags):
socket.gaierror: [Errno -2] Name or service not known

During handling of the above exception, another exception occurred:

Traceback (most recent call last):
  File "/usr/local/lib/python3.10/site-packages/telegram/vendor/ptb_urllib3/urllib3/connectionpool.py", line 614, in urlopen
    httplib_response = self._make_request(conn, method, url,
  File "/usr/local/lib/python3.10/site-packages/telegram/vendor/ptb_urllib3/urllib3/connectionpool.py", line 360, in _make_request
    self._validate_conn(conn)
  File "/usr/local/lib/python3.10/site-packages/telegram/vendor/ptb_urllib3/urllib3/connectionpool.py", line 857, in _validate_conn
    super(HTTPSConnectionPool, self)._validate_conn(conn)
  File "/usr/local/lib/python3.10/site-packages/telegram/vendor/ptb_urllib3/urllib3/connectionpool.py", line 289, in _validate_conn
    conn.connect()
  File "/usr/local/lib/python3.10/site-packages/telegram/vendor/ptb_urllib3/urllib3/connection.py", line 284, in connect
    conn = self._new_conn()
  File "/usr/local/lib/python3.10/site-packages/telegram/vendor/ptb_urllib3/urllib3/connection.py", line 149, in _new_conn
    raise NewConnectionError(
telegram.vendor.ptb_urllib3.urllib3.exceptions.NewConnectionError: <telegram.vendor.ptb_urllib3.urllib3.connection.VerifiedHTTPSConnection object at 0x778da27caaa0>: Failed to establish a new connection: [Errno -2] Name or service not known

During handling of the above exception, another exception occurred:

Traceback (most recent call last):
  File "/usr/local/lib/python3.10/site-packages/telegram/utils/request.py", line 259, in _request_wrapper
    resp = self._con_pool.request(*args, **kwargs)
  File "/usr/local/lib/python3.10/site-packages/telegram/vendor/ptb_urllib3/urllib3/request.py", line 68, in request
    return self.request_encode_body(method, url, fields=fields,
  File "/usr/local/lib/python3.10/site-packages/telegram/vendor/ptb_urllib3/urllib3/request.py", line 148, in request_encode_body
    return self.urlopen(method, url, **extra_kw)
  File "/usr/local/lib/python3.10/site-packages/telegram/vendor/ptb_urllib3/urllib3/poolmanager.py", line 244, in urlopen
    response = conn.urlopen(method, u.request_uri, **kw)
  File "/usr/local/lib/python3.10/site-packages/telegram/vendor/ptb_urllib3/urllib3/connectionpool.py", line 691, in urlopen
    return self.urlopen(method, url, body, headers, retries,
  File "/usr/local/lib/python3.10/site-packages/telegram/vendor/ptb_urllib3/urllib3/connectionpool.py", line 691, in urlopen
    return self.urlopen(method, url, body, headers, retries,
  File "/usr/local/lib/python3.10/site-packages/telegram/vendor/ptb_urllib3/urllib3/connectionpool.py", line 691, in urlopen
    return self.urlopen(method, url, body, headers, retries,
  File "/usr/local/lib/python3.10/site-packages/telegram/vendor/ptb_urllib3/urllib3/connectionpool.py", line 665, in urlopen
    retries = retries.increment(method, url, error=e, _pool=self,
  File "/usr/local/lib/python3.10/site-packages/telegram/vendor/ptb_urllib3/urllib3/util/retry.py", line 376, in increment
    raise MaxRetryError(_pool, url, error or ResponseError(cause))
telegram.vendor.ptb_urllib3.urllib3.exceptions.MaxRetryError: HTTPSConnectionPool(host='api.telegram.org', port=443): Max retries exceeded with url: /bot8663400657:AAEbBqdhw4ZfHrU7JqCGlj2twvONKQLYnTs/getUpdates (Caused by NewConnectionError('<telegram.vendor.ptb_urllib3.urllib3.connection.VerifiedHTTPSConnection object at 0x778da27caaa0>: Failed to establish a new connection: [Errno -2] Name or service not known'))

The above exception was the direct cause of the following exception:

Traceback (most recent call last):
  File "/usr/local/lib/python3.10/site-packages/telegram/ext/updater.py", line 651, in _network_loop_retry
    if not action_cb():
  File "/usr/local/lib/python3.10/site-packages/telegram/ext/updater.py", line 602, in polling_action_cb
    updates = self.bot.get_updates(
  File "/usr/local/lib/python3.10/site-packages/telegram/ext/extbot.py", line 228, in get_updates
    updates = super().get_updates(
  File "/usr/local/lib/python3.10/site-packages/telegram/bot.py", line 134, in decorator
    result = func(*args, **kwargs)
  File "/usr/local/lib/python3.10/site-packages/telegram/bot.py", line 3140, in get_updates
    self._post(
  File "/usr/local/lib/python3.10/site-packages/telegram/bot.py", line 299, in _post
    return self.request.post(
  File "/usr/local/lib/python3.10/site-packages/telegram/utils/request.py", line 361, in post
    result = self._request_wrapper(
  File "/usr/local/lib/python3.10/site-packages/telegram/utils/request.py", line 265, in _request_wrapper
    raise NetworkError(f'urllib3 HTTPError {error}') from error
telegram.error.NetworkError: urllib3 HTTPError HTTPSConnectionPool(host='api.telegram.org', port=443): Max retries exceeded with url: /bot8663400657:AAEbBqdhw4ZfHrU7JqCGlj2twvONKQLYnTs/getUpdates (Caused by NewConnectionError('<telegram.vendor.ptb_urllib3.urllib3.connection.VerifiedHTTPSConnection object at 0x778da27caaa0>: Failed to establish a new connection: [Errno -2] Name or service not known'))
WARNING 2026-07-21 21:49:21,354 connectionpool Retrying (Retry(total=2, connect=None, read=None, redirect=None)) after connection broken by 'NewConnectionError('<telegram.vendor.ptb_urllib3.urllib3.connection.VerifiedHTTPSConnection object at 0x778da27cb760>: Failed to establish a new connection: [Errno -2] Name or service not known')': /bot8663400657:AAEbBqdhw4ZfHrU7JqCGlj2twvONKQLYnTs/getUpdates
WARNING 2026-07-21 21:49:21,365 connectionpool Retrying (Retry(total=1, connect=None, read=None, redirect=None)) after connection broken by 'NewConnectionError('<telegram.vendor.ptb_urllib3.urllib3.connection.VerifiedHTTPSConnection object at 0x778da27cb850>: Failed to establish a new connection: [Errno -2] Name or service not known')': /bot8663400657:AAEbBqdhw4ZfHrU7JqCGlj2twvONKQLYnTs/getUpdates
WARNING 2026-07-21 21:49:21,375 connectionpool Retrying (Retry(total=0, connect=None, read=None, redirect=None)) after connection broken by 'NewConnectionError('<telegram.vendor.ptb_urllib3.urllib3.connection.VerifiedHTTPSConnection object at 0x778da27c9720>: Failed to establish a new connection: [Errno -2] Name or service not known')': /bot8663400657:AAEbBqdhw4ZfHrU7JqCGlj2twvONKQLYnTs/getUpdates
ERROR 2026-07-21 21:49:21,386 updater Error while getting Updates: urllib3 HTTPError HTTPSConnectionPool(host='api.telegram.org', port=443): Max retries exceeded with url: /bot8663400657:AAEbBqdhw4ZfHrU7JqCGlj2twvONKQLYnTs/getUpdates (Caused by NewConnectionError('<telegram.vendor.ptb_urllib3.urllib3.connection.VerifiedHTTPSConnection object at 0x778da27cb880>: Failed to establish a new connection: [Errno -2] Name or service not known'))
ERROR 2026-07-21 21:49:21,390 dispatcher No error handlers are registered, logging exception.
Traceback (most recent call last):
  File "/usr/local/lib/python3.10/site-packages/telegram/vendor/ptb_urllib3/urllib3/connection.py", line 140, in _new_conn
    conn = connection.create_connection(
  File "/usr/local/lib/python3.10/site-packages/telegram/vendor/ptb_urllib3/urllib3/util/connection.py", line 60, in create_connection
    for res in socket.getaddrinfo(host, port, family, socket.SOCK_STREAM):
  File "/usr/local/lib/python3.10/socket.py", line 967, in getaddrinfo
    for res in _socket.getaddrinfo(host, port, family, type, proto, flags):
socket.gaierror: [Errno -2] Name or service not known

During handling of the above exception, another exception occurred:

Traceback (most recent call last):
  File "/usr/local/lib/python3.10/site-packages/telegram/vendor/ptb_urllib3/urllib3/connectionpool.py", line 614, in urlopen
    httplib_response = self._make_request(conn, method, url,
  File "/usr/local/lib/python3.10/site-packages/telegram/vendor/ptb_urllib3/urllib3/connectionpool.py", line 360, in _make_request
    self._validate_conn(conn)
  File "/usr/local/lib/python3.10/site-packages/telegram/vendor/ptb_urllib3/urllib3/connectionpool.py", line 857, in _validate_conn
    super(HTTPSConnectionPool, self)._validate_conn(conn)
  File "/usr/local/lib/python3.10/site-packages/telegram/vendor/ptb_urllib3/urllib3/connectionpool.py", line 289, in _validate_conn
    conn.connect()
  File "/usr/local/lib/python3.10/site-packages/telegram/vendor/ptb_urllib3/urllib3/connection.py", line 284, in connect
    conn = self._new_conn()
  File "/usr/local/lib/python3.10/site-packages/telegram/vendor/ptb_urllib3/urllib3/connection.py", line 149, in _new_conn
    raise NewConnectionError(
telegram.vendor.ptb_urllib3.urllib3.exceptions.NewConnectionError: <telegram.vendor.ptb_urllib3.urllib3.connection.VerifiedHTTPSConnection object at 0x778da27cb880>: Failed to establish a new connection: [Errno -2] Name or service not known

During handling of the above exception, another exception occurred:

Traceback (most recent call last):
  File "/usr/local/lib/python3.10/site-packages/telegram/utils/request.py", line 259, in _request_wrapper
    resp = self._con_pool.request(*args, **kwargs)
  File "/usr/local/lib/python3.10/site-packages/telegram/vendor/ptb_urllib3/urllib3/request.py", line 68, in request
    return self.request_encode_body(method, url, fields=fields,
  File "/usr/local/lib/python3.10/site-packages/telegram/vendor/ptb_urllib3/urllib3/request.py", line 148, in request_encode_body
    return self.urlopen(method, url, **extra_kw)
  File "/usr/local/lib/python3.10/site-packages/telegram/vendor/ptb_urllib3/urllib3/poolmanager.py", line 244, in urlopen
    response = conn.urlopen(method, u.request_uri, **kw)
  File "/usr/local/lib/python3.10/site-packages/telegram/vendor/ptb_urllib3/urllib3/connectionpool.py", line 691, in urlopen
    return self.urlopen(method, url, body, headers, retries,
  File "/usr/local/lib/python3.10/site-packages/telegram/vendor/ptb_urllib3/urllib3/connectionpool.py", line 691, in urlopen
    return self.urlopen(method, url, body, headers, retries,
  File "/usr/local/lib/python3.10/site-packages/telegram/vendor/ptb_urllib3/urllib3/connectionpool.py", line 691, in urlopen
    return self.urlopen(method, url, body, headers, retries,
  File "/usr/local/lib/python3.10/site-packages/telegram/vendor/ptb_urllib3/urllib3/connectionpool.py", line 665, in urlopen
    retries = retries.increment(method, url, error=e, _pool=self,
  File "/usr/local/lib/python3.10/site-packages/telegram/vendor/ptb_urllib3/urllib3/util/retry.py", line 376, in increment
    raise MaxRetryError(_pool, url, error or ResponseError(cause))
telegram.vendor.ptb_urllib3.urllib3.exceptions.MaxRetryError: HTTPSConnectionPool(host='api.telegram.org', port=443): Max retries exceeded with url: /bot8663400657:AAEbBqdhw4ZfHrU7JqCGlj2twvONKQLYnTs/getUpdates (Caused by NewConnectionError('<telegram.vendor.ptb_urllib3.urllib3.connection.VerifiedHTTPSConnection object at 0x778da27cb880>: Failed to establish a new connection: [Errno -2] Name or service not known'))

The above exception was the direct cause of the following exception:

Traceback (most recent call last):
  File "/usr/local/lib/python3.10/site-packages/telegram/ext/updater.py", line 651, in _network_loop_retry
    if not action_cb():
  File "/usr/local/lib/python3.10/site-packages/telegram/ext/updater.py", line 602, in polling_action_cb
    updates = self.bot.get_updates(
  File "/usr/local/lib/python3.10/site-packages/telegram/ext/extbot.py", line 228, in get_updates
    updates = super().get_updates(
  File "/usr/local/lib/python3.10/site-packages/telegram/bot.py", line 134, in decorator
    result = func(*args, **kwargs)
  File "/usr/local/lib/python3.10/site-packages/telegram/bot.py", line 3140, in get_updates
    self._post(
  File "/usr/local/lib/python3.10/site-packages/telegram/bot.py", line 299, in _post
    return self.request.post(
  File "/usr/local/lib/python3.10/site-packages/telegram/utils/request.py", line 361, in post
    result = self._request_wrapper(
  File "/usr/local/lib/python3.10/site-packages/telegram/utils/request.py", line 265, in _request_wrapper
    raise NetworkError(f'urllib3 HTTPError {error}') from error
telegram.error.NetworkError: urllib3 HTTPError HTTPSConnectionPool(host='api.telegram.org', port=443): Max retries exceeded with url: /bot8663400657:AAEbBqdhw4ZfHrU7JqCGlj2twvONKQLYnTs/getUpdates (Caused by NewConnectionError('<telegram.vendor.ptb_urllib3.urllib3.connection.VerifiedHTTPSConnection object at 0x778da27cb880>: Failed to establish a new connection: [Errno -2] Name or service not known'))
ERROR 2026-07-21 21:49:29,259 updater Error while getting Updates: urllib3 HTTPError ('Connection aborted.', RemoteDisconnected('Remote end closed connection without response'))
ERROR 2026-07-21 21:49:29,306 dispatcher No error handlers are registered, logging exception.
Traceback (most recent call last):
  File "/usr/local/lib/python3.10/site-packages/telegram/vendor/ptb_urllib3/urllib3/connectionpool.py", line 614, in urlopen
    httplib_response = self._make_request(conn, method, url,
  File "/usr/local/lib/python3.10/site-packages/telegram/vendor/ptb_urllib3/urllib3/connectionpool.py", line 402, in _make_request
    six.raise_from(e, None)
  File "<string>", line 2, in raise_from
  File "/usr/local/lib/python3.10/site-packages/telegram/vendor/ptb_urllib3/urllib3/connectionpool.py", line 398, in _make_request
    httplib_response = conn.getresponse()
  File "/usr/local/lib/python3.10/http/client.py", line 1395, in getresponse
    response.begin()
  File "/usr/local/lib/python3.10/http/client.py", line 323, in begin
    version, status, reason = self._read_status()
  File "/usr/local/lib/python3.10/http/client.py", line 292, in _read_status
    raise RemoteDisconnected("Remote end closed connection without"
http.client.RemoteDisconnected: Remote end closed connection without response

During handling of the above exception, another exception occurred:

Traceback (most recent call last):
  File "/usr/local/lib/python3.10/site-packages/telegram/utils/request.py", line 259, in _request_wrapper
    resp = self._con_pool.request(*args, **kwargs)
  File "/usr/local/lib/python3.10/site-packages/telegram/vendor/ptb_urllib3/urllib3/request.py", line 68, in request
    return self.request_encode_body(method, url, fields=fields,
  File "/usr/local/lib/python3.10/site-packages/telegram/vendor/ptb_urllib3/urllib3/request.py", line 148, in request_encode_body
    return self.urlopen(method, url, **extra_kw)
  File "/usr/local/lib/python3.10/site-packages/telegram/vendor/ptb_urllib3/urllib3/poolmanager.py", line 244, in urlopen
    response = conn.urlopen(method, u.request_uri, **kw)
  File "/usr/local/lib/python3.10/site-packages/telegram/vendor/ptb_urllib3/urllib3/connectionpool.py", line 665, in urlopen
    retries = retries.increment(method, url, error=e, _pool=self,
  File "/usr/local/lib/python3.10/site-packages/telegram/vendor/ptb_urllib3/urllib3/util/retry.py", line 347, in increment
    raise six.reraise(type(error), error, _stacktrace)
  File "/usr/local/lib/python3.10/site-packages/telegram/vendor/ptb_urllib3/urllib3/packages/six.py", line 685, in reraise
    raise value.with_traceback(tb)
  File "/usr/local/lib/python3.10/site-packages/telegram/vendor/ptb_urllib3/urllib3/connectionpool.py", line 614, in urlopen
    httplib_response = self._make_request(conn, method, url,
  File "/usr/local/lib/python3.10/site-packages/telegram/vendor/ptb_urllib3/urllib3/connectionpool.py", line 402, in _make_request
    six.raise_from(e, None)
  File "<string>", line 2, in raise_from
  File "/usr/local/lib/python3.10/site-packages/telegram/vendor/ptb_urllib3/urllib3/connectionpool.py", line 398, in _make_request
    httplib_response = conn.getresponse()
  File "/usr/local/lib/python3.10/http/client.py", line 1395, in getresponse
    response.begin()
  File "/usr/local/lib/python3.10/http/client.py", line 323, in begin
    version, status, reason = self._read_status()
  File "/usr/local/lib/python3.10/http/client.py", line 292, in _read_status
    raise RemoteDisconnected("Remote end closed connection without"
telegram.vendor.ptb_urllib3.urllib3.exceptions.ProtocolError: ('Connection aborted.', RemoteDisconnected('Remote end closed connection without response'))

The above exception was the direct cause of the following exception:

Traceback (most recent call last):
  File "/usr/local/lib/python3.10/site-packages/telegram/ext/updater.py", line 651, in _network_loop_retry
    if not action_cb():
  File "/usr/local/lib/python3.10/site-packages/telegram/ext/updater.py", line 602, in polling_action_cb
    updates = self.bot.get_updates(
  File "/usr/local/lib/python3.10/site-packages/telegram/ext/extbot.py", line 228, in get_updates
    updates = super().get_updates(
  File "/usr/local/lib/python3.10/site-packages/telegram/bot.py", line 134, in decorator
    result = func(*args, **kwargs)
  File "/usr/local/lib/python3.10/site-packages/telegram/bot.py", line 3140, in get_updates
    self._post(
  File "/usr/local/lib/python3.10/site-packages/telegram/bot.py", line 299, in _post
    return self.request.post(
  File "/usr/local/lib/python3.10/site-packages/telegram/utils/request.py", line 361, in post
    result = self._request_wrapper(
  File "/usr/local/lib/python3.10/site-packages/telegram/utils/request.py", line 265, in _request_wrapper
    raise NetworkError(f'urllib3 HTTPError {error}') from error
telegram.error.NetworkError: urllib3 HTTPError ('Connection aborted.', RemoteDisconnected('Remote end closed connection without response'))
INFO 2026-07-22 12:05:48,231 runbot1 Starting bot polling (attempt 1/5)...
INFO 2026-07-22 12:05:48,236 base Scheduler started
INFO 2026-07-22 16:26:16,081 updater Received signal 15 (SIGTERM), stopping...
INFO 2026-07-22 16:26:16,209 base Scheduler has been shut down
INFO 2026-07-22 16:30:06,940 runbot1 Starting bot polling (attempt 1/5)...
INFO 2026-07-22 16:30:06,945 base Scheduler started
ERROR 2026-07-22 20:00:23,030 updater Error while getting Updates: urllib3 HTTPError ('Connection aborted.', RemoteDisconnected('Remote end closed connection without response'))
ERROR 2026-07-22 20:00:23,940 dispatcher No error handlers are registered, logging exception.
Traceback (most recent call last):
  File "/usr/local/lib/python3.10/site-packages/telegram/vendor/ptb_urllib3/urllib3/connectionpool.py", line 614, in urlopen
    httplib_response = self._make_request(conn, method, url,
  File "/usr/local/lib/python3.10/site-packages/telegram/vendor/ptb_urllib3/urllib3/connectionpool.py", line 402, in _make_request
    six.raise_from(e, None)
  File "<string>", line 2, in raise_from
  File "/usr/local/lib/python3.10/site-packages/telegram/vendor/ptb_urllib3/urllib3/connectionpool.py", line 398, in _make_request
    httplib_response = conn.getresponse()
  File "/usr/local/lib/python3.10/http/client.py", line 1395, in getresponse
    response.begin()
  File "/usr/local/lib/python3.10/http/client.py", line 323, in begin
    version, status, reason = self._read_status()
  File "/usr/local/lib/python3.10/http/client.py", line 292, in _read_status
    raise RemoteDisconnected("Remote end closed connection without"
http.client.RemoteDisconnected: Remote end closed connection without response

During handling of the above exception, another exception occurred:

Traceback (most recent call last):
  File "/usr/local/lib/python3.10/site-packages/telegram/utils/request.py", line 259, in _request_wrapper
    resp = self._con_pool.request(*args, **kwargs)
  File "/usr/local/lib/python3.10/site-packages/telegram/vendor/ptb_urllib3/urllib3/request.py", line 68, in request
    return self.request_encode_body(method, url, fields=fields,
  File "/usr/local/lib/python3.10/site-packages/telegram/vendor/ptb_urllib3/urllib3/request.py", line 148, in request_encode_body
    return self.urlopen(method, url, **extra_kw)
  File "/usr/local/lib/python3.10/site-packages/telegram/vendor/ptb_urllib3/urllib3/poolmanager.py", line 244, in urlopen
    response = conn.urlopen(method, u.request_uri, **kw)
  File "/usr/local/lib/python3.10/site-packages/telegram/vendor/ptb_urllib3/urllib3/connectionpool.py", line 665, in urlopen
    retries = retries.increment(method, url, error=e, _pool=self,
  File "/usr/local/lib/python3.10/site-packages/telegram/vendor/ptb_urllib3/urllib3/util/retry.py", line 347, in increment
    raise six.reraise(type(error), error, _stacktrace)
  File "/usr/local/lib/python3.10/site-packages/telegram/vendor/ptb_urllib3/urllib3/packages/six.py", line 685, in reraise
    raise value.with_traceback(tb)
  File "/usr/local/lib/python3.10/site-packages/telegram/vendor/ptb_urllib3/urllib3/connectionpool.py", line 614, in urlopen
    httplib_response = self._make_request(conn, method, url,
  File "/usr/local/lib/python3.10/site-packages/telegram/vendor/ptb_urllib3/urllib3/connectionpool.py", line 402, in _make_request
    six.raise_from(e, None)
  File "<string>", line 2, in raise_from
  File "/usr/local/lib/python3.10/site-packages/telegram/vendor/ptb_urllib3/urllib3/connectionpool.py", line 398, in _make_request
    httplib_response = conn.getresponse()
  File "/usr/local/lib/python3.10/http/client.py", line 1395, in getresponse
    response.begin()
  File "/usr/local/lib/python3.10/http/client.py", line 323, in begin
    version, status, reason = self._read_status()
  File "/usr/local/lib/python3.10/http/client.py", line 292, in _read_status
    raise RemoteDisconnected("Remote end closed connection without"
telegram.vendor.ptb_urllib3.urllib3.exceptions.ProtocolError: ('Connection aborted.', RemoteDisconnected('Remote end closed connection without response'))

The above exception was the direct cause of the following exception:

Traceback (most recent call last):
  File "/usr/local/lib/python3.10/site-packages/telegram/ext/updater.py", line 651, in _network_loop_retry
    if not action_cb():
  File "/usr/local/lib/python3.10/site-packages/telegram/ext/updater.py", line 602, in polling_action_cb
    updates = self.bot.get_updates(
  File "/usr/local/lib/python3.10/site-packages/telegram/ext/extbot.py", line 228, in get_updates
    updates = super().get_updates(
  File "/usr/local/lib/python3.10/site-packages/telegram/bot.py", line 134, in decorator
    result = func(*args, **kwargs)
  File "/usr/local/lib/python3.10/site-packages/telegram/bot.py", line 3140, in get_updates
    self._post(
  File "/usr/local/lib/python3.10/site-packages/telegram/bot.py", line 299, in _post
    return self.request.post(
  File "/usr/local/lib/python3.10/site-packages/telegram/utils/request.py", line 361, in post
    result = self._request_wrapper(
  File "/usr/local/lib/python3.10/site-packages/telegram/utils/request.py", line 265, in _request_wrapper
    raise NetworkError(f'urllib3 HTTPError {error}') from error
telegram.error.NetworkError: urllib3 HTTPError ('Connection aborted.', RemoteDisconnected('Remote end closed connection without response'))
WARNING 2026-07-22 20:00:25,319 connectionpool Retrying (Retry(total=2, connect=None, read=None, redirect=None)) after connection broken by 'NewConnectionError('<telegram.vendor.ptb_urllib3.urllib3.connection.VerifiedHTTPSConnection object at 0x7df6ef198ac0>: Failed to establish a new connection: [Errno 101] Network is unreachable')': /bot8663400657:AAEbBqdhw4ZfHrU7JqCGlj2twvONKQLYnTs/getUpdates
WARNING 2026-07-22 20:00:25,369 connectionpool Retrying (Retry(total=1, connect=None, read=None, redirect=None)) after connection broken by 'NewConnectionError('<telegram.vendor.ptb_urllib3.urllib3.connection.VerifiedHTTPSConnection object at 0x7df6ef198a30>: Failed to establish a new connection: [Errno 101] Network is unreachable')': /bot8663400657:AAEbBqdhw4ZfHrU7JqCGlj2twvONKQLYnTs/getUpdates
WARNING 2026-07-22 20:00:25,410 connectionpool Retrying (Retry(total=0, connect=None, read=None, redirect=None)) after connection broken by 'NewConnectionError('<telegram.vendor.ptb_urllib3.urllib3.connection.VerifiedHTTPSConnection object at 0x7df6ef1988b0>: Failed to establish a new connection: [Errno 101] Network is unreachable')': /bot8663400657:AAEbBqdhw4ZfHrU7JqCGlj2twvONKQLYnTs/getUpdates
ERROR 2026-07-22 20:00:25,452 updater Error while getting Updates: urllib3 HTTPError HTTPSConnectionPool(host='api.telegram.org', port=443): Max retries exceeded with url: /bot8663400657:AAEbBqdhw4ZfHrU7JqCGlj2twvONKQLYnTs/getUpdates (Caused by NewConnectionError('<telegram.vendor.ptb_urllib3.urllib3.connection.VerifiedHTTPSConnection object at 0x7df6ef198760>: Failed to establish a new connection: [Errno 101] Network is unreachable'))
ERROR 2026-07-22 20:00:25,468 dispatcher No error handlers are registered, logging exception.
Traceback (most recent call last):
  File "/usr/local/lib/python3.10/site-packages/telegram/vendor/ptb_urllib3/urllib3/connection.py", line 140, in _new_conn
    conn = connection.create_connection(
  File "/usr/local/lib/python3.10/site-packages/telegram/vendor/ptb_urllib3/urllib3/util/connection.py", line 83, in create_connection
    raise err
  File "/usr/local/lib/python3.10/site-packages/telegram/vendor/ptb_urllib3/urllib3/util/connection.py", line 73, in create_connection
    sock.connect(sa)
OSError: [Errno 101] Network is unreachable

During handling of the above exception, another exception occurred:

Traceback (most recent call last):
  File "/usr/local/lib/python3.10/site-packages/telegram/vendor/ptb_urllib3/urllib3/connectionpool.py", line 614, in urlopen
    httplib_response = self._make_request(conn, method, url,
  File "/usr/local/lib/python3.10/site-packages/telegram/vendor/ptb_urllib3/urllib3/connectionpool.py", line 360, in _make_request
    self._validate_conn(conn)
  File "/usr/local/lib/python3.10/site-packages/telegram/vendor/ptb_urllib3/urllib3/connectionpool.py", line 857, in _validate_conn
    super(HTTPSConnectionPool, self)._validate_conn(conn)
  File "/usr/local/lib/python3.10/site-packages/telegram/vendor/ptb_urllib3/urllib3/connectionpool.py", line 289, in _validate_conn
    conn.connect()
  File "/usr/local/lib/python3.10/site-packages/telegram/vendor/ptb_urllib3/urllib3/connection.py", line 284, in connect
    conn = self._new_conn()
  File "/usr/local/lib/python3.10/site-packages/telegram/vendor/ptb_urllib3/urllib3/connection.py", line 149, in _new_conn
    raise NewConnectionError(
telegram.vendor.ptb_urllib3.urllib3.exceptions.NewConnectionError: <telegram.vendor.ptb_urllib3.urllib3.connection.VerifiedHTTPSConnection object at 0x7df6ef198760>: Failed to establish a new connection: [Errno 101] Network is unreachable

During handling of the above exception, another exception occurred:

Traceback (most recent call last):
  File "/usr/local/lib/python3.10/site-packages/telegram/utils/request.py", line 259, in _request_wrapper
    resp = self._con_pool.request(*args, **kwargs)
  File "/usr/local/lib/python3.10/site-packages/telegram/vendor/ptb_urllib3/urllib3/request.py", line 68, in request
    return self.request_encode_body(method, url, fields=fields,
  File "/usr/local/lib/python3.10/site-packages/telegram/vendor/ptb_urllib3/urllib3/request.py", line 148, in request_encode_body
    return self.urlopen(method, url, **extra_kw)
  File "/usr/local/lib/python3.10/site-packages/telegram/vendor/ptb_urllib3/urllib3/poolmanager.py", line 244, in urlopen
    response = conn.urlopen(method, u.request_uri, **kw)
  File "/usr/local/lib/python3.10/site-packages/telegram/vendor/ptb_urllib3/urllib3/connectionpool.py", line 691, in urlopen
    return self.urlopen(method, url, body, headers, retries,
  File "/usr/local/lib/python3.10/site-packages/telegram/vendor/ptb_urllib3/urllib3/connectionpool.py", line 691, in urlopen
    return self.urlopen(method, url, body, headers, retries,
  File "/usr/local/lib/python3.10/site-packages/telegram/vendor/ptb_urllib3/urllib3/connectionpool.py", line 691, in urlopen
    return self.urlopen(method, url, body, headers, retries,
  File "/usr/local/lib/python3.10/site-packages/telegram/vendor/ptb_urllib3/urllib3/connectionpool.py", line 665, in urlopen
    retries = retries.increment(method, url, error=e, _pool=self,
  File "/usr/local/lib/python3.10/site-packages/telegram/vendor/ptb_urllib3/urllib3/util/retry.py", line 376, in increment
    raise MaxRetryError(_pool, url, error or ResponseError(cause))
telegram.vendor.ptb_urllib3.urllib3.exceptions.MaxRetryError: HTTPSConnectionPool(host='api.telegram.org', port=443): Max retries exceeded with url: /bot8663400657:AAEbBqdhw4ZfHrU7JqCGlj2twvONKQLYnTs/getUpdates (Caused by NewConnectionError('<telegram.vendor.ptb_urllib3.urllib3.connection.VerifiedHTTPSConnection object at 0x7df6ef198760>: Failed to establish a new connection: [Errno 101] Network is unreachable'))

The above exception was the direct cause of the following exception:

Traceback (most recent call last):
  File "/usr/local/lib/python3.10/site-packages/telegram/ext/updater.py", line 651, in _network_loop_retry
    if not action_cb():
  File "/usr/local/lib/python3.10/site-packages/telegram/ext/updater.py", line 602, in polling_action_cb
    updates = self.bot.get_updates(
  File "/usr/local/lib/python3.10/site-packages/telegram/ext/extbot.py", line 228, in get_updates
    updates = super().get_updates(
  File "/usr/local/lib/python3.10/site-packages/telegram/bot.py", line 134, in decorator
    result = func(*args, **kwargs)
  File "/usr/local/lib/python3.10/site-packages/telegram/bot.py", line 3140, in get_updates
    self._post(
  File "/usr/local/lib/python3.10/site-packages/telegram/bot.py", line 299, in _post
    return self.request.post(
  File "/usr/local/lib/python3.10/site-packages/telegram/utils/request.py", line 361, in post
    result = self._request_wrapper(
  File "/usr/local/lib/python3.10/site-packages/telegram/utils/request.py", line 265, in _request_wrapper
    raise NetworkError(f'urllib3 HTTPError {error}') from error
telegram.error.NetworkError: urllib3 HTTPError HTTPSConnectionPool(host='api.telegram.org', port=443): Max retries exceeded with url: /bot8663400657:AAEbBqdhw4ZfHrU7JqCGlj2twvONKQLYnTs/getUpdates (Caused by NewConnectionError('<telegram.vendor.ptb_urllib3.urllib3.connection.VerifiedHTTPSConnection object at 0x7df6ef198760>: Failed to establish a new connection: [Errno 101] Network is unreachable'))
WARNING 2026-07-22 20:00:26,981 connectionpool Retrying (Retry(total=2, connect=None, read=None, redirect=None)) after connection broken by 'NewConnectionError('<telegram.vendor.ptb_urllib3.urllib3.connection.VerifiedHTTPSConnection object at 0x7df6ef198490>: Failed to establish a new connection: [Errno 101] Network is unreachable')': /bot8663400657:AAEbBqdhw4ZfHrU7JqCGlj2twvONKQLYnTs/getUpdates
WARNING 2026-07-22 20:00:26,996 connectionpool Retrying (Retry(total=1, connect=None, read=None, redirect=None)) after connection broken by 'NewConnectionError('<telegram.vendor.ptb_urllib3.urllib3.connection.VerifiedHTTPSConnection object at 0x7df6ef198550>: Failed to establish a new connection: [Errno 101] Network is unreachable')': /bot8663400657:AAEbBqdhw4ZfHrU7JqCGlj2twvONKQLYnTs/getUpdates
WARNING 2026-07-22 20:00:27,010 connectionpool Retrying (Retry(total=0, connect=None, read=None, redirect=None)) after connection broken by 'NewConnectionError('<telegram.vendor.ptb_urllib3.urllib3.connection.VerifiedHTTPSConnection object at 0x7df6ef1982e0>: Failed to establish a new connection: [Errno 101] Network is unreachable')': /bot8663400657:AAEbBqdhw4ZfHrU7JqCGlj2twvONKQLYnTs/getUpdates
ERROR 2026-07-22 20:00:27,023 updater Error while getting Updates: urllib3 HTTPError HTTPSConnectionPool(host='api.telegram.org', port=443): Max retries exceeded with url: /bot8663400657:AAEbBqdhw4ZfHrU7JqCGlj2twvONKQLYnTs/getUpdates (Caused by NewConnectionError('<telegram.vendor.ptb_urllib3.urllib3.connection.VerifiedHTTPSConnection object at 0x7df6ef198190>: Failed to establish a new connection: [Errno 101] Network is unreachable'))
ERROR 2026-07-22 20:00:27,028 dispatcher No error handlers are registered, logging exception.
Traceback (most recent call last):
  File "/usr/local/lib/python3.10/site-packages/telegram/vendor/ptb_urllib3/urllib3/connection.py", line 140, in _new_conn
    conn = connection.create_connection(
  File "/usr/local/lib/python3.10/site-packages/telegram/vendor/ptb_urllib3/urllib3/util/connection.py", line 83, in create_connection
    raise err
  File "/usr/local/lib/python3.10/site-packages/telegram/vendor/ptb_urllib3/urllib3/util/connection.py", line 73, in create_connection
    sock.connect(sa)
OSError: [Errno 101] Network is unreachable

During handling of the above exception, another exception occurred:

Traceback (most recent call last):
  File "/usr/local/lib/python3.10/site-packages/telegram/vendor/ptb_urllib3/urllib3/connectionpool.py", line 614, in urlopen
    httplib_response = self._make_request(conn, method, url,
  File "/usr/local/lib/python3.10/site-packages/telegram/vendor/ptb_urllib3/urllib3/connectionpool.py", line 360, in _make_request
    self._validate_conn(conn)
  File "/usr/local/lib/python3.10/site-packages/telegram/vendor/ptb_urllib3/urllib3/connectionpool.py", line 857, in _validate_conn
    super(HTTPSConnectionPool, self)._validate_conn(conn)
  File "/usr/local/lib/python3.10/site-packages/telegram/vendor/ptb_urllib3/urllib3/connectionpool.py", line 289, in _validate_conn
    conn.connect()
  File "/usr/local/lib/python3.10/site-packages/telegram/vendor/ptb_urllib3/urllib3/connection.py", line 284, in connect
    conn = self._new_conn()
  File "/usr/local/lib/python3.10/site-packages/telegram/vendor/ptb_urllib3/urllib3/connection.py", line 149, in _new_conn
    raise NewConnectionError(
telegram.vendor.ptb_urllib3.urllib3.exceptions.NewConnectionError: <telegram.vendor.ptb_urllib3.urllib3.connection.VerifiedHTTPSConnection object at 0x7df6ef198190>: Failed to establish a new connection: [Errno 101] Network is unreachable

During handling of the above exception, another exception occurred:

Traceback (most recent call last):
  File "/usr/local/lib/python3.10/site-packages/telegram/utils/request.py", line 259, in _request_wrapper
    resp = self._con_pool.request(*args, **kwargs)
  File "/usr/local/lib/python3.10/site-packages/telegram/vendor/ptb_urllib3/urllib3/request.py", line 68, in request
    return self.request_encode_body(method, url, fields=fields,
  File "/usr/local/lib/python3.10/site-packages/telegram/vendor/ptb_urllib3/urllib3/request.py", line 148, in request_encode_body
    return self.urlopen(method, url, **extra_kw)
  File "/usr/local/lib/python3.10/site-packages/telegram/vendor/ptb_urllib3/urllib3/poolmanager.py", line 244, in urlopen
    response = conn.urlopen(method, u.request_uri, **kw)
  File "/usr/local/lib/python3.10/site-packages/telegram/vendor/ptb_urllib3/urllib3/connectionpool.py", line 691, in urlopen
    return self.urlopen(method, url, body, headers, retries,
  File "/usr/local/lib/python3.10/site-packages/telegram/vendor/ptb_urllib3/urllib3/connectionpool.py", line 691, in urlopen
    return self.urlopen(method, url, body, headers, retries,
  File "/usr/local/lib/python3.10/site-packages/telegram/vendor/ptb_urllib3/urllib3/connectionpool.py", line 691, in urlopen
    return self.urlopen(method, url, body, headers, retries,
  File "/usr/local/lib/python3.10/site-packages/telegram/vendor/ptb_urllib3/urllib3/connectionpool.py", line 665, in urlopen
    retries = retries.increment(method, url, error=e, _pool=self,
  File "/usr/local/lib/python3.10/site-packages/telegram/vendor/ptb_urllib3/urllib3/util/retry.py", line 376, in increment
    raise MaxRetryError(_pool, url, error or ResponseError(cause))
telegram.vendor.ptb_urllib3.urllib3.exceptions.MaxRetryError: HTTPSConnectionPool(host='api.telegram.org', port=443): Max retries exceeded with url: /bot8663400657:AAEbBqdhw4ZfHrU7JqCGlj2twvONKQLYnTs/getUpdates (Caused by NewConnectionError('<telegram.vendor.ptb_urllib3.urllib3.connection.VerifiedHTTPSConnection object at 0x7df6ef198190>: Failed to establish a new connection: [Errno 101] Network is unreachable'))

The above exception was the direct cause of the following exception:

Traceback (most recent call last):
  File "/usr/local/lib/python3.10/site-packages/telegram/ext/updater.py", line 651, in _network_loop_retry
    if not action_cb():
  File "/usr/local/lib/python3.10/site-packages/telegram/ext/updater.py", line 602, in polling_action_cb
    updates = self.bot.get_updates(
  File "/usr/local/lib/python3.10/site-packages/telegram/ext/extbot.py", line 228, in get_updates
    updates = super().get_updates(
  File "/usr/local/lib/python3.10/site-packages/telegram/bot.py", line 134, in decorator
    result = func(*args, **kwargs)
  File "/usr/local/lib/python3.10/site-packages/telegram/bot.py", line 3140, in get_updates
    self._post(
  File "/usr/local/lib/python3.10/site-packages/telegram/bot.py", line 299, in _post
    return self.request.post(
  File "/usr/local/lib/python3.10/site-packages/telegram/utils/request.py", line 361, in post
    result = self._request_wrapper(
  File "/usr/local/lib/python3.10/site-packages/telegram/utils/request.py", line 265, in _request_wrapper
    raise NetworkError(f'urllib3 HTTPError {error}') from error
telegram.error.NetworkError: urllib3 HTTPError HTTPSConnectionPool(host='api.telegram.org', port=443): Max retries exceeded with url: /bot8663400657:AAEbBqdhw4ZfHrU7JqCGlj2twvONKQLYnTs/getUpdates (Caused by NewConnectionError('<telegram.vendor.ptb_urllib3.urllib3.connection.VerifiedHTTPSConnection object at 0x7df6ef198190>: Failed to establish a new connection: [Errno 101] Network is unreachable'))
WARNING 2026-07-22 20:00:29,288 connectionpool Retrying (Retry(total=2, connect=None, read=None, redirect=None)) after connection broken by 'NewConnectionError('<telegram.vendor.ptb_urllib3.urllib3.connection.VerifiedHTTPSConnection object at 0x7df6ef99ffa0>: Failed to establish a new connection: [Errno 101] Network is unreachable')': /bot8663400657:AAEbBqdhw4ZfHrU7JqCGlj2twvONKQLYnTs/getUpdates
WARNING 2026-07-22 20:00:29,494 connectionpool Retrying (Retry(total=1, connect=None, read=None, redirect=None)) after connection broken by 'NewConnectionError('<telegram.vendor.ptb_urllib3.urllib3.connection.VerifiedHTTPSConnection object at 0x7df6ef99da20>: Failed to establish a new connection: [Errno 101] Network is unreachable')': /bot8663400657:AAEbBqdhw4ZfHrU7JqCGlj2twvONKQLYnTs/getUpdates
WARNING 2026-07-22 20:00:29,510 connectionpool Retrying (Retry(total=0, connect=None, read=None, redirect=None)) after connection broken by 'NewConnectionError('<telegram.vendor.ptb_urllib3.urllib3.connection.VerifiedHTTPSConnection object at 0x7df6ef1989d0>: Failed to establish a new connection: [Errno 101] Network is unreachable')': /bot8663400657:AAEbBqdhw4ZfHrU7JqCGlj2twvONKQLYnTs/getUpdates
ERROR 2026-07-22 20:00:29,523 updater Error while getting Updates: urllib3 HTTPError HTTPSConnectionPool(host='api.telegram.org', port=443): Max retries exceeded with url: /bot8663400657:AAEbBqdhw4ZfHrU7JqCGlj2twvONKQLYnTs/getUpdates (Caused by NewConnectionError('<telegram.vendor.ptb_urllib3.urllib3.connection.VerifiedHTTPSConnection object at 0x7df6ef198670>: Failed to establish a new connection: [Errno 101] Network is unreachable'))
ERROR 2026-07-22 20:00:29,527 dispatcher No error handlers are registered, logging exception.
Traceback (most recent call last):
  File "/usr/local/lib/python3.10/site-packages/telegram/vendor/ptb_urllib3/urllib3/connection.py", line 140, in _new_conn
    conn = connection.create_connection(
  File "/usr/local/lib/python3.10/site-packages/telegram/vendor/ptb_urllib3/urllib3/util/connection.py", line 83, in create_connection
    raise err
  File "/usr/local/lib/python3.10/site-packages/telegram/vendor/ptb_urllib3/urllib3/util/connection.py", line 73, in create_connection
    sock.connect(sa)
OSError: [Errno 101] Network is unreachable

During handling of the above exception, another exception occurred:

Traceback (most recent call last):
  File "/usr/local/lib/python3.10/site-packages/telegram/vendor/ptb_urllib3/urllib3/connectionpool.py", line 614, in urlopen
    httplib_response = self._make_request(conn, method, url,
  File "/usr/local/lib/python3.10/site-packages/telegram/vendor/ptb_urllib3/urllib3/connectionpool.py", line 360, in _make_request
    self._validate_conn(conn)
  File "/usr/local/lib/python3.10/site-packages/telegram/vendor/ptb_urllib3/urllib3/connectionpool.py", line 857, in _validate_conn
    super(HTTPSConnectionPool, self)._validate_conn(conn)
  File "/usr/local/lib/python3.10/site-packages/telegram/vendor/ptb_urllib3/urllib3/connectionpool.py", line 289, in _validate_conn
    conn.connect()
  File "/usr/local/lib/python3.10/site-packages/telegram/vendor/ptb_urllib3/urllib3/connection.py", line 284, in connect
    conn = self._new_conn()
  File "/usr/local/lib/python3.10/site-packages/telegram/vendor/ptb_urllib3/urllib3/connection.py", line 149, in _new_conn
    raise NewConnectionError(
telegram.vendor.ptb_urllib3.urllib3.exceptions.NewConnectionError: <telegram.vendor.ptb_urllib3.urllib3.connection.VerifiedHTTPSConnection object at 0x7df6ef198670>: Failed to establish a new connection: [Errno 101] Network is unreachable

During handling of the above exception, another exception occurred:

Traceback (most recent call last):
  File "/usr/local/lib/python3.10/site-packages/telegram/utils/request.py", line 259, in _request_wrapper
    resp = self._con_pool.request(*args, **kwargs)
  File "/usr/local/lib/python3.10/site-packages/telegram/vendor/ptb_urllib3/urllib3/request.py", line 68, in request
    return self.request_encode_body(method, url, fields=fields,
  File "/usr/local/lib/python3.10/site-packages/telegram/vendor/ptb_urllib3/urllib3/request.py", line 148, in request_encode_body
    return self.urlopen(method, url, **extra_kw)
  File "/usr/local/lib/python3.10/site-packages/telegram/vendor/ptb_urllib3/urllib3/poolmanager.py", line 244, in urlopen
    response = conn.urlopen(method, u.request_uri, **kw)
  File "/usr/local/lib/python3.10/site-packages/telegram/vendor/ptb_urllib3/urllib3/connectionpool.py", line 691, in urlopen
    return self.urlopen(method, url, body, headers, retries,
  File "/usr/local/lib/python3.10/site-packages/telegram/vendor/ptb_urllib3/urllib3/connectionpool.py", line 691, in urlopen
    return self.urlopen(method, url, body, headers, retries,
  File "/usr/local/lib/python3.10/site-packages/telegram/vendor/ptb_urllib3/urllib3/connectionpool.py", line 691, in urlopen
    return self.urlopen(method, url, body, headers, retries,
  File "/usr/local/lib/python3.10/site-packages/telegram/vendor/ptb_urllib3/urllib3/connectionpool.py", line 665, in urlopen
    retries = retries.increment(method, url, error=e, _pool=self,
  File "/usr/local/lib/python3.10/site-packages/telegram/vendor/ptb_urllib3/urllib3/util/retry.py", line 376, in increment
    raise MaxRetryError(_pool, url, error or ResponseError(cause))
telegram.vendor.ptb_urllib3.urllib3.exceptions.MaxRetryError: HTTPSConnectionPool(host='api.telegram.org', port=443): Max retries exceeded with url: /bot8663400657:AAEbBqdhw4ZfHrU7JqCGlj2twvONKQLYnTs/getUpdates (Caused by NewConnectionError('<telegram.vendor.ptb_urllib3.urllib3.connection.VerifiedHTTPSConnection object at 0x7df6ef198670>: Failed to establish a new connection: [Errno 101] Network is unreachable'))

The above exception was the direct cause of the following exception:

Traceback (most recent call last):
  File "/usr/local/lib/python3.10/site-packages/telegram/ext/updater.py", line 651, in _network_loop_retry
    if not action_cb():
  File "/usr/local/lib/python3.10/site-packages/telegram/ext/updater.py", line 602, in polling_action_cb
    updates = self.bot.get_updates(
  File "/usr/local/lib/python3.10/site-packages/telegram/ext/extbot.py", line 228, in get_updates
    updates = super().get_updates(
  File "/usr/local/lib/python3.10/site-packages/telegram/bot.py", line 134, in decorator
    result = func(*args, **kwargs)
  File "/usr/local/lib/python3.10/site-packages/telegram/bot.py", line 3140, in get_updates
    self._post(
  File "/usr/local/lib/python3.10/site-packages/telegram/bot.py", line 299, in _post
    return self.request.post(
  File "/usr/local/lib/python3.10/site-packages/telegram/utils/request.py", line 361, in post
    result = self._request_wrapper(
  File "/usr/local/lib/python3.10/site-packages/telegram/utils/request.py", line 265, in _request_wrapper
    raise NetworkError(f'urllib3 HTTPError {error}') from error
telegram.error.NetworkError: urllib3 HTTPError HTTPSConnectionPool(host='api.telegram.org', port=443): Max retries exceeded with url: /bot8663400657:AAEbBqdhw4ZfHrU7JqCGlj2twvONKQLYnTs/getUpdates (Caused by NewConnectionError('<telegram.vendor.ptb_urllib3.urllib3.connection.VerifiedHTTPSConnection object at 0x7df6ef198670>: Failed to establish a new connection: [Errno 101] Network is unreachable'))
WARNING 2026-07-22 20:00:32,935 connectionpool Retrying (Retry(total=2, connect=None, read=None, redirect=None)) after connection broken by 'NewConnectionError('<telegram.vendor.ptb_urllib3.urllib3.connection.VerifiedHTTPSConnection object at 0x7df6ef1988e0>: Failed to establish a new connection: [Errno 101] Network is unreachable')': /bot8663400657:AAEbBqdhw4ZfHrU7JqCGlj2twvONKQLYnTs/getUpdates
WARNING 2026-07-22 20:00:32,984 connectionpool Retrying (Retry(total=1, connect=None, read=None, redirect=None)) after connection broken by 'NewConnectionError('<telegram.vendor.ptb_urllib3.urllib3.connection.VerifiedHTTPSConnection object at 0x7df6ef198a90>: Failed to establish a new connection: [Errno 101] Network is unreachable')': /bot8663400657:AAEbBqdhw4ZfHrU7JqCGlj2twvONKQLYnTs/getUpdates
WARNING 2026-07-22 20:00:33,005 connectionpool Retrying (Retry(total=0, connect=None, read=None, redirect=None)) after connection broken by 'NewConnectionError('<telegram.vendor.ptb_urllib3.urllib3.connection.VerifiedHTTPSConnection object at 0x7df6ef199390>: Failed to establish a new connection: [Errno 101] Network is unreachable')': /bot8663400657:AAEbBqdhw4ZfHrU7JqCGlj2twvONKQLYnTs/getUpdates
ERROR 2026-07-22 20:00:33,024 updater Error while getting Updates: urllib3 HTTPError HTTPSConnectionPool(host='api.telegram.org', port=443): Max retries exceeded with url: /bot8663400657:AAEbBqdhw4ZfHrU7JqCGlj2twvONKQLYnTs/getUpdates (Caused by NewConnectionError('<telegram.vendor.ptb_urllib3.urllib3.connection.VerifiedHTTPSConnection object at 0x7df6ef19af20>: Failed to establish a new connection: [Errno 101] Network is unreachable'))
ERROR 2026-07-22 20:00:33,030 dispatcher No error handlers are registered, logging exception.
Traceback (most recent call last):
  File "/usr/local/lib/python3.10/site-packages/telegram/vendor/ptb_urllib3/urllib3/connection.py", line 140, in _new_conn
    conn = connection.create_connection(
  File "/usr/local/lib/python3.10/site-packages/telegram/vendor/ptb_urllib3/urllib3/util/connection.py", line 83, in create_connection
    raise err
  File "/usr/local/lib/python3.10/site-packages/telegram/vendor/ptb_urllib3/urllib3/util/connection.py", line 73, in create_connection
    sock.connect(sa)
OSError: [Errno 101] Network is unreachable

During handling of the above exception, another exception occurred:

Traceback (most recent call last):
  File "/usr/local/lib/python3.10/site-packages/telegram/vendor/ptb_urllib3/urllib3/connectionpool.py", line 614, in urlopen
    httplib_response = self._make_request(conn, method, url,
  File "/usr/local/lib/python3.10/site-packages/telegram/vendor/ptb_urllib3/urllib3/connectionpool.py", line 360, in _make_request
    self._validate_conn(conn)
  File "/usr/local/lib/python3.10/site-packages/telegram/vendor/ptb_urllib3/urllib3/connectionpool.py", line 857, in _validate_conn
    super(HTTPSConnectionPool, self)._validate_conn(conn)
  File "/usr/local/lib/python3.10/site-packages/telegram/vendor/ptb_urllib3/urllib3/connectionpool.py", line 289, in _validate_conn
    conn.connect()
  File "/usr/local/lib/python3.10/site-packages/telegram/vendor/ptb_urllib3/urllib3/connection.py", line 284, in connect
    conn = self._new_conn()
  File "/usr/local/lib/python3.10/site-packages/telegram/vendor/ptb_urllib3/urllib3/connection.py", line 149, in _new_conn
    raise NewConnectionError(
telegram.vendor.ptb_urllib3.urllib3.exceptions.NewConnectionError: <telegram.vendor.ptb_urllib3.urllib3.connection.VerifiedHTTPSConnection object at 0x7df6ef19af20>: Failed to establish a new connection: [Errno 101] Network is unreachable

During handling of the above exception, another exception occurred:

Traceback (most recent call last):
  File "/usr/local/lib/python3.10/site-packages/telegram/utils/request.py", line 259, in _request_wrapper
    resp = self._con_pool.request(*args, **kwargs)
  File "/usr/local/lib/python3.10/site-packages/telegram/vendor/ptb_urllib3/urllib3/request.py", line 68, in request
    return self.request_encode_body(method, url, fields=fields,
  File "/usr/local/lib/python3.10/site-packages/telegram/vendor/ptb_urllib3/urllib3/request.py", line 148, in request_encode_body
    return self.urlopen(method, url, **extra_kw)
  File "/usr/local/lib/python3.10/site-packages/telegram/vendor/ptb_urllib3/urllib3/poolmanager.py", line 244, in urlopen
    response = conn.urlopen(method, u.request_uri, **kw)
  File "/usr/local/lib/python3.10/site-packages/telegram/vendor/ptb_urllib3/urllib3/connectionpool.py", line 691, in urlopen
    return self.urlopen(method, url, body, headers, retries,
  File "/usr/local/lib/python3.10/site-packages/telegram/vendor/ptb_urllib3/urllib3/connectionpool.py", line 691, in urlopen
    return self.urlopen(method, url, body, headers, retries,
  File "/usr/local/lib/python3.10/site-packages/telegram/vendor/ptb_urllib3/urllib3/connectionpool.py", line 691, in urlopen
    return self.urlopen(method, url, body, headers, retries,
  File "/usr/local/lib/python3.10/site-packages/telegram/vendor/ptb_urllib3/urllib3/connectionpool.py", line 665, in urlopen
    retries = retries.increment(method, url, error=e, _pool=self,
  File "/usr/local/lib/python3.10/site-packages/telegram/vendor/ptb_urllib3/urllib3/util/retry.py", line 376, in increment
    raise MaxRetryError(_pool, url, error or ResponseError(cause))
telegram.vendor.ptb_urllib3.urllib3.exceptions.MaxRetryError: HTTPSConnectionPool(host='api.telegram.org', port=443): Max retries exceeded with url: /bot8663400657:AAEbBqdhw4ZfHrU7JqCGlj2twvONKQLYnTs/getUpdates (Caused by NewConnectionError('<telegram.vendor.ptb_urllib3.urllib3.connection.VerifiedHTTPSConnection object at 0x7df6ef19af20>: Failed to establish a new connection: [Errno 101] Network is unreachable'))

The above exception was the direct cause of the following exception:

Traceback (most recent call last):
  File "/usr/local/lib/python3.10/site-packages/telegram/ext/updater.py", line 651, in _network_loop_retry
    if not action_cb():
  File "/usr/local/lib/python3.10/site-packages/telegram/ext/updater.py", line 602, in polling_action_cb
    updates = self.bot.get_updates(
  File "/usr/local/lib/python3.10/site-packages/telegram/ext/extbot.py", line 228, in get_updates
    updates = super().get_updates(
  File "/usr/local/lib/python3.10/site-packages/telegram/bot.py", line 134, in decorator
    result = func(*args, **kwargs)
  File "/usr/local/lib/python3.10/site-packages/telegram/bot.py", line 3140, in get_updates
    self._post(
  File "/usr/local/lib/python3.10/site-packages/telegram/bot.py", line 299, in _post
    return self.request.post(
  File "/usr/local/lib/python3.10/site-packages/telegram/utils/request.py", line 361, in post
    result = self._request_wrapper(
  File "/usr/local/lib/python3.10/site-packages/telegram/utils/request.py", line 265, in _request_wrapper
    raise NetworkError(f'urllib3 HTTPError {error}') from error
telegram.error.NetworkError: urllib3 HTTPError HTTPSConnectionPool(host='api.telegram.org', port=443): Max retries exceeded with url: /bot8663400657:AAEbBqdhw4ZfHrU7JqCGlj2twvONKQLYnTs/getUpdates (Caused by NewConnectionError('<telegram.vendor.ptb_urllib3.urllib3.connection.VerifiedHTTPSConnection object at 0x7df6ef19af20>: Failed to establish a new connection: [Errno 101] Network is unreachable'))
INFO 2026-07-23 08:28:12,805 runbot1 Starting bot polling (attempt 1/5)...
INFO 2026-07-23 08:28:12,812 base Scheduler started
INFO 2026-07-23 10:07:26,881 updater Received signal 15 (SIGTERM), stopping...
INFO 2026-07-23 10:07:26,969 base Scheduler has been shut down
INFO 2026-07-24 15:20:33,919 runbot1 Starting bot polling (attempt 1/5)...
INFO 2026-07-24 15:20:33,925 base Scheduler started
INFO 2026-07-24 17:42:39,975 updater Received signal 15 (SIGTERM), stopping...
INFO 2026-07-24 17:42:40,019 base Scheduler has been shut down
INFO 2026-07-24 17:42:47,182 runbot1 Starting bot polling (attempt 1/5)...
INFO 2026-07-24 17:42:47,188 base Scheduler started
INFO 2026-07-24 17:46:32,786 runbot1 Contact verified for session 0zDdNBpy_ag2bD5kfnc67A: +998977705558
INFO 2026-07-24 18:06:27,636 runbot1 Contact verified for session 6Oz33Owfi8ZhKmaJLzBTJQ: +998977705558
INFO 2026-07-24 18:40:24,980 runbot1 Contact verified for session Tk82Lqj43k9Zib_lO9zp4w: +998977705558
INFO 2026-07-24 18:56:11,876 runbot1 Admin Telegram login deeplink sent to user for token: ********
INFO 2026-07-24 20:34:21,982 updater Received signal 15 (SIGTERM), stopping...
INFO 2026-07-24 20:34:22,101 base Scheduler has been shut down
INFO 2026-07-25 09:46:34,824 runbot1 Starting bot polling (attempt 1/5)...
INFO 2026-07-25 09:46:34,826 base Scheduler started
INFO 2026-07-25 10:05:17,659 runbot1 Contact verified for session 6YA8eOwagR8h3oSLfCV0ig: +998977705558
INFO 2026-07-25 10:27:51,200 runbot1 Contact verified for session UA9KCnObHz3rYlPdZo-B0A: +998977705558
WARNING 2026-07-25 10:44:25,776 otp_service Session not found: UA9KCnOb...
INFO 2026-07-25 11:08:15,116 updater Received signal 15 (SIGTERM), stopping...
INFO 2026-07-25 11:08:15,145 base Scheduler has been shut down
INFO 2026-07-25 11:10:02,006 runbot1 Starting bot polling (attempt 1/5)...
INFO 2026-07-25 11:10:02,008 base Scheduler started
INFO 2026-07-25 11:58:20,616 updater Received signal 15 (SIGTERM), stopping...
INFO 2026-07-25 11:58:20,755 base Scheduler has been shut down
INFO 2026-07-25 11:58:50,148 runbot1 Starting bot polling (attempt 1/5)...
INFO 2026-07-25 11:58:50,152 base Scheduler started
INFO 2026-07-25 12:00:52,553 updater Received signal 15 (SIGTERM), stopping...
INFO 2026-07-25 12:00:52,559 base Scheduler has been shut down
INFO 2026-07-25 17:16:28,767 runbot1 Starting bot polling (attempt 1/5)...
INFO 2026-07-25 17:16:28,769 base Scheduler started
INFO 2026-07-25 17:32:39,607 updater Received signal 15 (SIGTERM), stopping...
INFO 2026-07-25 17:32:39,624 base Scheduler has been shut down
INFO 2026-07-27 23:26:15,412 runbot1 Starting bot polling (attempt 1/5)...
INFO 2026-07-27 23:26:15,414 base Scheduler started
INFO 2026-07-28 01:04:32,536 updater Received signal 15 (SIGTERM), stopping...
INFO 2026-07-28 01:04:32,646 base Scheduler has been shut down
ERROR 2026-07-28 15:29:47,026 signal Signal handler <bound method DjangoFixup.on_import_modules of <celery.fixups.django.DjangoFixup object at 0x7b6e578739a0>> raised: ImportError("cannot import name 'AdminLoginSession' from 'users.models' (/app/users/models.py)")
Traceback (most recent call last):
  File "/usr/local/lib/python3.10/site-packages/celery/utils/dispatch/signal.py", line 276, in send
    response = receiver(signal=self, sender=sender, **named)
  File "/usr/local/lib/python3.10/site-packages/celery/fixups/django.py", line 97, in on_import_modules
    self.worker_fixup.validate_models()
  File "/usr/local/lib/python3.10/site-packages/celery/fixups/django.py", line 137, in validate_models
    run_checks()
  File "/usr/local/lib/python3.10/site-packages/django/core/checks/registry.py", line 88, in run_checks
    new_errors = check(app_configs=app_configs, databases=databases)
  File "/usr/local/lib/python3.10/site-packages/django/core/checks/urls.py", line 44, in check_url_namespaces_unique
    all_namespaces = _load_all_namespaces(resolver)
  File "/usr/local/lib/python3.10/site-packages/django/core/checks/urls.py", line 63, in _load_all_namespaces
    url_patterns = getattr(resolver, "url_patterns", [])
  File "/usr/local/lib/python3.10/site-packages/django/utils/functional.py", line 47, in __get__
    res = instance.__dict__[self.name] = self.func(instance)
  File "/usr/local/lib/python3.10/site-packages/django/urls/resolvers.py", line 718, in url_patterns
    patterns = getattr(self.urlconf_module, "urlpatterns", self.urlconf_module)
  File "/usr/local/lib/python3.10/site-packages/django/utils/functional.py", line 47, in __get__
    res = instance.__dict__[self.name] = self.func(instance)
  File "/usr/local/lib/python3.10/site-packages/django/urls/resolvers.py", line 711, in urlconf_module
    return import_module(self.urlconf_name)
  File "/usr/local/lib/python3.10/importlib/__init__.py", line 126, in import_module
    return _bootstrap._gcd_import(name[level:], package, level)
  File "<frozen importlib._bootstrap>", line 1050, in _gcd_import
  File "<frozen importlib._bootstrap>", line 1027, in _find_and_load
  File "<frozen importlib._bootstrap>", line 1006, in _find_and_load_unlocked
  File "<frozen importlib._bootstrap>", line 688, in _load_unlocked
  File "<frozen importlib._bootstrap_external>", line 883, in exec_module
  File "<frozen importlib._bootstrap>", line 241, in _call_with_frames_removed
  File "/app/config/urls.py", line 11, in <module>
    from users.views import AdminLoginViewSet, auth_view, AccountView
  File "/app/users/views.py", line 25, in <module>
    from .models import CustomUser, Seller, SubscribedUser, Deliverer, OnboardToken, AdminLoginSession
ImportError: cannot import name 'AdminLoginSession' from 'users.models' (/app/users/models.py)
INFO 2026-07-28 15:29:47,478 runbot1 Starting bot polling (attempt 1/5)...
INFO 2026-07-28 15:29:47,480 base Scheduler started
INFO 2026-07-28 16:02:30,740 updater Received signal 15 (SIGTERM), stopping...
INFO 2026-07-28 16:02:30,744 base Scheduler has been shut down
ERROR 2026-07-28 19:49:07,628 signal Signal handler <bound method DjangoFixup.on_import_modules of <celery.fixups.django.DjangoFixup object at 0x7b3131a0f9a0>> raised: ImportError("cannot import name 'AdminLoginSession' from 'users.models' (/app/users/models.py)")
Traceback (most recent call last):
  File "/usr/local/lib/python3.10/site-packages/celery/utils/dispatch/signal.py", line 276, in send
    response = receiver(signal=self, sender=sender, **named)
  File "/usr/local/lib/python3.10/site-packages/celery/fixups/django.py", line 97, in on_import_modules
    self.worker_fixup.validate_models()
  File "/usr/local/lib/python3.10/site-packages/celery/fixups/django.py", line 137, in validate_models
    run_checks()
  File "/usr/local/lib/python3.10/site-packages/django/core/checks/registry.py", line 88, in run_checks
    new_errors = check(app_configs=app_configs, databases=databases)
  File "/usr/local/lib/python3.10/site-packages/django/core/checks/urls.py", line 44, in check_url_namespaces_unique
    all_namespaces = _load_all_namespaces(resolver)
  File "/usr/local/lib/python3.10/site-packages/django/core/checks/urls.py", line 63, in _load_all_namespaces
    url_patterns = getattr(resolver, "url_patterns", [])
  File "/usr/local/lib/python3.10/site-packages/django/utils/functional.py", line 47, in __get__
    res = instance.__dict__[self.name] = self.func(instance)
  File "/usr/local/lib/python3.10/site-packages/django/urls/resolvers.py", line 718, in url_patterns
    patterns = getattr(self.urlconf_module, "urlpatterns", self.urlconf_module)
  File "/usr/local/lib/python3.10/site-packages/django/utils/functional.py", line 47, in __get__
    res = instance.__dict__[self.name] = self.func(instance)
  File "/usr/local/lib/python3.10/site-packages/django/urls/resolvers.py", line 711, in urlconf_module
    return import_module(self.urlconf_name)
  File "/usr/local/lib/python3.10/importlib/__init__.py", line 126, in import_module
    return _bootstrap._gcd_import(name[level:], package, level)
  File "<frozen importlib._bootstrap>", line 1050, in _gcd_import
  File "<frozen importlib._bootstrap>", line 1027, in _find_and_load
  File "<frozen importlib._bootstrap>", line 1006, in _find_and_load_unlocked
  File "<frozen importlib._bootstrap>", line 688, in _load_unlocked
  File "<frozen importlib._bootstrap_external>", line 883, in exec_module
  File "<frozen importlib._bootstrap>", line 241, in _call_with_frames_removed
  File "/app/config/urls.py", line 11, in <module>
    from users.views import AdminLoginViewSet, auth_view, AccountView
  File "/app/users/views.py", line 25, in <module>
    from .models import CustomUser, Seller, SubscribedUser, Deliverer, OnboardToken, AdminLoginSession
ImportError: cannot import name 'AdminLoginSession' from 'users.models' (/app/users/models.py)
INFO 2026-07-28 19:49:08,287 runbot1 Starting bot polling (attempt 1/5)...
INFO 2026-07-28 19:49:08,289 base Scheduler started
ERROR 2026-07-28 19:59:34,751 signal Signal handler <bound method DjangoFixup.on_import_modules of <celery.fixups.django.DjangoFixup object at 0x78c21e54f9a0>> raised: ImportError("cannot import name 'AdminLoginSession' from 'users.models' (/app/users/models.py)")
Traceback (most recent call last):
  File "/usr/local/lib/python3.10/site-packages/celery/utils/dispatch/signal.py", line 276, in send
    response = receiver(signal=self, sender=sender, **named)
  File "/usr/local/lib/python3.10/site-packages/celery/fixups/django.py", line 97, in on_import_modules
    self.worker_fixup.validate_models()
  File "/usr/local/lib/python3.10/site-packages/celery/fixups/django.py", line 137, in validate_models
    run_checks()
  File "/usr/local/lib/python3.10/site-packages/django/core/checks/registry.py", line 88, in run_checks
    new_errors = check(app_configs=app_configs, databases=databases)
  File "/usr/local/lib/python3.10/site-packages/django/core/checks/urls.py", line 44, in check_url_namespaces_unique
    all_namespaces = _load_all_namespaces(resolver)
  File "/usr/local/lib/python3.10/site-packages/django/core/checks/urls.py", line 63, in _load_all_namespaces
    url_patterns = getattr(resolver, "url_patterns", [])
  File "/usr/local/lib/python3.10/site-packages/django/utils/functional.py", line 47, in __get__
    res = instance.__dict__[self.name] = self.func(instance)
  File "/usr/local/lib/python3.10/site-packages/django/urls/resolvers.py", line 718, in url_patterns
    patterns = getattr(self.urlconf_module, "urlpatterns", self.urlconf_module)
  File "/usr/local/lib/python3.10/site-packages/django/utils/functional.py", line 47, in __get__
    res = instance.__dict__[self.name] = self.func(instance)
  File "/usr/local/lib/python3.10/site-packages/django/urls/resolvers.py", line 711, in urlconf_module
    return import_module(self.urlconf_name)
  File "/usr/local/lib/python3.10/importlib/__init__.py", line 126, in import_module
    return _bootstrap._gcd_import(name[level:], package, level)
  File "<frozen importlib._bootstrap>", line 1050, in _gcd_import
  File "<frozen importlib._bootstrap>", line 1027, in _find_and_load
  File "<frozen importlib._bootstrap>", line 1006, in _find_and_load_unlocked
  File "<frozen importlib._bootstrap>", line 688, in _load_unlocked
  File "<frozen importlib._bootstrap_external>", line 883, in exec_module
  File "<frozen importlib._bootstrap>", line 241, in _call_with_frames_removed
  File "/app/config/urls.py", line 11, in <module>
    from users.views import AdminLoginViewSet, auth_view, AccountView
  File "/app/users/views.py", line 25, in <module>
    from .models import CustomUser, Seller, SubscribedUser, Deliverer, OnboardToken, AdminLoginSession
ImportError: cannot import name 'AdminLoginSession' from 'users.models' (/app/users/models.py)
INFO 2026-07-28 20:16:38,381 updater Received signal 15 (SIGTERM), stopping...
INFO 2026-07-28 20:16:38,384 base Scheduler has been shut down
INFO 2026-07-28 20:16:49,474 runbot1 Starting bot polling (attempt 1/5)...
INFO 2026-07-28 20:16:49,476 base Scheduler started
INFO 2026-07-28 21:28:59,697 updater Received signal 15 (SIGTERM), stopping...
INFO 2026-07-28 21:28:59,721 base Scheduler has been shut down
INFO 2026-07-29 14:40:43,322 runbot1 Starting bot polling (attempt 1/5)...
INFO 2026-07-29 14:40:43,325 base Scheduler started
INFO 2026-07-29 19:44:05,765 runbot1 Contact received for session ckFNH1zWx1T6QPs1Kk0Geg: +998977705558
INFO 2026-07-29 21:31:13,016 updater Received signal 15 (SIGTERM), stopping...
INFO 2026-07-29 21:31:13,085 base Scheduler has been shut down
INFO 2026-07-29 21:31:19,811 runbot1 Starting bot polling (attempt 1/5)...
INFO 2026-07-29 21:31:19,813 base Scheduler started
INFO 2026-07-30 09:35:03,345 runbot1 Starting bot polling (attempt 1/5)...
INFO 2026-07-30 09:35:03,346 base Scheduler started
INFO 2026-07-30 12:34:53,957 runbot1 Contact received for session flke5yr7mWIkdkRpS99adQ: +998977705558
INFO 2026-07-31 08:31:03,039 runbot1 Starting bot polling (attempt 1/5)...
INFO 2026-07-31 08:31:03,041 base Scheduler started
INFO 2026-07-31 10:05:44,710 updater Received signal 15 (SIGTERM), stopping...
INFO 2026-07-31 10:05:44,770 base Scheduler has been shut down
INFO 2026-07-31 10:34:29,740 runbot1 Starting bot polling (attempt 1/5)...
INFO 2026-07-31 10:34:29,742 base Scheduler started
INFO 2026-07-31 11:01:19,401 updater Received signal 15 (SIGTERM), stopping...
INFO 2026-07-31 11:01:19,409 base Scheduler has been shut down
INFO 2026-07-31 11:08:39,412 runbot1 Starting bot polling (attempt 1/5)...
INFO 2026-07-31 11:08:39,414 base Scheduler started
INFO 2026-07-31 12:20:39,931 updater Received signal 15 (SIGTERM), stopping...
INFO 2026-07-31 12:20:39,978 base Scheduler has been shut down
INFO 2026-07-31 12:23:57,347 runbot1 Starting bot polling (attempt 1/5)...
INFO 2026-07-31 12:23:57,349 base Scheduler started
ERROR 2026-07-31 12:33:59,880 updater Error while getting Updates: urllib3 HTTPError ('Connection aborted.', RemoteDisconnected('Remote end closed connection without response'))
ERROR 2026-07-31 12:33:59,971 dispatcher No error handlers are registered, logging exception.
Traceback (most recent call last):
  File "/usr/local/lib/python3.10/site-packages/telegram/vendor/ptb_urllib3/urllib3/connectionpool.py", line 614, in urlopen
    httplib_response = self._make_request(conn, method, url,
  File "/usr/local/lib/python3.10/site-packages/telegram/vendor/ptb_urllib3/urllib3/connectionpool.py", line 402, in _make_request
    six.raise_from(e, None)
  File "<string>", line 2, in raise_from
  File "/usr/local/lib/python3.10/site-packages/telegram/vendor/ptb_urllib3/urllib3/connectionpool.py", line 398, in _make_request
    httplib_response = conn.getresponse()
  File "/usr/local/lib/python3.10/http/client.py", line 1395, in getresponse
    response.begin()
  File "/usr/local/lib/python3.10/http/client.py", line 323, in begin
    version, status, reason = self._read_status()
  File "/usr/local/lib/python3.10/http/client.py", line 292, in _read_status
    raise RemoteDisconnected("Remote end closed connection without"
http.client.RemoteDisconnected: Remote end closed connection without response

During handling of the above exception, another exception occurred:

Traceback (most recent call last):
  File "/usr/local/lib/python3.10/site-packages/telegram/utils/request.py", line 259, in _request_wrapper
    resp = self._con_pool.request(*args, **kwargs)
  File "/usr/local/lib/python3.10/site-packages/telegram/vendor/ptb_urllib3/urllib3/request.py", line 68, in request
    return self.request_encode_body(method, url, fields=fields,
  File "/usr/local/lib/python3.10/site-packages/telegram/vendor/ptb_urllib3/urllib3/request.py", line 148, in request_encode_body
    return self.urlopen(method, url, **extra_kw)
  File "/usr/local/lib/python3.10/site-packages/telegram/vendor/ptb_urllib3/urllib3/poolmanager.py", line 244, in urlopen
    response = conn.urlopen(method, u.request_uri, **kw)
  File "/usr/local/lib/python3.10/site-packages/telegram/vendor/ptb_urllib3/urllib3/connectionpool.py", line 665, in urlopen
    retries = retries.increment(method, url, error=e, _pool=self,
  File "/usr/local/lib/python3.10/site-packages/telegram/vendor/ptb_urllib3/urllib3/util/retry.py", line 347, in increment
    raise six.reraise(type(error), error, _stacktrace)
  File "/usr/local/lib/python3.10/site-packages/telegram/vendor/ptb_urllib3/urllib3/packages/six.py", line 685, in reraise
    raise value.with_traceback(tb)
  File "/usr/local/lib/python3.10/site-packages/telegram/vendor/ptb_urllib3/urllib3/connectionpool.py", line 614, in urlopen
    httplib_response = self._make_request(conn, method, url,
  File "/usr/local/lib/python3.10/site-packages/telegram/vendor/ptb_urllib3/urllib3/connectionpool.py", line 402, in _make_request
    six.raise_from(e, None)
  File "<string>", line 2, in raise_from
  File "/usr/local/lib/python3.10/site-packages/telegram/vendor/ptb_urllib3/urllib3/connectionpool.py", line 398, in _make_request
    httplib_response = conn.getresponse()
  File "/usr/local/lib/python3.10/http/client.py", line 1395, in getresponse
    response.begin()
  File "/usr/local/lib/python3.10/http/client.py", line 323, in begin
    version, status, reason = self._read_status()
  File "/usr/local/lib/python3.10/http/client.py", line 292, in _read_status
    raise RemoteDisconnected("Remote end closed connection without"
telegram.vendor.ptb_urllib3.urllib3.exceptions.ProtocolError: ('Connection aborted.', RemoteDisconnected('Remote end closed connection without response'))

The above exception was the direct cause of the following exception:

Traceback (most recent call last):
  File "/usr/local/lib/python3.10/site-packages/telegram/ext/updater.py", line 651, in _network_loop_retry
    if not action_cb():
  File "/usr/local/lib/python3.10/site-packages/telegram/ext/updater.py", line 602, in polling_action_cb
    updates = self.bot.get_updates(
  File "/usr/local/lib/python3.10/site-packages/telegram/ext/extbot.py", line 228, in get_updates
    updates = super().get_updates(
  File "/usr/local/lib/python3.10/site-packages/telegram/bot.py", line 134, in decorator
    result = func(*args, **kwargs)
  File "/usr/local/lib/python3.10/site-packages/telegram/bot.py", line 3140, in get_updates
    self._post(
  File "/usr/local/lib/python3.10/site-packages/telegram/bot.py", line 299, in _post
    return self.request.post(
  File "/usr/local/lib/python3.10/site-packages/telegram/utils/request.py", line 361, in post
    result = self._request_wrapper(
  File "/usr/local/lib/python3.10/site-packages/telegram/utils/request.py", line 265, in _request_wrapper
    raise NetworkError(f'urllib3 HTTPError {error}') from error
telegram.error.NetworkError: urllib3 HTTPError ('Connection aborted.', RemoteDisconnected('Remote end closed connection without response'))
INFO 2026-07-31 13:14:31,140 updater Received signal 15 (SIGTERM), stopping...
INFO 2026-07-31 13:14:31,158 base Scheduler has been shut down
INFO 2026-07-31 15:29:04,311 runbot1 Starting bot polling (attempt 1/5)...
INFO 2026-07-31 15:29:04,314 base Scheduler started
INFO 2026-07-31 16:14:38,354 updater Received signal 15 (SIGTERM), stopping...
INFO 2026-07-31 16:14:38,370 base Scheduler has been shut down
INFO 2026-07-31 17:53:13,333 runbot1 Starting bot polling (attempt 1/5)...
INFO 2026-07-31 17:53:13,335 base Scheduler started
INFO 2026-07-31 18:30:32,412 updater Received signal 15 (SIGTERM), stopping...
INFO 2026-07-31 18:30:32,427 base Scheduler has been shut down
INFO 2026-07-31 21:23:45,392 runbot1 Starting bot polling (attempt 1/5)...
INFO 2026-07-31 21:23:45,395 base Scheduler started
INFO 2026-07-31 21:41:59,488 updater Received signal 15 (SIGTERM), stopping...
INFO 2026-07-31 21:41:59,530 base Scheduler has been shut down
INFO 2026-07-31 22:01:16,960 runbot1 Starting bot polling (attempt 1/5)...
INFO 2026-07-31 22:01:16,963 base Scheduler started
INFO 2026-07-31 22:31:12,122 runbot1 Contact received for session M6_kkNgJ3qYKXNW9-S2yUQ: +998977705558
INFO 2026-07-31 22:32:05,909 updater Received signal 15 (SIGTERM), stopping...
INFO 2026-07-31 22:32:05,924 base Scheduler has been shut down
INFO 2026-07-31 22:47:36,679 runbot1 Starting bot polling (attempt 1/5)...
INFO 2026-07-31 22:47:36,682 base Scheduler started
INFO 2026-07-31 22:55:49,530 updater Received signal 15 (SIGTERM), stopping...
INFO 2026-07-31 22:55:49,538 base Scheduler has been shut down
INFO 2026-07-31 23:10:08,134 runbot1 Starting bot polling (attempt 1/5)...
INFO 2026-07-31 23:10:08,137 base Scheduler started
WARNING 2026-07-31 23:52:50,301 connectionpool Retrying (Retry(total=2, connect=None, read=None, redirect=None)) after connection broken by 'NewConnectionError('<telegram.vendor.ptb_urllib3.urllib3.connection.VerifiedHTTPSConnection object at 0x725bc172c460>: Failed to establish a new connection: [Errno -2] Name or service not known')': /bot8663400657:AAEbBqdhw4ZfHrU7JqCGlj2twvONKQLYnTs/getUpdates
WARNING 2026-07-31 23:52:50,375 connectionpool Retrying (Retry(total=1, connect=None, read=None, redirect=None)) after connection broken by 'NewConnectionError('<telegram.vendor.ptb_urllib3.urllib3.connection.VerifiedHTTPSConnection object at 0x725bc172e8f0>: Failed to establish a new connection: [Errno -2] Name or service not known')': /bot8663400657:AAEbBqdhw4ZfHrU7JqCGlj2twvONKQLYnTs/getUpdates
WARNING 2026-07-31 23:52:50,428 connectionpool Retrying (Retry(total=0, connect=None, read=None, redirect=None)) after connection broken by 'NewConnectionError('<telegram.vendor.ptb_urllib3.urllib3.connection.VerifiedHTTPSConnection object at 0x725bc172ead0>: Failed to establish a new connection: [Errno -2] Name or service not known')': /bot8663400657:AAEbBqdhw4ZfHrU7JqCGlj2twvONKQLYnTs/getUpdates
ERROR 2026-07-31 23:52:50,478 updater Error while getting Updates: urllib3 HTTPError HTTPSConnectionPool(host='api.telegram.org', port=443): Max retries exceeded with url: /bot8663400657:AAEbBqdhw4ZfHrU7JqCGlj2twvONKQLYnTs/getUpdates (Caused by NewConnectionError('<telegram.vendor.ptb_urllib3.urllib3.connection.VerifiedHTTPSConnection object at 0x725bc172fb80>: Failed to establish a new connection: [Errno -2] Name or service not known'))
ERROR 2026-07-31 23:52:50,504 dispatcher No error handlers are registered, logging exception.
Traceback (most recent call last):
  File "/usr/local/lib/python3.10/site-packages/telegram/vendor/ptb_urllib3/urllib3/connection.py", line 140, in _new_conn
    conn = connection.create_connection(
  File "/usr/local/lib/python3.10/site-packages/telegram/vendor/ptb_urllib3/urllib3/util/connection.py", line 60, in create_connection
    for res in socket.getaddrinfo(host, port, family, socket.SOCK_STREAM):
  File "/usr/local/lib/python3.10/socket.py", line 967, in getaddrinfo
    for res in _socket.getaddrinfo(host, port, family, type, proto, flags):
socket.gaierror: [Errno -2] Name or service not known

During handling of the above exception, another exception occurred:

Traceback (most recent call last):
  File "/usr/local/lib/python3.10/site-packages/telegram/vendor/ptb_urllib3/urllib3/connectionpool.py", line 614, in urlopen
    httplib_response = self._make_request(conn, method, url,
  File "/usr/local/lib/python3.10/site-packages/telegram/vendor/ptb_urllib3/urllib3/connectionpool.py", line 360, in _make_request
    self._validate_conn(conn)
  File "/usr/local/lib/python3.10/site-packages/telegram/vendor/ptb_urllib3/urllib3/connectionpool.py", line 857, in _validate_conn
    super(HTTPSConnectionPool, self)._validate_conn(conn)
  File "/usr/local/lib/python3.10/site-packages/telegram/vendor/ptb_urllib3/urllib3/connectionpool.py", line 289, in _validate_conn
    conn.connect()
  File "/usr/local/lib/python3.10/site-packages/telegram/vendor/ptb_urllib3/urllib3/connection.py", line 284, in connect
    conn = self._new_conn()
  File "/usr/local/lib/python3.10/site-packages/telegram/vendor/ptb_urllib3/urllib3/connection.py", line 149, in _new_conn
    raise NewConnectionError(
telegram.vendor.ptb_urllib3.urllib3.exceptions.NewConnectionError: <telegram.vendor.ptb_urllib3.urllib3.connection.VerifiedHTTPSConnection object at 0x725bc172fb80>: Failed to establish a new connection: [Errno -2] Name or service not known

During handling of the above exception, another exception occurred:

Traceback (most recent call last):
  File "/usr/local/lib/python3.10/site-packages/telegram/utils/request.py", line 259, in _request_wrapper
    resp = self._con_pool.request(*args, **kwargs)
  File "/usr/local/lib/python3.10/site-packages/telegram/vendor/ptb_urllib3/urllib3/request.py", line 68, in request
    return self.request_encode_body(method, url, fields=fields,
  File "/usr/local/lib/python3.10/site-packages/telegram/vendor/ptb_urllib3/urllib3/request.py", line 148, in request_encode_body
    return self.urlopen(method, url, **extra_kw)
  File "/usr/local/lib/python3.10/site-packages/telegram/vendor/ptb_urllib3/urllib3/poolmanager.py", line 244, in urlopen
    response = conn.urlopen(method, u.request_uri, **kw)
  File "/usr/local/lib/python3.10/site-packages/telegram/vendor/ptb_urllib3/urllib3/connectionpool.py", line 691, in urlopen
    return self.urlopen(method, url, body, headers, retries,
  File "/usr/local/lib/python3.10/site-packages/telegram/vendor/ptb_urllib3/urllib3/connectionpool.py", line 691, in urlopen
    return self.urlopen(method, url, body, headers, retries,
  File "/usr/local/lib/python3.10/site-packages/telegram/vendor/ptb_urllib3/urllib3/connectionpool.py", line 691, in urlopen
    return self.urlopen(method, url, body, headers, retries,
  File "/usr/local/lib/python3.10/site-packages/telegram/vendor/ptb_urllib3/urllib3/connectionpool.py", line 665, in urlopen
    retries = retries.increment(method, url, error=e, _pool=self,
  File "/usr/local/lib/python3.10/site-packages/telegram/vendor/ptb_urllib3/urllib3/util/retry.py", line 376, in increment
    raise MaxRetryError(_pool, url, error or ResponseError(cause))
telegram.vendor.ptb_urllib3.urllib3.exceptions.MaxRetryError: HTTPSConnectionPool(host='api.telegram.org', port=443): Max retries exceeded with url: /bot8663400657:AAEbBqdhw4ZfHrU7JqCGlj2twvONKQLYnTs/getUpdates (Caused by NewConnectionError('<telegram.vendor.ptb_urllib3.urllib3.connection.VerifiedHTTPSConnection object at 0x725bc172fb80>: Failed to establish a new connection: [Errno -2] Name or service not known'))

The above exception was the direct cause of the following exception:

Traceback (most recent call last):
  File "/usr/local/lib/python3.10/site-packages/telegram/ext/updater.py", line 651, in _network_loop_retry
    if not action_cb():
  File "/usr/local/lib/python3.10/site-packages/telegram/ext/updater.py", line 602, in polling_action_cb
    updates = self.bot.get_updates(
  File "/usr/local/lib/python3.10/site-packages/telegram/ext/extbot.py", line 228, in get_updates
    updates = super().get_updates(
  File "/usr/local/lib/python3.10/site-packages/telegram/bot.py", line 134, in decorator
    result = func(*args, **kwargs)
  File "/usr/local/lib/python3.10/site-packages/telegram/bot.py", line 3140, in get_updates
    self._post(
  File "/usr/local/lib/python3.10/site-packages/telegram/bot.py", line 299, in _post
    return self.request.post(
  File "/usr/local/lib/python3.10/site-packages/telegram/utils/request.py", line 361, in post
    result = self._request_wrapper(
  File "/usr/local/lib/python3.10/site-packages/telegram/utils/request.py", line 265, in _request_wrapper
    raise NetworkError(f'urllib3 HTTPError {error}') from error
telegram.error.NetworkError: urllib3 HTTPError HTTPSConnectionPool(host='api.telegram.org', port=443): Max retries exceeded with url: /bot8663400657:AAEbBqdhw4ZfHrU7JqCGlj2twvONKQLYnTs/getUpdates (Caused by NewConnectionError('<telegram.vendor.ptb_urllib3.urllib3.connection.VerifiedHTTPSConnection object at 0x725bc172fb80>: Failed to establish a new connection: [Errno -2] Name or service not known'))
WARNING 2026-07-31 23:52:51,510 connectionpool Retrying (Retry(total=2, connect=None, read=None, redirect=None)) after connection broken by 'NewConnectionError('<telegram.vendor.ptb_urllib3.urllib3.connection.VerifiedHTTPSConnection object at 0x725bc172f4c0>: Failed to establish a new connection: [Errno -2] Name or service not known')': /bot8663400657:AAEbBqdhw4ZfHrU7JqCGlj2twvONKQLYnTs/getUpdates
WARNING 2026-07-31 23:52:51,519 connectionpool Retrying (Retry(total=1, connect=None, read=None, redirect=None)) after connection broken by 'NewConnectionError('<telegram.vendor.ptb_urllib3.urllib3.connection.VerifiedHTTPSConnection object at 0x725bc172f490>: Failed to establish a new connection: [Errno -2] Name or service not known')': /bot8663400657:AAEbBqdhw4ZfHrU7JqCGlj2twvONKQLYnTs/getUpdates
WARNING 2026-07-31 23:52:51,528 connectionpool Retrying (Retry(total=0, connect=None, read=None, redirect=None)) after connection broken by 'NewConnectionError('<telegram.vendor.ptb_urllib3.urllib3.connection.VerifiedHTTPSConnection object at 0x725bc172f670>: Failed to establish a new connection: [Errno -2] Name or service not known')': /bot8663400657:AAEbBqdhw4ZfHrU7JqCGlj2twvONKQLYnTs/getUpdates
ERROR 2026-07-31 23:52:51,536 updater Error while getting Updates: urllib3 HTTPError HTTPSConnectionPool(host='api.telegram.org', port=443): Max retries exceeded with url: /bot8663400657:AAEbBqdhw4ZfHrU7JqCGlj2twvONKQLYnTs/getUpdates (Caused by NewConnectionError('<telegram.vendor.ptb_urllib3.urllib3.connection.VerifiedHTTPSConnection object at 0x725bc172f520>: Failed to establish a new connection: [Errno -2] Name or service not known'))
ERROR 2026-07-31 23:52:51,539 dispatcher No error handlers are registered, logging exception.
Traceback (most recent call last):
  File "/usr/local/lib/python3.10/site-packages/telegram/vendor/ptb_urllib3/urllib3/connection.py", line 140, in _new_conn
    conn = connection.create_connection(
  File "/usr/local/lib/python3.10/site-packages/telegram/vendor/ptb_urllib3/urllib3/util/connection.py", line 60, in create_connection
    for res in socket.getaddrinfo(host, port, family, socket.SOCK_STREAM):
  File "/usr/local/lib/python3.10/socket.py", line 967, in getaddrinfo
    for res in _socket.getaddrinfo(host, port, family, type, proto, flags):
socket.gaierror: [Errno -2] Name or service not known

During handling of the above exception, another exception occurred:

Traceback (most recent call last):
  File "/usr/local/lib/python3.10/site-packages/telegram/vendor/ptb_urllib3/urllib3/connectionpool.py", line 614, in urlopen
    httplib_response = self._make_request(conn, method, url,
  File "/usr/local/lib/python3.10/site-packages/telegram/vendor/ptb_urllib3/urllib3/connectionpool.py", line 360, in _make_request
    self._validate_conn(conn)
  File "/usr/local/lib/python3.10/site-packages/telegram/vendor/ptb_urllib3/urllib3/connectionpool.py", line 857, in _validate_conn
    super(HTTPSConnectionPool, self)._validate_conn(conn)
  File "/usr/local/lib/python3.10/site-packages/telegram/vendor/ptb_urllib3/urllib3/connectionpool.py", line 289, in _validate_conn
    conn.connect()
  File "/usr/local/lib/python3.10/site-packages/telegram/vendor/ptb_urllib3/urllib3/connection.py", line 284, in connect
    conn = self._new_conn()
  File "/usr/local/lib/python3.10/site-packages/telegram/vendor/ptb_urllib3/urllib3/connection.py", line 149, in _new_conn
    raise NewConnectionError(
telegram.vendor.ptb_urllib3.urllib3.exceptions.NewConnectionError: <telegram.vendor.ptb_urllib3.urllib3.connection.VerifiedHTTPSConnection object at 0x725bc172f520>: Failed to establish a new connection: [Errno -2] Name or service not known

During handling of the above exception, another exception occurred:

Traceback (most recent call last):
  File "/usr/local/lib/python3.10/site-packages/telegram/utils/request.py", line 259, in _request_wrapper
    resp = self._con_pool.request(*args, **kwargs)
  File "/usr/local/lib/python3.10/site-packages/telegram/vendor/ptb_urllib3/urllib3/request.py", line 68, in request
    return self.request_encode_body(method, url, fields=fields,
  File "/usr/local/lib/python3.10/site-packages/telegram/vendor/ptb_urllib3/urllib3/request.py", line 148, in request_encode_body
    return self.urlopen(method, url, **extra_kw)
  File "/usr/local/lib/python3.10/site-packages/telegram/vendor/ptb_urllib3/urllib3/poolmanager.py", line 244, in urlopen
    response = conn.urlopen(method, u.request_uri, **kw)
  File "/usr/local/lib/python3.10/site-packages/telegram/vendor/ptb_urllib3/urllib3/connectionpool.py", line 691, in urlopen
    return self.urlopen(method, url, body, headers, retries,
  File "/usr/local/lib/python3.10/site-packages/telegram/vendor/ptb_urllib3/urllib3/connectionpool.py", line 691, in urlopen
    return self.urlopen(method, url, body, headers, retries,
  File "/usr/local/lib/python3.10/site-packages/telegram/vendor/ptb_urllib3/urllib3/connectionpool.py", line 691, in urlopen
    return self.urlopen(method, url, body, headers, retries,
  File "/usr/local/lib/python3.10/site-packages/telegram/vendor/ptb_urllib3/urllib3/connectionpool.py", line 665, in urlopen
    retries = retries.increment(method, url, error=e, _pool=self,
  File "/usr/local/lib/python3.10/site-packages/telegram/vendor/ptb_urllib3/urllib3/util/retry.py", line 376, in increment
    raise MaxRetryError(_pool, url, error or ResponseError(cause))
telegram.vendor.ptb_urllib3.urllib3.exceptions.MaxRetryError: HTTPSConnectionPool(host='api.telegram.org', port=443): Max retries exceeded with url: /bot8663400657:AAEbBqdhw4ZfHrU7JqCGlj2twvONKQLYnTs/getUpdates (Caused by NewConnectionError('<telegram.vendor.ptb_urllib3.urllib3.connection.VerifiedHTTPSConnection object at 0x725bc172f520>: Failed to establish a new connection: [Errno -2] Name or service not known'))

The above exception was the direct cause of the following exception:

Traceback (most recent call last):
  File "/usr/local/lib/python3.10/site-packages/telegram/ext/updater.py", line 651, in _network_loop_retry
    if not action_cb():
  File "/usr/local/lib/python3.10/site-packages/telegram/ext/updater.py", line 602, in polling_action_cb
    updates = self.bot.get_updates(
  File "/usr/local/lib/python3.10/site-packages/telegram/ext/extbot.py", line 228, in get_updates
    updates = super().get_updates(
  File "/usr/local/lib/python3.10/site-packages/telegram/bot.py", line 134, in decorator
    result = func(*args, **kwargs)
  File "/usr/local/lib/python3.10/site-packages/telegram/bot.py", line 3140, in get_updates
    self._post(
  File "/usr/local/lib/python3.10/site-packages/telegram/bot.py", line 299, in _post
    return self.request.post(
  File "/usr/local/lib/python3.10/site-packages/telegram/utils/request.py", line 361, in post
    result = self._request_wrapper(
  File "/usr/local/lib/python3.10/site-packages/telegram/utils/request.py", line 265, in _request_wrapper
    raise NetworkError(f'urllib3 HTTPError {error}') from error
telegram.error.NetworkError: urllib3 HTTPError HTTPSConnectionPool(host='api.telegram.org', port=443): Max retries exceeded with url: /bot8663400657:AAEbBqdhw4ZfHrU7JqCGlj2twvONKQLYnTs/getUpdates (Caused by NewConnectionError('<telegram.vendor.ptb_urllib3.urllib3.connection.VerifiedHTTPSConnection object at 0x725bc172f520>: Failed to establish a new connection: [Errno -2] Name or service not known'))
WARNING 2026-07-31 23:52:53,047 connectionpool Retrying (Retry(total=2, connect=None, read=None, redirect=None)) after connection broken by 'NewConnectionError('<telegram.vendor.ptb_urllib3.urllib3.connection.VerifiedHTTPSConnection object at 0x725bc172fa00>: Failed to establish a new connection: [Errno -2] Name or service not known')': /bot8663400657:AAEbBqdhw4ZfHrU7JqCGlj2twvONKQLYnTs/getUpdates
WARNING 2026-07-31 23:52:53,054 connectionpool Retrying (Retry(total=1, connect=None, read=None, redirect=None)) after connection broken by 'NewConnectionError('<telegram.vendor.ptb_urllib3.urllib3.connection.VerifiedHTTPSConnection object at 0x725bc1753550>: Failed to establish a new connection: [Errno -2] Name or service not known')': /bot8663400657:AAEbBqdhw4ZfHrU7JqCGlj2twvONKQLYnTs/getUpdates
WARNING 2026-07-31 23:52:53,063 connectionpool Retrying (Retry(total=0, connect=None, read=None, redirect=None)) after connection broken by 'NewConnectionError('<telegram.vendor.ptb_urllib3.urllib3.connection.VerifiedHTTPSConnection object at 0x725bc1750d60>: Failed to establish a new connection: [Errno -2] Name or service not known')': /bot8663400657:AAEbBqdhw4ZfHrU7JqCGlj2twvONKQLYnTs/getUpdates
ERROR 2026-07-31 23:52:53,070 updater Error while getting Updates: urllib3 HTTPError HTTPSConnectionPool(host='api.telegram.org', port=443): Max retries exceeded with url: /bot8663400657:AAEbBqdhw4ZfHrU7JqCGlj2twvONKQLYnTs/getUpdates (Caused by NewConnectionError('<telegram.vendor.ptb_urllib3.urllib3.connection.VerifiedHTTPSConnection object at 0x725bc1750c10>: Failed to establish a new connection: [Errno -2] Name or service not known'))
ERROR 2026-07-31 23:52:53,072 dispatcher No error handlers are registered, logging exception.
Traceback (most recent call last):
  File "/usr/local/lib/python3.10/site-packages/telegram/vendor/ptb_urllib3/urllib3/connection.py", line 140, in _new_conn
    conn = connection.create_connection(
  File "/usr/local/lib/python3.10/site-packages/telegram/vendor/ptb_urllib3/urllib3/util/connection.py", line 60, in create_connection
    for res in socket.getaddrinfo(host, port, family, socket.SOCK_STREAM):
  File "/usr/local/lib/python3.10/socket.py", line 967, in getaddrinfo
    for res in _socket.getaddrinfo(host, port, family, type, proto, flags):
socket.gaierror: [Errno -2] Name or service not known

During handling of the above exception, another exception occurred:

Traceback (most recent call last):
  File "/usr/local/lib/python3.10/site-packages/telegram/vendor/ptb_urllib3/urllib3/connectionpool.py", line 614, in urlopen
    httplib_response = self._make_request(conn, method, url,
  File "/usr/local/lib/python3.10/site-packages/telegram/vendor/ptb_urllib3/urllib3/connectionpool.py", line 360, in _make_request
    self._validate_conn(conn)
  File "/usr/local/lib/python3.10/site-packages/telegram/vendor/ptb_urllib3/urllib3/connectionpool.py", line 857, in _validate_conn
    super(HTTPSConnectionPool, self)._validate_conn(conn)
  File "/usr/local/lib/python3.10/site-packages/telegram/vendor/ptb_urllib3/urllib3/connectionpool.py", line 289, in _validate_conn
    conn.connect()
  File "/usr/local/lib/python3.10/site-packages/telegram/vendor/ptb_urllib3/urllib3/connection.py", line 284, in connect
    conn = self._new_conn()
  File "/usr/local/lib/python3.10/site-packages/telegram/vendor/ptb_urllib3/urllib3/connection.py", line 149, in _new_conn
    raise NewConnectionError(
telegram.vendor.ptb_urllib3.urllib3.exceptions.NewConnectionError: <telegram.vendor.ptb_urllib3.urllib3.connection.VerifiedHTTPSConnection object at 0x725bc1750c10>: Failed to establish a new connection: [Errno -2] Name or service not known

During handling of the above exception, another exception occurred:

Traceback (most recent call last):
  File "/usr/local/lib/python3.10/site-packages/telegram/utils/request.py", line 259, in _request_wrapper
    resp = self._con_pool.request(*args, **kwargs)
  File "/usr/local/lib/python3.10/site-packages/telegram/vendor/ptb_urllib3/urllib3/request.py", line 68, in request
    return self.request_encode_body(method, url, fields=fields,
  File "/usr/local/lib/python3.10/site-packages/telegram/vendor/ptb_urllib3/urllib3/request.py", line 148, in request_encode_body
    return self.urlopen(method, url, **extra_kw)
  File "/usr/local/lib/python3.10/site-packages/telegram/vendor/ptb_urllib3/urllib3/poolmanager.py", line 244, in urlopen
    response = conn.urlopen(method, u.request_uri, **kw)
  File "/usr/local/lib/python3.10/site-packages/telegram/vendor/ptb_urllib3/urllib3/connectionpool.py", line 691, in urlopen
    return self.urlopen(method, url, body, headers, retries,
  File "/usr/local/lib/python3.10/site-packages/telegram/vendor/ptb_urllib3/urllib3/connectionpool.py", line 691, in urlopen
    return self.urlopen(method, url, body, headers, retries,
  File "/usr/local/lib/python3.10/site-packages/telegram/vendor/ptb_urllib3/urllib3/connectionpool.py", line 691, in urlopen
    return self.urlopen(method, url, body, headers, retries,
  File "/usr/local/lib/python3.10/site-packages/telegram/vendor/ptb_urllib3/urllib3/connectionpool.py", line 665, in urlopen
    retries = retries.increment(method, url, error=e, _pool=self,
  File "/usr/local/lib/python3.10/site-packages/telegram/vendor/ptb_urllib3/urllib3/util/retry.py", line 376, in increment
    raise MaxRetryError(_pool, url, error or ResponseError(cause))
telegram.vendor.ptb_urllib3.urllib3.exceptions.MaxRetryError: HTTPSConnectionPool(host='api.telegram.org', port=443): Max retries exceeded with url: /bot8663400657:AAEbBqdhw4ZfHrU7JqCGlj2twvONKQLYnTs/getUpdates (Caused by NewConnectionError('<telegram.vendor.ptb_urllib3.urllib3.connection.VerifiedHTTPSConnection object at 0x725bc1750c10>: Failed to establish a new connection: [Errno -2] Name or service not known'))

The above exception was the direct cause of the following exception:

Traceback (most recent call last):
  File "/usr/local/lib/python3.10/site-packages/telegram/ext/updater.py", line 651, in _network_loop_retry
    if not action_cb():
  File "/usr/local/lib/python3.10/site-packages/telegram/ext/updater.py", line 602, in polling_action_cb
    updates = self.bot.get_updates(
  File "/usr/local/lib/python3.10/site-packages/telegram/ext/extbot.py", line 228, in get_updates
    updates = super().get_updates(
  File "/usr/local/lib/python3.10/site-packages/telegram/bot.py", line 134, in decorator
    result = func(*args, **kwargs)
  File "/usr/local/lib/python3.10/site-packages/telegram/bot.py", line 3140, in get_updates
    self._post(
  File "/usr/local/lib/python3.10/site-packages/telegram/bot.py", line 299, in _post
    return self.request.post(
  File "/usr/local/lib/python3.10/site-packages/telegram/utils/request.py", line 361, in post
    result = self._request_wrapper(
  File "/usr/local/lib/python3.10/site-packages/telegram/utils/request.py", line 265, in _request_wrapper
    raise NetworkError(f'urllib3 HTTPError {error}') from error
telegram.error.NetworkError: urllib3 HTTPError HTTPSConnectionPool(host='api.telegram.org', port=443): Max retries exceeded with url: /bot8663400657:AAEbBqdhw4ZfHrU7JqCGlj2twvONKQLYnTs/getUpdates (Caused by NewConnectionError('<telegram.vendor.ptb_urllib3.urllib3.connection.VerifiedHTTPSConnection object at 0x725bc1750c10>: Failed to establish a new connection: [Errno -2] Name or service not known'))
ERROR 2026-08-01 00:19:20,911 updater Error while getting Updates: urllib3 HTTPError ('Connection aborted.', RemoteDisconnected('Remote end closed connection without response'))
ERROR 2026-08-01 00:19:20,923 dispatcher No error handlers are registered, logging exception.
Traceback (most recent call last):
  File "/usr/local/lib/python3.10/site-packages/telegram/vendor/ptb_urllib3/urllib3/connectionpool.py", line 614, in urlopen
    httplib_response = self._make_request(conn, method, url,
  File "/usr/local/lib/python3.10/site-packages/telegram/vendor/ptb_urllib3/urllib3/connectionpool.py", line 402, in _make_request
    six.raise_from(e, None)
  File "<string>", line 2, in raise_from
  File "/usr/local/lib/python3.10/site-packages/telegram/vendor/ptb_urllib3/urllib3/connectionpool.py", line 398, in _make_request
    httplib_response = conn.getresponse()
  File "/usr/local/lib/python3.10/http/client.py", line 1395, in getresponse
    response.begin()
  File "/usr/local/lib/python3.10/http/client.py", line 323, in begin
    version, status, reason = self._read_status()
  File "/usr/local/lib/python3.10/http/client.py", line 292, in _read_status
    raise RemoteDisconnected("Remote end closed connection without"
http.client.RemoteDisconnected: Remote end closed connection without response

During handling of the above exception, another exception occurred:

Traceback (most recent call last):
  File "/usr/local/lib/python3.10/site-packages/telegram/utils/request.py", line 259, in _request_wrapper
    resp = self._con_pool.request(*args, **kwargs)
  File "/usr/local/lib/python3.10/site-packages/telegram/vendor/ptb_urllib3/urllib3/request.py", line 68, in request
    return self.request_encode_body(method, url, fields=fields,
  File "/usr/local/lib/python3.10/site-packages/telegram/vendor/ptb_urllib3/urllib3/request.py", line 148, in request_encode_body
    return self.urlopen(method, url, **extra_kw)
  File "/usr/local/lib/python3.10/site-packages/telegram/vendor/ptb_urllib3/urllib3/poolmanager.py", line 244, in urlopen
    response = conn.urlopen(method, u.request_uri, **kw)
  File "/usr/local/lib/python3.10/site-packages/telegram/vendor/ptb_urllib3/urllib3/connectionpool.py", line 665, in urlopen
    retries = retries.increment(method, url, error=e, _pool=self,
  File "/usr/local/lib/python3.10/site-packages/telegram/vendor/ptb_urllib3/urllib3/util/retry.py", line 347, in increment
    raise six.reraise(type(error), error, _stacktrace)
  File "/usr/local/lib/python3.10/site-packages/telegram/vendor/ptb_urllib3/urllib3/packages/six.py", line 685, in reraise
    raise value.with_traceback(tb)
  File "/usr/local/lib/python3.10/site-packages/telegram/vendor/ptb_urllib3/urllib3/connectionpool.py", line 614, in urlopen
    httplib_response = self._make_request(conn, method, url,
  File "/usr/local/lib/python3.10/site-packages/telegram/vendor/ptb_urllib3/urllib3/connectionpool.py", line 402, in _make_request
    six.raise_from(e, None)
  File "<string>", line 2, in raise_from
  File "/usr/local/lib/python3.10/site-packages/telegram/vendor/ptb_urllib3/urllib3/connectionpool.py", line 398, in _make_request
    httplib_response = conn.getresponse()
  File "/usr/local/lib/python3.10/http/client.py", line 1395, in getresponse
    response.begin()
  File "/usr/local/lib/python3.10/http/client.py", line 323, in begin
    version, status, reason = self._read_status()
  File "/usr/local/lib/python3.10/http/client.py", line 292, in _read_status
    raise RemoteDisconnected("Remote end closed connection without"
telegram.vendor.ptb_urllib3.urllib3.exceptions.ProtocolError: ('Connection aborted.', RemoteDisconnected('Remote end closed connection without response'))

The above exception was the direct cause of the following exception:

Traceback (most recent call last):
  File "/usr/local/lib/python3.10/site-packages/telegram/ext/updater.py", line 651, in _network_loop_retry
    if not action_cb():
  File "/usr/local/lib/python3.10/site-packages/telegram/ext/updater.py", line 602, in polling_action_cb
    updates = self.bot.get_updates(
  File "/usr/local/lib/python3.10/site-packages/telegram/ext/extbot.py", line 228, in get_updates
    updates = super().get_updates(
  File "/usr/local/lib/python3.10/site-packages/telegram/bot.py", line 134, in decorator
    result = func(*args, **kwargs)
  File "/usr/local/lib/python3.10/site-packages/telegram/bot.py", line 3140, in get_updates
    self._post(
  File "/usr/local/lib/python3.10/site-packages/telegram/bot.py", line 299, in _post
    return self.request.post(
  File "/usr/local/lib/python3.10/site-packages/telegram/utils/request.py", line 361, in post
    result = self._request_wrapper(
  File "/usr/local/lib/python3.10/site-packages/telegram/utils/request.py", line 265, in _request_wrapper
    raise NetworkError(f'urllib3 HTTPError {error}') from error
telegram.error.NetworkError: urllib3 HTTPError ('Connection aborted.', RemoteDisconnected('Remote end closed connection without response'))
WARNING 2026-08-01 00:21:09,975 connectionpool Retrying (Retry(total=2, connect=None, read=None, redirect=None)) after connection broken by 'NewConnectionError('<telegram.vendor.ptb_urllib3.urllib3.connection.VerifiedHTTPSConnection object at 0x725bc1750c10>: Failed to establish a new connection: [Errno -2] Name or service not known')': /bot8663400657:AAEbBqdhw4ZfHrU7JqCGlj2twvONKQLYnTs/getUpdates
WARNING 2026-08-01 00:21:10,031 connectionpool Retrying (Retry(total=1, connect=None, read=None, redirect=None)) after connection broken by 'NewConnectionError('<telegram.vendor.ptb_urllib3.urllib3.connection.VerifiedHTTPSConnection object at 0x725bc17504f0>: Failed to establish a new connection: [Errno -2] Name or service not known')': /bot8663400657:AAEbBqdhw4ZfHrU7JqCGlj2twvONKQLYnTs/getUpdates
WARNING 2026-08-01 00:21:10,155 connectionpool Retrying (Retry(total=0, connect=None, read=None, redirect=None)) after connection broken by 'NewConnectionError('<telegram.vendor.ptb_urllib3.urllib3.connection.VerifiedHTTPSConnection object at 0x725bc1750580>: Failed to establish a new connection: [Errno -2] Name or service not known')': /bot8663400657:AAEbBqdhw4ZfHrU7JqCGlj2twvONKQLYnTs/getUpdates
ERROR 2026-08-01 00:21:10,247 updater Error while getting Updates: urllib3 HTTPError HTTPSConnectionPool(host='api.telegram.org', port=443): Max retries exceeded with url: /bot8663400657:AAEbBqdhw4ZfHrU7JqCGlj2twvONKQLYnTs/getUpdates (Caused by NewConnectionError('<telegram.vendor.ptb_urllib3.urllib3.connection.VerifiedHTTPSConnection object at 0x725bc17502e0>: Failed to establish a new connection: [Errno -2] Name or service not known'))
ERROR 2026-08-01 00:21:10,273 dispatcher No error handlers are registered, logging exception.
Traceback (most recent call last):
  File "/usr/local/lib/python3.10/site-packages/telegram/vendor/ptb_urllib3/urllib3/connection.py", line 140, in _new_conn
    conn = connection.create_connection(
  File "/usr/local/lib/python3.10/site-packages/telegram/vendor/ptb_urllib3/urllib3/util/connection.py", line 60, in create_connection
    for res in socket.getaddrinfo(host, port, family, socket.SOCK_STREAM):
  File "/usr/local/lib/python3.10/socket.py", line 967, in getaddrinfo
    for res in _socket.getaddrinfo(host, port, family, type, proto, flags):
socket.gaierror: [Errno -2] Name or service not known

During handling of the above exception, another exception occurred:

Traceback (most recent call last):
  File "/usr/local/lib/python3.10/site-packages/telegram/vendor/ptb_urllib3/urllib3/connectionpool.py", line 614, in urlopen
    httplib_response = self._make_request(conn, method, url,
  File "/usr/local/lib/python3.10/site-packages/telegram/vendor/ptb_urllib3/urllib3/connectionpool.py", line 360, in _make_request
    self._validate_conn(conn)
  File "/usr/local/lib/python3.10/site-packages/telegram/vendor/ptb_urllib3/urllib3/connectionpool.py", line 857, in _validate_conn
    super(HTTPSConnectionPool, self)._validate_conn(conn)
  File "/usr/local/lib/python3.10/site-packages/telegram/vendor/ptb_urllib3/urllib3/connectionpool.py", line 289, in _validate_conn
    conn.connect()
  File "/usr/local/lib/python3.10/site-packages/telegram/vendor/ptb_urllib3/urllib3/connection.py", line 284, in connect
    conn = self._new_conn()
  File "/usr/local/lib/python3.10/site-packages/telegram/vendor/ptb_urllib3/urllib3/connection.py", line 149, in _new_conn
    raise NewConnectionError(
telegram.vendor.ptb_urllib3.urllib3.exceptions.NewConnectionError: <telegram.vendor.ptb_urllib3.urllib3.connection.VerifiedHTTPSConnection object at 0x725bc17502e0>: Failed to establish a new connection: [Errno -2] Name or service not known

During handling of the above exception, another exception occurred:

Traceback (most recent call last):
  File "/usr/local/lib/python3.10/site-packages/telegram/utils/request.py", line 259, in _request_wrapper
    resp = self._con_pool.request(*args, **kwargs)
  File "/usr/local/lib/python3.10/site-packages/telegram/vendor/ptb_urllib3/urllib3/request.py", line 68, in request
    return self.request_encode_body(method, url, fields=fields,
  File "/usr/local/lib/python3.10/site-packages/telegram/vendor/ptb_urllib3/urllib3/request.py", line 148, in request_encode_body
    return self.urlopen(method, url, **extra_kw)
  File "/usr/local/lib/python3.10/site-packages/telegram/vendor/ptb_urllib3/urllib3/poolmanager.py", line 244, in urlopen
    response = conn.urlopen(method, u.request_uri, **kw)
  File "/usr/local/lib/python3.10/site-packages/telegram/vendor/ptb_urllib3/urllib3/connectionpool.py", line 691, in urlopen
    return self.urlopen(method, url, body, headers, retries,
  File "/usr/local/lib/python3.10/site-packages/telegram/vendor/ptb_urllib3/urllib3/connectionpool.py", line 691, in urlopen
    return self.urlopen(method, url, body, headers, retries,
  File "/usr/local/lib/python3.10/site-packages/telegram/vendor/ptb_urllib3/urllib3/connectionpool.py", line 691, in urlopen
    return self.urlopen(method, url, body, headers, retries,
  File "/usr/local/lib/python3.10/site-packages/telegram/vendor/ptb_urllib3/urllib3/connectionpool.py", line 665, in urlopen
    retries = retries.increment(method, url, error=e, _pool=self,
  File "/usr/local/lib/python3.10/site-packages/telegram/vendor/ptb_urllib3/urllib3/util/retry.py", line 376, in increment
    raise MaxRetryError(_pool, url, error or ResponseError(cause))
telegram.vendor.ptb_urllib3.urllib3.exceptions.MaxRetryError: HTTPSConnectionPool(host='api.telegram.org', port=443): Max retries exceeded with url: /bot8663400657:AAEbBqdhw4ZfHrU7JqCGlj2twvONKQLYnTs/getUpdates (Caused by NewConnectionError('<telegram.vendor.ptb_urllib3.urllib3.connection.VerifiedHTTPSConnection object at 0x725bc17502e0>: Failed to establish a new connection: [Errno -2] Name or service not known'))

The above exception was the direct cause of the following exception:

Traceback (most recent call last):
  File "/usr/local/lib/python3.10/site-packages/telegram/ext/updater.py", line 651, in _network_loop_retry
    if not action_cb():
  File "/usr/local/lib/python3.10/site-packages/telegram/ext/updater.py", line 602, in polling_action_cb
    updates = self.bot.get_updates(
  File "/usr/local/lib/python3.10/site-packages/telegram/ext/extbot.py", line 228, in get_updates
    updates = super().get_updates(
  File "/usr/local/lib/python3.10/site-packages/telegram/bot.py", line 134, in decorator
    result = func(*args, **kwargs)
  File "/usr/local/lib/python3.10/site-packages/telegram/bot.py", line 3140, in get_updates
    self._post(
  File "/usr/local/lib/python3.10/site-packages/telegram/bot.py", line 299, in _post
    return self.request.post(
  File "/usr/local/lib/python3.10/site-packages/telegram/utils/request.py", line 361, in post
    result = self._request_wrapper(
  File "/usr/local/lib/python3.10/site-packages/telegram/utils/request.py", line 265, in _request_wrapper
    raise NetworkError(f'urllib3 HTTPError {error}') from error
telegram.error.NetworkError: urllib3 HTTPError HTTPSConnectionPool(host='api.telegram.org', port=443): Max retries exceeded with url: /bot8663400657:AAEbBqdhw4ZfHrU7JqCGlj2twvONKQLYnTs/getUpdates (Caused by NewConnectionError('<telegram.vendor.ptb_urllib3.urllib3.connection.VerifiedHTTPSConnection object at 0x725bc17502e0>: Failed to establish a new connection: [Errno -2] Name or service not known'))
WARNING 2026-08-01 00:21:11,782 connectionpool Retrying (Retry(total=2, connect=None, read=None, redirect=None)) after connection broken by 'NewConnectionError('<telegram.vendor.ptb_urllib3.urllib3.connection.VerifiedHTTPSConnection object at 0x725bc1750ee0>: Failed to establish a new connection: [Errno -2] Name or service not known')': /bot8663400657:AAEbBqdhw4ZfHrU7JqCGlj2twvONKQLYnTs/getUpdates
WARNING 2026-08-01 00:21:11,792 connectionpool Retrying (Retry(total=1, connect=None, read=None, redirect=None)) after connection broken by 'NewConnectionError('<telegram.vendor.ptb_urllib3.urllib3.connection.VerifiedHTTPSConnection object at 0x725bc1750fd0>: Failed to establish a new connection: [Errno -2] Name or service not known')': /bot8663400657:AAEbBqdhw4ZfHrU7JqCGlj2twvONKQLYnTs/getUpdates
WARNING 2026-08-01 00:21:11,801 connectionpool Retrying (Retry(total=0, connect=None, read=None, redirect=None)) after connection broken by 'NewConnectionError('<telegram.vendor.ptb_urllib3.urllib3.connection.VerifiedHTTPSConnection object at 0x725bc1751360>: Failed to establish a new connection: [Errno -2] Name or service not known')': /bot8663400657:AAEbBqdhw4ZfHrU7JqCGlj2twvONKQLYnTs/getUpdates
ERROR 2026-08-01 00:21:11,810 updater Error while getting Updates: urllib3 HTTPError HTTPSConnectionPool(host='api.telegram.org', port=443): Max retries exceeded with url: /bot8663400657:AAEbBqdhw4ZfHrU7JqCGlj2twvONKQLYnTs/getUpdates (Caused by NewConnectionError('<telegram.vendor.ptb_urllib3.urllib3.connection.VerifiedHTTPSConnection object at 0x725bc17514b0>: Failed to establish a new connection: [Errno -2] Name or service not known'))
ERROR 2026-08-01 00:21:11,812 dispatcher No error handlers are registered, logging exception.
Traceback (most recent call last):
  File "/usr/local/lib/python3.10/site-packages/telegram/vendor/ptb_urllib3/urllib3/connection.py", line 140, in _new_conn
    conn = connection.create_connection(
  File "/usr/local/lib/python3.10/site-packages/telegram/vendor/ptb_urllib3/urllib3/util/connection.py", line 60, in create_connection
    for res in socket.getaddrinfo(host, port, family, socket.SOCK_STREAM):
  File "/usr/local/lib/python3.10/socket.py", line 967, in getaddrinfo
    for res in _socket.getaddrinfo(host, port, family, type, proto, flags):
socket.gaierror: [Errno -2] Name or service not known

During handling of the above exception, another exception occurred:

Traceback (most recent call last):
  File "/usr/local/lib/python3.10/site-packages/telegram/vendor/ptb_urllib3/urllib3/connectionpool.py", line 614, in urlopen
    httplib_response = self._make_request(conn, method, url,
  File "/usr/local/lib/python3.10/site-packages/telegram/vendor/ptb_urllib3/urllib3/connectionpool.py", line 360, in _make_request
    self._validate_conn(conn)
  File "/usr/local/lib/python3.10/site-packages/telegram/vendor/ptb_urllib3/urllib3/connectionpool.py", line 857, in _validate_conn
    super(HTTPSConnectionPool, self)._validate_conn(conn)
  File "/usr/local/lib/python3.10/site-packages/telegram/vendor/ptb_urllib3/urllib3/connectionpool.py", line 289, in _validate_conn
    conn.connect()
  File "/usr/local/lib/python3.10/site-packages/telegram/vendor/ptb_urllib3/urllib3/connection.py", line 284, in connect
    conn = self._new_conn()
  File "/usr/local/lib/python3.10/site-packages/telegram/vendor/ptb_urllib3/urllib3/connection.py", line 149, in _new_conn
    raise NewConnectionError(
telegram.vendor.ptb_urllib3.urllib3.exceptions.NewConnectionError: <telegram.vendor.ptb_urllib3.urllib3.connection.VerifiedHTTPSConnection object at 0x725bc17514b0>: Failed to establish a new connection: [Errno -2] Name or service not known

During handling of the above exception, another exception occurred:

Traceback (most recent call last):
  File "/usr/local/lib/python3.10/site-packages/telegram/utils/request.py", line 259, in _request_wrapper
    resp = self._con_pool.request(*args, **kwargs)
  File "/usr/local/lib/python3.10/site-packages/telegram/vendor/ptb_urllib3/urllib3/request.py", line 68, in request
    return self.request_encode_body(method, url, fields=fields,
  File "/usr/local/lib/python3.10/site-packages/telegram/vendor/ptb_urllib3/urllib3/request.py", line 148, in request_encode_body
    return self.urlopen(method, url, **extra_kw)
  File "/usr/local/lib/python3.10/site-packages/telegram/vendor/ptb_urllib3/urllib3/poolmanager.py", line 244, in urlopen
    response = conn.urlopen(method, u.request_uri, **kw)
  File "/usr/local/lib/python3.10/site-packages/telegram/vendor/ptb_urllib3/urllib3/connectionpool.py", line 691, in urlopen
    return self.urlopen(method, url, body, headers, retries,
  File "/usr/local/lib/python3.10/site-packages/telegram/vendor/ptb_urllib3/urllib3/connectionpool.py", line 691, in urlopen
    return self.urlopen(method, url, body, headers, retries,
  File "/usr/local/lib/python3.10/site-packages/telegram/vendor/ptb_urllib3/urllib3/connectionpool.py", line 691, in urlopen
    return self.urlopen(method, url, body, headers, retries,
  File "/usr/local/lib/python3.10/site-packages/telegram/vendor/ptb_urllib3/urllib3/connectionpool.py", line 665, in urlopen
    retries = retries.increment(method, url, error=e, _pool=self,
  File "/usr/local/lib/python3.10/site-packages/telegram/vendor/ptb_urllib3/urllib3/util/retry.py", line 376, in increment
    raise MaxRetryError(_pool, url, error or ResponseError(cause))
telegram.vendor.ptb_urllib3.urllib3.exceptions.MaxRetryError: HTTPSConnectionPool(host='api.telegram.org', port=443): Max retries exceeded with url: /bot8663400657:AAEbBqdhw4ZfHrU7JqCGlj2twvONKQLYnTs/getUpdates (Caused by NewConnectionError('<telegram.vendor.ptb_urllib3.urllib3.connection.VerifiedHTTPSConnection object at 0x725bc17514b0>: Failed to establish a new connection: [Errno -2] Name or service not known'))

The above exception was the direct cause of the following exception:

Traceback (most recent call last):
  File "/usr/local/lib/python3.10/site-packages/telegram/ext/updater.py", line 651, in _network_loop_retry
    if not action_cb():
  File "/usr/local/lib/python3.10/site-packages/telegram/ext/updater.py", line 602, in polling_action_cb
    updates = self.bot.get_updates(
  File "/usr/local/lib/python3.10/site-packages/telegram/ext/extbot.py", line 228, in get_updates
    updates = super().get_updates(
  File "/usr/local/lib/python3.10/site-packages/telegram/bot.py", line 134, in decorator
    result = func(*args, **kwargs)
  File "/usr/local/lib/python3.10/site-packages/telegram/bot.py", line 3140, in get_updates
    self._post(
  File "/usr/local/lib/python3.10/site-packages/telegram/bot.py", line 299, in _post
    return self.request.post(
  File "/usr/local/lib/python3.10/site-packages/telegram/utils/request.py", line 361, in post
    result = self._request_wrapper(
  File "/usr/local/lib/python3.10/site-packages/telegram/utils/request.py", line 265, in _request_wrapper
    raise NetworkError(f'urllib3 HTTPError {error}') from error
telegram.error.NetworkError: urllib3 HTTPError HTTPSConnectionPool(host='api.telegram.org', port=443): Max retries exceeded with url: /bot8663400657:AAEbBqdhw4ZfHrU7JqCGlj2twvONKQLYnTs/getUpdates (Caused by NewConnectionError('<telegram.vendor.ptb_urllib3.urllib3.connection.VerifiedHTTPSConnection object at 0x725bc17514b0>: Failed to establish a new connection: [Errno -2] Name or service not known'))
INFO 2026-08-01 10:41:25,908 updater Received signal 15 (SIGTERM), stopping...
INFO 2026-08-01 10:41:25,960 base Scheduler has been shut down
INFO 2026-08-01 10:44:19,187 runbot1 Starting bot polling (attempt 1/5)...
INFO 2026-08-01 10:44:19,189 base Scheduler started
INFO 2026-08-01 11:40:52,824 updater Received signal 15 (SIGTERM), stopping...
INFO 2026-08-01 11:40:52,842 base Scheduler has been shut down
INFO 2026-08-01 12:04:54,431 runbot1 Starting bot polling (attempt 1/5)...
INFO 2026-08-01 12:04:54,434 base Scheduler started
INFO 2026-08-01 13:00:42,764 updater Received signal 15 (SIGTERM), stopping...
INFO 2026-08-01 13:00:42,785 base Scheduler has been shut down
INFO 2026-08-01 14:24:24,076 runbot1 Starting bot polling (attempt 1/5)...
INFO 2026-08-01 14:24:24,079 base Scheduler started
INFO 2026-08-01 14:39:51,602 runbot1 Contact received for session ImYEmRiXk_JNWkQ-mIJrmQ: +998977705558
INFO 2026-08-01 14:48:24,490 updater Received signal 15 (SIGTERM), stopping...
INFO 2026-08-01 14:48:24,497 base Scheduler has been shut down
INFO 2026-08-02 11:48:59,824 runbot1 Starting bot polling (attempt 1/5)...
INFO 2026-08-02 11:48:59,827 base Scheduler started
WARNING 2026-08-02 12:52:25,607 connectionpool Retrying (Retry(total=2, connect=None, read=None, redirect=None)) after connection broken by 'NewConnectionError('<telegram.vendor.ptb_urllib3.urllib3.connection.VerifiedHTTPSConnection object at 0x7c90f713e0e0>: Failed to establish a new connection: [Errno -2] Name or service not known')': /bot8663400657:AAEbBqdhw4ZfHrU7JqCGlj2twvONKQLYnTs/getUpdates
WARNING 2026-08-02 12:52:25,657 connectionpool Retrying (Retry(total=1, connect=None, read=None, redirect=None)) after connection broken by 'NewConnectionError('<telegram.vendor.ptb_urllib3.urllib3.connection.VerifiedHTTPSConnection object at 0x7c90f7130d00>: Failed to establish a new connection: [Errno -2] Name or service not known')': /bot8663400657:AAEbBqdhw4ZfHrU7JqCGlj2twvONKQLYnTs/getUpdates
WARNING 2026-08-02 12:52:25,702 connectionpool Retrying (Retry(total=0, connect=None, read=None, redirect=None)) after connection broken by 'NewConnectionError('<telegram.vendor.ptb_urllib3.urllib3.connection.VerifiedHTTPSConnection object at 0x7c90f7131600>: Failed to establish a new connection: [Errno -2] Name or service not known')': /bot8663400657:AAEbBqdhw4ZfHrU7JqCGlj2twvONKQLYnTs/getUpdates
ERROR 2026-08-02 12:52:25,737 updater Error while getting Updates: urllib3 HTTPError HTTPSConnectionPool(host='api.telegram.org', port=443): Max retries exceeded with url: /bot8663400657:AAEbBqdhw4ZfHrU7JqCGlj2twvONKQLYnTs/getUpdates (Caused by NewConnectionError('<telegram.vendor.ptb_urllib3.urllib3.connection.VerifiedHTTPSConnection object at 0x7c90f71317b0>: Failed to establish a new connection: [Errno -2] Name or service not known'))
ERROR 2026-08-02 12:52:25,760 dispatcher No error handlers are registered, logging exception.
Traceback (most recent call last):
  File "/usr/local/lib/python3.10/site-packages/telegram/vendor/ptb_urllib3/urllib3/connection.py", line 140, in _new_conn
    conn = connection.create_connection(
  File "/usr/local/lib/python3.10/site-packages/telegram/vendor/ptb_urllib3/urllib3/util/connection.py", line 60, in create_connection
    for res in socket.getaddrinfo(host, port, family, socket.SOCK_STREAM):
  File "/usr/local/lib/python3.10/socket.py", line 967, in getaddrinfo
    for res in _socket.getaddrinfo(host, port, family, type, proto, flags):
socket.gaierror: [Errno -2] Name or service not known

During handling of the above exception, another exception occurred:

Traceback (most recent call last):
  File "/usr/local/lib/python3.10/site-packages/telegram/vendor/ptb_urllib3/urllib3/connectionpool.py", line 614, in urlopen
    httplib_response = self._make_request(conn, method, url,
  File "/usr/local/lib/python3.10/site-packages/telegram/vendor/ptb_urllib3/urllib3/connectionpool.py", line 360, in _make_request
    self._validate_conn(conn)
  File "/usr/local/lib/python3.10/site-packages/telegram/vendor/ptb_urllib3/urllib3/connectionpool.py", line 857, in _validate_conn
    super(HTTPSConnectionPool, self)._validate_conn(conn)
  File "/usr/local/lib/python3.10/site-packages/telegram/vendor/ptb_urllib3/urllib3/connectionpool.py", line 289, in _validate_conn
    conn.connect()
  File "/usr/local/lib/python3.10/site-packages/telegram/vendor/ptb_urllib3/urllib3/connection.py", line 284, in connect
    conn = self._new_conn()
  File "/usr/local/lib/python3.10/site-packages/telegram/vendor/ptb_urllib3/urllib3/connection.py", line 149, in _new_conn
    raise NewConnectionError(
telegram.vendor.ptb_urllib3.urllib3.exceptions.NewConnectionError: <telegram.vendor.ptb_urllib3.urllib3.connection.VerifiedHTTPSConnection object at 0x7c90f71317b0>: Failed to establish a new connection: [Errno -2] Name or service not known

During handling of the above exception, another exception occurred:

Traceback (most recent call last):
  File "/usr/local/lib/python3.10/site-packages/telegram/utils/request.py", line 259, in _request_wrapper
    resp = self._con_pool.request(*args, **kwargs)
  File "/usr/local/lib/python3.10/site-packages/telegram/vendor/ptb_urllib3/urllib3/request.py", line 68, in request
    return self.request_encode_body(method, url, fields=fields,
  File "/usr/local/lib/python3.10/site-packages/telegram/vendor/ptb_urllib3/urllib3/request.py", line 148, in request_encode_body
    return self.urlopen(method, url, **extra_kw)
  File "/usr/local/lib/python3.10/site-packages/telegram/vendor/ptb_urllib3/urllib3/poolmanager.py", line 244, in urlopen
    response = conn.urlopen(method, u.request_uri, **kw)
  File "/usr/local/lib/python3.10/site-packages/telegram/vendor/ptb_urllib3/urllib3/connectionpool.py", line 691, in urlopen
    return self.urlopen(method, url, body, headers, retries,
  File "/usr/local/lib/python3.10/site-packages/telegram/vendor/ptb_urllib3/urllib3/connectionpool.py", line 691, in urlopen
    return self.urlopen(method, url, body, headers, retries,
  File "/usr/local/lib/python3.10/site-packages/telegram/vendor/ptb_urllib3/urllib3/connectionpool.py", line 691, in urlopen
    return self.urlopen(method, url, body, headers, retries,
  File "/usr/local/lib/python3.10/site-packages/telegram/vendor/ptb_urllib3/urllib3/connectionpool.py", line 665, in urlopen
    retries = retries.increment(method, url, error=e, _pool=self,
  File "/usr/local/lib/python3.10/site-packages/telegram/vendor/ptb_urllib3/urllib3/util/retry.py", line 376, in increment
    raise MaxRetryError(_pool, url, error or ResponseError(cause))
telegram.vendor.ptb_urllib3.urllib3.exceptions.MaxRetryError: HTTPSConnectionPool(host='api.telegram.org', port=443): Max retries exceeded with url: /bot8663400657:AAEbBqdhw4ZfHrU7JqCGlj2twvONKQLYnTs/getUpdates (Caused by NewConnectionError('<telegram.vendor.ptb_urllib3.urllib3.connection.VerifiedHTTPSConnection object at 0x7c90f71317b0>: Failed to establish a new connection: [Errno -2] Name or service not known'))

The above exception was the direct cause of the following exception:

Traceback (most recent call last):
  File "/usr/local/lib/python3.10/site-packages/telegram/ext/updater.py", line 651, in _network_loop_retry
    if not action_cb():
  File "/usr/local/lib/python3.10/site-packages/telegram/ext/updater.py", line 602, in polling_action_cb
    updates = self.bot.get_updates(
  File "/usr/local/lib/python3.10/site-packages/telegram/ext/extbot.py", line 228, in get_updates
    updates = super().get_updates(
  File "/usr/local/lib/python3.10/site-packages/telegram/bot.py", line 134, in decorator
    result = func(*args, **kwargs)
  File "/usr/local/lib/python3.10/site-packages/telegram/bot.py", line 3140, in get_updates
    self._post(
  File "/usr/local/lib/python3.10/site-packages/telegram/bot.py", line 299, in _post
    return self.request.post(
  File "/usr/local/lib/python3.10/site-packages/telegram/utils/request.py", line 361, in post
    result = self._request_wrapper(
  File "/usr/local/lib/python3.10/site-packages/telegram/utils/request.py", line 265, in _request_wrapper
    raise NetworkError(f'urllib3 HTTPError {error}') from error
telegram.error.NetworkError: urllib3 HTTPError HTTPSConnectionPool(host='api.telegram.org', port=443): Max retries exceeded with url: /bot8663400657:AAEbBqdhw4ZfHrU7JqCGlj2twvONKQLYnTs/getUpdates (Caused by NewConnectionError('<telegram.vendor.ptb_urllib3.urllib3.connection.VerifiedHTTPSConnection object at 0x7c90f71317b0>: Failed to establish a new connection: [Errno -2] Name or service not known'))
INFO 2026-08-02 18:29:41,795 updater Received signal 15 (SIGTERM), stopping...
INFO 2026-08-02 18:29:41,831 base Scheduler has been shut down
INFO 2026-08-02 18:32:54,097 runbot1 Starting bot polling (attempt 1/5)...
INFO 2026-08-02 18:32:54,103 base Scheduler started
WARNING 2026-08-02 18:57:53,913 connectionpool Retrying (Retry(total=2, connect=None, read=None, redirect=None)) after connection broken by 'NewConnectionError('<telegram.vendor.ptb_urllib3.urllib3.connection.VerifiedHTTPSConnection object at 0x7adfaa93a260>: Failed to establish a new connection: [Errno -2] Name or service not known')': /bot8663400657:AAEbBqdhw4ZfHrU7JqCGlj2twvONKQLYnTs/getUpdates
WARNING 2026-08-02 18:57:53,993 connectionpool Retrying (Retry(total=1, connect=None, read=None, redirect=None)) after connection broken by 'NewConnectionError('<telegram.vendor.ptb_urllib3.urllib3.connection.VerifiedHTTPSConnection object at 0x7adfaa92c880>: Failed to establish a new connection: [Errno -2] Name or service not known')': /bot8663400657:AAEbBqdhw4ZfHrU7JqCGlj2twvONKQLYnTs/getUpdates
WARNING 2026-08-02 18:57:54,017 connectionpool Retrying (Retry(total=0, connect=None, read=None, redirect=None)) after connection broken by 'NewConnectionError('<telegram.vendor.ptb_urllib3.urllib3.connection.VerifiedHTTPSConnection object at 0x7adfaa92ca60>: Failed to establish a new connection: [Errno -2] Name or service not known')': /bot8663400657:AAEbBqdhw4ZfHrU7JqCGlj2twvONKQLYnTs/getUpdates
ERROR 2026-08-02 18:57:54,040 updater Error while getting Updates: urllib3 HTTPError HTTPSConnectionPool(host='api.telegram.org', port=443): Max retries exceeded with url: /bot8663400657:AAEbBqdhw4ZfHrU7JqCGlj2twvONKQLYnTs/getUpdates (Caused by NewConnectionError('<telegram.vendor.ptb_urllib3.urllib3.connection.VerifiedHTTPSConnection object at 0x7adfaa92d5d0>: Failed to establish a new connection: [Errno -2] Name or service not known'))
ERROR 2026-08-02 18:57:54,049 dispatcher No error handlers are registered, logging exception.
Traceback (most recent call last):
  File "/usr/local/lib/python3.10/site-packages/telegram/vendor/ptb_urllib3/urllib3/connection.py", line 140, in _new_conn
    conn = connection.create_connection(
  File "/usr/local/lib/python3.10/site-packages/telegram/vendor/ptb_urllib3/urllib3/util/connection.py", line 60, in create_connection
    for res in socket.getaddrinfo(host, port, family, socket.SOCK_STREAM):
  File "/usr/local/lib/python3.10/socket.py", line 967, in getaddrinfo
    for res in _socket.getaddrinfo(host, port, family, type, proto, flags):
socket.gaierror: [Errno -2] Name or service not known

During handling of the above exception, another exception occurred:

Traceback (most recent call last):
  File "/usr/local/lib/python3.10/site-packages/telegram/vendor/ptb_urllib3/urllib3/connectionpool.py", line 614, in urlopen
    httplib_response = self._make_request(conn, method, url,
  File "/usr/local/lib/python3.10/site-packages/telegram/vendor/ptb_urllib3/urllib3/connectionpool.py", line 360, in _make_request
    self._validate_conn(conn)
  File "/usr/local/lib/python3.10/site-packages/telegram/vendor/ptb_urllib3/urllib3/connectionpool.py", line 857, in _validate_conn
    super(HTTPSConnectionPool, self)._validate_conn(conn)
  File "/usr/local/lib/python3.10/site-packages/telegram/vendor/ptb_urllib3/urllib3/connectionpool.py", line 289, in _validate_conn
    conn.connect()
  File "/usr/local/lib/python3.10/site-packages/telegram/vendor/ptb_urllib3/urllib3/connection.py", line 284, in connect
    conn = self._new_conn()
  File "/usr/local/lib/python3.10/site-packages/telegram/vendor/ptb_urllib3/urllib3/connection.py", line 149, in _new_conn
    raise NewConnectionError(
telegram.vendor.ptb_urllib3.urllib3.exceptions.NewConnectionError: <telegram.vendor.ptb_urllib3.urllib3.connection.VerifiedHTTPSConnection object at 0x7adfaa92d5d0>: Failed to establish a new connection: [Errno -2] Name or service not known

During handling of the above exception, another exception occurred:

Traceback (most recent call last):
  File "/usr/local/lib/python3.10/site-packages/telegram/utils/request.py", line 259, in _request_wrapper
    resp = self._con_pool.request(*args, **kwargs)
  File "/usr/local/lib/python3.10/site-packages/telegram/vendor/ptb_urllib3/urllib3/request.py", line 68, in request
    return self.request_encode_body(method, url, fields=fields,
  File "/usr/local/lib/python3.10/site-packages/telegram/vendor/ptb_urllib3/urllib3/request.py", line 148, in request_encode_body
    return self.urlopen(method, url, **extra_kw)
  File "/usr/local/lib/python3.10/site-packages/telegram/vendor/ptb_urllib3/urllib3/poolmanager.py", line 244, in urlopen
    response = conn.urlopen(method, u.request_uri, **kw)
  File "/usr/local/lib/python3.10/site-packages/telegram/vendor/ptb_urllib3/urllib3/connectionpool.py", line 691, in urlopen
    return self.urlopen(method, url, body, headers, retries,
  File "/usr/local/lib/python3.10/site-packages/telegram/vendor/ptb_urllib3/urllib3/connectionpool.py", line 691, in urlopen
    return self.urlopen(method, url, body, headers, retries,
  File "/usr/local/lib/python3.10/site-packages/telegram/vendor/ptb_urllib3/urllib3/connectionpool.py", line 691, in urlopen
    return self.urlopen(method, url, body, headers, retries,
  File "/usr/local/lib/python3.10/site-packages/telegram/vendor/ptb_urllib3/urllib3/connectionpool.py", line 665, in urlopen
    retries = retries.increment(method, url, error=e, _pool=self,
  File "/usr/local/lib/python3.10/site-packages/telegram/vendor/ptb_urllib3/urllib3/util/retry.py", line 376, in increment
    raise MaxRetryError(_pool, url, error or ResponseError(cause))
telegram.vendor.ptb_urllib3.urllib3.exceptions.MaxRetryError: HTTPSConnectionPool(host='api.telegram.org', port=443): Max retries exceeded with url: /bot8663400657:AAEbBqdhw4ZfHrU7JqCGlj2twvONKQLYnTs/getUpdates (Caused by NewConnectionError('<telegram.vendor.ptb_urllib3.urllib3.connection.VerifiedHTTPSConnection object at 0x7adfaa92d5d0>: Failed to establish a new connection: [Errno -2] Name or service not known'))

The above exception was the direct cause of the following exception:

Traceback (most recent call last):
  File "/usr/local/lib/python3.10/site-packages/telegram/ext/updater.py", line 651, in _network_loop_retry
    if not action_cb():
  File "/usr/local/lib/python3.10/site-packages/telegram/ext/updater.py", line 602, in polling_action_cb
    updates = self.bot.get_updates(
  File "/usr/local/lib/python3.10/site-packages/telegram/ext/extbot.py", line 228, in get_updates
    updates = super().get_updates(
  File "/usr/local/lib/python3.10/site-packages/telegram/bot.py", line 134, in decorator
    result = func(*args, **kwargs)
  File "/usr/local/lib/python3.10/site-packages/telegram/bot.py", line 3140, in get_updates
    self._post(
  File "/usr/local/lib/python3.10/site-packages/telegram/bot.py", line 299, in _post
    return self.request.post(
  File "/usr/local/lib/python3.10/site-packages/telegram/utils/request.py", line 361, in post
    result = self._request_wrapper(
  File "/usr/local/lib/python3.10/site-packages/telegram/utils/request.py", line 265, in _request_wrapper
    raise NetworkError(f'urllib3 HTTPError {error}') from error
telegram.error.NetworkError: urllib3 HTTPError HTTPSConnectionPool(host='api.telegram.org', port=443): Max retries exceeded with url: /bot8663400657:AAEbBqdhw4ZfHrU7JqCGlj2twvONKQLYnTs/getUpdates (Caused by NewConnectionError('<telegram.vendor.ptb_urllib3.urllib3.connection.VerifiedHTTPSConnection object at 0x7adfaa92d5d0>: Failed to establish a new connection: [Errno -2] Name or service not known'))
WARNING 2026-08-02 22:57:07,029 connectionpool Retrying (Retry(total=2, connect=None, read=None, redirect=None)) after connection broken by 'NewConnectionError('<telegram.vendor.ptb_urllib3.urllib3.connection.VerifiedHTTPSConnection object at 0x7adfaa92da50>: Failed to establish a new connection: [Errno -2] Name or service not known')': /bot8663400657:AAEbBqdhw4ZfHrU7JqCGlj2twvONKQLYnTs/getUpdates
WARNING 2026-08-02 22:57:07,133 connectionpool Retrying (Retry(total=1, connect=None, read=None, redirect=None)) after connection broken by 'NewConnectionError('<telegram.vendor.ptb_urllib3.urllib3.connection.VerifiedHTTPSConnection object at 0x7adfaa92d9f0>: Failed to establish a new connection: [Errno -2] Name or service not known')': /bot8663400657:AAEbBqdhw4ZfHrU7JqCGlj2twvONKQLYnTs/getUpdates
WARNING 2026-08-02 22:57:07,190 connectionpool Retrying (Retry(total=0, connect=None, read=None, redirect=None)) after connection broken by 'NewConnectionError('<telegram.vendor.ptb_urllib3.urllib3.connection.VerifiedHTTPSConnection object at 0x7adfaa92d900>: Failed to establish a new connection: [Errno -2] Name or service not known')': /bot8663400657:AAEbBqdhw4ZfHrU7JqCGlj2twvONKQLYnTs/getUpdates
ERROR 2026-08-02 22:57:07,230 updater Error while getting Updates: urllib3 HTTPError HTTPSConnectionPool(host='api.telegram.org', port=443): Max retries exceeded with url: /bot8663400657:AAEbBqdhw4ZfHrU7JqCGlj2twvONKQLYnTs/getUpdates (Caused by NewConnectionError('<telegram.vendor.ptb_urllib3.urllib3.connection.VerifiedHTTPSConnection object at 0x7adfaa92eec0>: Failed to establish a new connection: [Errno -2] Name or service not known'))
ERROR 2026-08-02 22:57:07,239 dispatcher No error handlers are registered, logging exception.
Traceback (most recent call last):
  File "/usr/local/lib/python3.10/site-packages/telegram/vendor/ptb_urllib3/urllib3/connection.py", line 140, in _new_conn
    conn = connection.create_connection(
  File "/usr/local/lib/python3.10/site-packages/telegram/vendor/ptb_urllib3/urllib3/util/connection.py", line 60, in create_connection
    for res in socket.getaddrinfo(host, port, family, socket.SOCK_STREAM):
  File "/usr/local/lib/python3.10/socket.py", line 967, in getaddrinfo
    for res in _socket.getaddrinfo(host, port, family, type, proto, flags):
socket.gaierror: [Errno -2] Name or service not known

During handling of the above exception, another exception occurred:

Traceback (most recent call last):
  File "/usr/local/lib/python3.10/site-packages/telegram/vendor/ptb_urllib3/urllib3/connectionpool.py", line 614, in urlopen
    httplib_response = self._make_request(conn, method, url,
  File "/usr/local/lib/python3.10/site-packages/telegram/vendor/ptb_urllib3/urllib3/connectionpool.py", line 360, in _make_request
    self._validate_conn(conn)
  File "/usr/local/lib/python3.10/site-packages/telegram/vendor/ptb_urllib3/urllib3/connectionpool.py", line 857, in _validate_conn
    super(HTTPSConnectionPool, self)._validate_conn(conn)
  File "/usr/local/lib/python3.10/site-packages/telegram/vendor/ptb_urllib3/urllib3/connectionpool.py", line 289, in _validate_conn
    conn.connect()
  File "/usr/local/lib/python3.10/site-packages/telegram/vendor/ptb_urllib3/urllib3/connection.py", line 284, in connect
    conn = self._new_conn()
  File "/usr/local/lib/python3.10/site-packages/telegram/vendor/ptb_urllib3/urllib3/connection.py", line 149, in _new_conn
    raise NewConnectionError(
telegram.vendor.ptb_urllib3.urllib3.exceptions.NewConnectionError: <telegram.vendor.ptb_urllib3.urllib3.connection.VerifiedHTTPSConnection object at 0x7adfaa92eec0>: Failed to establish a new connection: [Errno -2] Name or service not known

During handling of the above exception, another exception occurred:

Traceback (most recent call last):
  File "/usr/local/lib/python3.10/site-packages/telegram/utils/request.py", line 259, in _request_wrapper
    resp = self._con_pool.request(*args, **kwargs)
  File "/usr/local/lib/python3.10/site-packages/telegram/vendor/ptb_urllib3/urllib3/request.py", line 68, in request
    return self.request_encode_body(method, url, fields=fields,
  File "/usr/local/lib/python3.10/site-packages/telegram/vendor/ptb_urllib3/urllib3/request.py", line 148, in request_encode_body
    return self.urlopen(method, url, **extra_kw)
  File "/usr/local/lib/python3.10/site-packages/telegram/vendor/ptb_urllib3/urllib3/poolmanager.py", line 244, in urlopen
    response = conn.urlopen(method, u.request_uri, **kw)
  File "/usr/local/lib/python3.10/site-packages/telegram/vendor/ptb_urllib3/urllib3/connectionpool.py", line 691, in urlopen
    return self.urlopen(method, url, body, headers, retries,
  File "/usr/local/lib/python3.10/site-packages/telegram/vendor/ptb_urllib3/urllib3/connectionpool.py", line 691, in urlopen
    return self.urlopen(method, url, body, headers, retries,
  File "/usr/local/lib/python3.10/site-packages/telegram/vendor/ptb_urllib3/urllib3/connectionpool.py", line 691, in urlopen
    return self.urlopen(method, url, body, headers, retries,
  File "/usr/local/lib/python3.10/site-packages/telegram/vendor/ptb_urllib3/urllib3/connectionpool.py", line 665, in urlopen
    retries = retries.increment(method, url, error=e, _pool=self,
  File "/usr/local/lib/python3.10/site-packages/telegram/vendor/ptb_urllib3/urllib3/util/retry.py", line 376, in increment
    raise MaxRetryError(_pool, url, error or ResponseError(cause))
telegram.vendor.ptb_urllib3.urllib3.exceptions.MaxRetryError: HTTPSConnectionPool(host='api.telegram.org', port=443): Max retries exceeded with url: /bot8663400657:AAEbBqdhw4ZfHrU7JqCGlj2twvONKQLYnTs/getUpdates (Caused by NewConnectionError('<telegram.vendor.ptb_urllib3.urllib3.connection.VerifiedHTTPSConnection object at 0x7adfaa92eec0>: Failed to establish a new connection: [Errno -2] Name or service not known'))

The above exception was the direct cause of the following exception:

Traceback (most recent call last):
  File "/usr/local/lib/python3.10/site-packages/telegram/ext/updater.py", line 651, in _network_loop_retry
    if not action_cb():
  File "/usr/local/lib/python3.10/site-packages/telegram/ext/updater.py", line 602, in polling_action_cb
    updates = self.bot.get_updates(
  File "/usr/local/lib/python3.10/site-packages/telegram/ext/extbot.py", line 228, in get_updates
    updates = super().get_updates(
  File "/usr/local/lib/python3.10/site-packages/telegram/bot.py", line 134, in decorator
    result = func(*args, **kwargs)
  File "/usr/local/lib/python3.10/site-packages/telegram/bot.py", line 3140, in get_updates
    self._post(
  File "/usr/local/lib/python3.10/site-packages/telegram/bot.py", line 299, in _post
    return self.request.post(
  File "/usr/local/lib/python3.10/site-packages/telegram/utils/request.py", line 361, in post
    result = self._request_wrapper(
  File "/usr/local/lib/python3.10/site-packages/telegram/utils/request.py", line 265, in _request_wrapper
    raise NetworkError(f'urllib3 HTTPError {error}') from error
telegram.error.NetworkError: urllib3 HTTPError HTTPSConnectionPool(host='api.telegram.org', port=443): Max retries exceeded with url: /bot8663400657:AAEbBqdhw4ZfHrU7JqCGlj2twvONKQLYnTs/getUpdates (Caused by NewConnectionError('<telegram.vendor.ptb_urllib3.urllib3.connection.VerifiedHTTPSConnection object at 0x7adfaa92eec0>: Failed to establish a new connection: [Errno -2] Name or service not known'))
WARNING 2026-08-02 22:57:08,247 connectionpool Retrying (Retry(total=2, connect=None, read=None, redirect=None)) after connection broken by 'NewConnectionError('<telegram.vendor.ptb_urllib3.urllib3.connection.VerifiedHTTPSConnection object at 0x7adfaa92d750>: Failed to establish a new connection: [Errno -2] Name or service not known')': /bot8663400657:AAEbBqdhw4ZfHrU7JqCGlj2twvONKQLYnTs/getUpdates
WARNING 2026-08-02 22:57:08,264 connectionpool Retrying (Retry(total=1, connect=None, read=None, redirect=None)) after connection broken by 'NewConnectionError('<telegram.vendor.ptb_urllib3.urllib3.connection.VerifiedHTTPSConnection object at 0x7adfaa92f070>: Failed to establish a new connection: [Errno -2] Name or service not known')': /bot8663400657:AAEbBqdhw4ZfHrU7JqCGlj2twvONKQLYnTs/getUpdates
WARNING 2026-08-02 22:57:08,276 connectionpool Retrying (Retry(total=0, connect=None, read=None, redirect=None)) after connection broken by 'NewConnectionError('<telegram.vendor.ptb_urllib3.urllib3.connection.VerifiedHTTPSConnection object at 0x7adfaa92f1c0>: Failed to establish a new connection: [Errno -2] Name or service not known')': /bot8663400657:AAEbBqdhw4ZfHrU7JqCGlj2twvONKQLYnTs/getUpdates
ERROR 2026-08-02 22:57:08,287 updater Error while getting Updates: urllib3 HTTPError HTTPSConnectionPool(host='api.telegram.org', port=443): Max retries exceeded with url: /bot8663400657:AAEbBqdhw4ZfHrU7JqCGlj2twvONKQLYnTs/getUpdates (Caused by NewConnectionError('<telegram.vendor.ptb_urllib3.urllib3.connection.VerifiedHTTPSConnection object at 0x7adfaa92f310>: Failed to establish a new connection: [Errno -2] Name or service not known'))
ERROR 2026-08-02 22:57:08,291 dispatcher No error handlers are registered, logging exception.
Traceback (most recent call last):
  File "/usr/local/lib/python3.10/site-packages/telegram/vendor/ptb_urllib3/urllib3/connection.py", line 140, in _new_conn
    conn = connection.create_connection(
  File "/usr/local/lib/python3.10/site-packages/telegram/vendor/ptb_urllib3/urllib3/util/connection.py", line 60, in create_connection
    for res in socket.getaddrinfo(host, port, family, socket.SOCK_STREAM):
  File "/usr/local/lib/python3.10/socket.py", line 967, in getaddrinfo
    for res in _socket.getaddrinfo(host, port, family, type, proto, flags):
socket.gaierror: [Errno -2] Name or service not known

During handling of the above exception, another exception occurred:

Traceback (most recent call last):
  File "/usr/local/lib/python3.10/site-packages/telegram/vendor/ptb_urllib3/urllib3/connectionpool.py", line 614, in urlopen
    httplib_response = self._make_request(conn, method, url,
  File "/usr/local/lib/python3.10/site-packages/telegram/vendor/ptb_urllib3/urllib3/connectionpool.py", line 360, in _make_request
    self._validate_conn(conn)
  File "/usr/local/lib/python3.10/site-packages/telegram/vendor/ptb_urllib3/urllib3/connectionpool.py", line 857, in _validate_conn
    super(HTTPSConnectionPool, self)._validate_conn(conn)
  File "/usr/local/lib/python3.10/site-packages/telegram/vendor/ptb_urllib3/urllib3/connectionpool.py", line 289, in _validate_conn
    conn.connect()
  File "/usr/local/lib/python3.10/site-packages/telegram/vendor/ptb_urllib3/urllib3/connection.py", line 284, in connect
    conn = self._new_conn()
  File "/usr/local/lib/python3.10/site-packages/telegram/vendor/ptb_urllib3/urllib3/connection.py", line 149, in _new_conn
    raise NewConnectionError(
telegram.vendor.ptb_urllib3.urllib3.exceptions.NewConnectionError: <telegram.vendor.ptb_urllib3.urllib3.connection.VerifiedHTTPSConnection object at 0x7adfaa92f310>: Failed to establish a new connection: [Errno -2] Name or service not known

During handling of the above exception, another exception occurred:

Traceback (most recent call last):
  File "/usr/local/lib/python3.10/site-packages/telegram/utils/request.py", line 259, in _request_wrapper
    resp = self._con_pool.request(*args, **kwargs)
  File "/usr/local/lib/python3.10/site-packages/telegram/vendor/ptb_urllib3/urllib3/request.py", line 68, in request
    return self.request_encode_body(method, url, fields=fields,
  File "/usr/local/lib/python3.10/site-packages/telegram/vendor/ptb_urllib3/urllib3/request.py", line 148, in request_encode_body
    return self.urlopen(method, url, **extra_kw)
  File "/usr/local/lib/python3.10/site-packages/telegram/vendor/ptb_urllib3/urllib3/poolmanager.py", line 244, in urlopen
    response = conn.urlopen(method, u.request_uri, **kw)
  File "/usr/local/lib/python3.10/site-packages/telegram/vendor/ptb_urllib3/urllib3/connectionpool.py", line 691, in urlopen
    return self.urlopen(method, url, body, headers, retries,
  File "/usr/local/lib/python3.10/site-packages/telegram/vendor/ptb_urllib3/urllib3/connectionpool.py", line 691, in urlopen
    return self.urlopen(method, url, body, headers, retries,
  File "/usr/local/lib/python3.10/site-packages/telegram/vendor/ptb_urllib3/urllib3/connectionpool.py", line 691, in urlopen
    return self.urlopen(method, url, body, headers, retries,
  File "/usr/local/lib/python3.10/site-packages/telegram/vendor/ptb_urllib3/urllib3/connectionpool.py", line 665, in urlopen
    retries = retries.increment(method, url, error=e, _pool=self,
  File "/usr/local/lib/python3.10/site-packages/telegram/vendor/ptb_urllib3/urllib3/util/retry.py", line 376, in increment
    raise MaxRetryError(_pool, url, error or ResponseError(cause))
telegram.vendor.ptb_urllib3.urllib3.exceptions.MaxRetryError: HTTPSConnectionPool(host='api.telegram.org', port=443): Max retries exceeded with url: /bot8663400657:AAEbBqdhw4ZfHrU7JqCGlj2twvONKQLYnTs/getUpdates (Caused by NewConnectionError('<telegram.vendor.ptb_urllib3.urllib3.connection.VerifiedHTTPSConnection object at 0x7adfaa92f310>: Failed to establish a new connection: [Errno -2] Name or service not known'))

The above exception was the direct cause of the following exception:

Traceback (most recent call last):
  File "/usr/local/lib/python3.10/site-packages/telegram/ext/updater.py", line 651, in _network_loop_retry
    if not action_cb():
  File "/usr/local/lib/python3.10/site-packages/telegram/ext/updater.py", line 602, in polling_action_cb
    updates = self.bot.get_updates(
  File "/usr/local/lib/python3.10/site-packages/telegram/ext/extbot.py", line 228, in get_updates
    updates = super().get_updates(
  File "/usr/local/lib/python3.10/site-packages/telegram/bot.py", line 134, in decorator
    result = func(*args, **kwargs)
  File "/usr/local/lib/python3.10/site-packages/telegram/bot.py", line 3140, in get_updates
    self._post(
  File "/usr/local/lib/python3.10/site-packages/telegram/bot.py", line 299, in _post
    return self.request.post(
  File "/usr/local/lib/python3.10/site-packages/telegram/utils/request.py", line 361, in post
    result = self._request_wrapper(
  File "/usr/local/lib/python3.10/site-packages/telegram/utils/request.py", line 265, in _request_wrapper
    raise NetworkError(f'urllib3 HTTPError {error}') from error
telegram.error.NetworkError: urllib3 HTTPError HTTPSConnectionPool(host='api.telegram.org', port=443): Max retries exceeded with url: /bot8663400657:AAEbBqdhw4ZfHrU7JqCGlj2twvONKQLYnTs/getUpdates (Caused by NewConnectionError('<telegram.vendor.ptb_urllib3.urllib3.connection.VerifiedHTTPSConnection object at 0x7adfaa92f310>: Failed to establish a new connection: [Errno -2] Name or service not known'))
WARNING 2026-08-02 22:57:09,798 connectionpool Retrying (Retry(total=2, connect=None, read=None, redirect=None)) after connection broken by 'NewConnectionError('<telegram.vendor.ptb_urllib3.urllib3.connection.VerifiedHTTPSConnection object at 0x7adfaa92f040>: Failed to establish a new connection: [Errno -2] Name or service not known')': /bot8663400657:AAEbBqdhw4ZfHrU7JqCGlj2twvONKQLYnTs/getUpdates
WARNING 2026-08-02 22:57:09,808 connectionpool Retrying (Retry(total=1, connect=None, read=None, redirect=None)) after connection broken by 'NewConnectionError('<telegram.vendor.ptb_urllib3.urllib3.connection.VerifiedHTTPSConnection object at 0x7adfaa92f730>: Failed to establish a new connection: [Errno -2] Name or service not known')': /bot8663400657:AAEbBqdhw4ZfHrU7JqCGlj2twvONKQLYnTs/getUpdates
WARNING 2026-08-02 22:57:09,817 connectionpool Retrying (Retry(total=0, connect=None, read=None, redirect=None)) after connection broken by 'NewConnectionError('<telegram.vendor.ptb_urllib3.urllib3.connection.VerifiedHTTPSConnection object at 0x7adfaa92f8b0>: Failed to establish a new connection: [Errno -2] Name or service not known')': /bot8663400657:AAEbBqdhw4ZfHrU7JqCGlj2twvONKQLYnTs/getUpdates
ERROR 2026-08-02 22:57:09,939 updater Error while getting Updates: urllib3 HTTPError HTTPSConnectionPool(host='api.telegram.org', port=443): Max retries exceeded with url: /bot8663400657:AAEbBqdhw4ZfHrU7JqCGlj2twvONKQLYnTs/getUpdates (Caused by NewConnectionError('<telegram.vendor.ptb_urllib3.urllib3.connection.VerifiedHTTPSConnection object at 0x7adfaa92fa30>: Failed to establish a new connection: [Errno -2] Name or service not known'))
ERROR 2026-08-02 22:57:09,941 dispatcher No error handlers are registered, logging exception.
Traceback (most recent call last):
  File "/usr/local/lib/python3.10/site-packages/telegram/vendor/ptb_urllib3/urllib3/connection.py", line 140, in _new_conn
    conn = connection.create_connection(
  File "/usr/local/lib/python3.10/site-packages/telegram/vendor/ptb_urllib3/urllib3/util/connection.py", line 60, in create_connection
    for res in socket.getaddrinfo(host, port, family, socket.SOCK_STREAM):
  File "/usr/local/lib/python3.10/socket.py", line 967, in getaddrinfo
    for res in _socket.getaddrinfo(host, port, family, type, proto, flags):
socket.gaierror: [Errno -2] Name or service not known

During handling of the above exception, another exception occurred:

Traceback (most recent call last):
  File "/usr/local/lib/python3.10/site-packages/telegram/vendor/ptb_urllib3/urllib3/connectionpool.py", line 614, in urlopen
    httplib_response = self._make_request(conn, method, url,
  File "/usr/local/lib/python3.10/site-packages/telegram/vendor/ptb_urllib3/urllib3/connectionpool.py", line 360, in _make_request
    self._validate_conn(conn)
  File "/usr/local/lib/python3.10/site-packages/telegram/vendor/ptb_urllib3/urllib3/connectionpool.py", line 857, in _validate_conn
    super(HTTPSConnectionPool, self)._validate_conn(conn)
  File "/usr/local/lib/python3.10/site-packages/telegram/vendor/ptb_urllib3/urllib3/connectionpool.py", line 289, in _validate_conn
    conn.connect()
  File "/usr/local/lib/python3.10/site-packages/telegram/vendor/ptb_urllib3/urllib3/connection.py", line 284, in connect
    conn = self._new_conn()
  File "/usr/local/lib/python3.10/site-packages/telegram/vendor/ptb_urllib3/urllib3/connection.py", line 149, in _new_conn
    raise NewConnectionError(
telegram.vendor.ptb_urllib3.urllib3.exceptions.NewConnectionError: <telegram.vendor.ptb_urllib3.urllib3.connection.VerifiedHTTPSConnection object at 0x7adfaa92fa30>: Failed to establish a new connection: [Errno -2] Name or service not known

During handling of the above exception, another exception occurred:

Traceback (most recent call last):
  File "/usr/local/lib/python3.10/site-packages/telegram/utils/request.py", line 259, in _request_wrapper
    resp = self._con_pool.request(*args, **kwargs)
  File "/usr/local/lib/python3.10/site-packages/telegram/vendor/ptb_urllib3/urllib3/request.py", line 68, in request
    return self.request_encode_body(method, url, fields=fields,
  File "/usr/local/lib/python3.10/site-packages/telegram/vendor/ptb_urllib3/urllib3/request.py", line 148, in request_encode_body
    return self.urlopen(method, url, **extra_kw)
  File "/usr/local/lib/python3.10/site-packages/telegram/vendor/ptb_urllib3/urllib3/poolmanager.py", line 244, in urlopen
    response = conn.urlopen(method, u.request_uri, **kw)
  File "/usr/local/lib/python3.10/site-packages/telegram/vendor/ptb_urllib3/urllib3/connectionpool.py", line 691, in urlopen
    return self.urlopen(method, url, body, headers, retries,
  File "/usr/local/lib/python3.10/site-packages/telegram/vendor/ptb_urllib3/urllib3/connectionpool.py", line 691, in urlopen
    return self.urlopen(method, url, body, headers, retries,
  File "/usr/local/lib/python3.10/site-packages/telegram/vendor/ptb_urllib3/urllib3/connectionpool.py", line 691, in urlopen
    return self.urlopen(method, url, body, headers, retries,
  File "/usr/local/lib/python3.10/site-packages/telegram/vendor/ptb_urllib3/urllib3/connectionpool.py", line 665, in urlopen
    retries = retries.increment(method, url, error=e, _pool=self,
  File "/usr/local/lib/python3.10/site-packages/telegram/vendor/ptb_urllib3/urllib3/util/retry.py", line 376, in increment
    raise MaxRetryError(_pool, url, error or ResponseError(cause))
telegram.vendor.ptb_urllib3.urllib3.exceptions.MaxRetryError: HTTPSConnectionPool(host='api.telegram.org', port=443): Max retries exceeded with url: /bot8663400657:AAEbBqdhw4ZfHrU7JqCGlj2twvONKQLYnTs/getUpdates (Caused by NewConnectionError('<telegram.vendor.ptb_urllib3.urllib3.connection.VerifiedHTTPSConnection object at 0x7adfaa92fa30>: Failed to establish a new connection: [Errno -2] Name or service not known'))

The above exception was the direct cause of the following exception:

Traceback (most recent call last):
  File "/usr/local/lib/python3.10/site-packages/telegram/ext/updater.py", line 651, in _network_loop_retry
    if not action_cb():
  File "/usr/local/lib/python3.10/site-packages/telegram/ext/updater.py", line 602, in polling_action_cb
    updates = self.bot.get_updates(
  File "/usr/local/lib/python3.10/site-packages/telegram/ext/extbot.py", line 228, in get_updates
    updates = super().get_updates(
  File "/usr/local/lib/python3.10/site-packages/telegram/bot.py", line 134, in decorator
    result = func(*args, **kwargs)
  File "/usr/local/lib/python3.10/site-packages/telegram/bot.py", line 3140, in get_updates
    self._post(
  File "/usr/local/lib/python3.10/site-packages/telegram/bot.py", line 299, in _post
    return self.request.post(
  File "/usr/local/lib/python3.10/site-packages/telegram/utils/request.py", line 361, in post
    result = self._request_wrapper(
  File "/usr/local/lib/python3.10/site-packages/telegram/utils/request.py", line 265, in _request_wrapper
    raise NetworkError(f'urllib3 HTTPError {error}') from error
telegram.error.NetworkError: urllib3 HTTPError HTTPSConnectionPool(host='api.telegram.org', port=443): Max retries exceeded with url: /bot8663400657:AAEbBqdhw4ZfHrU7JqCGlj2twvONKQLYnTs/getUpdates (Caused by NewConnectionError('<telegram.vendor.ptb_urllib3.urllib3.connection.VerifiedHTTPSConnection object at 0x7adfaa92fa30>: Failed to establish a new connection: [Errno -2] Name or service not known'))
INFO 2026-08-02 23:16:38,485 updater Received signal 15 (SIGTERM), stopping...
INFO 2026-08-02 23:16:38,579 base Scheduler has been shut down
INFO 2026-08-03 09:15:12,301 runbot1 Starting bot polling (attempt 1/5)...
INFO 2026-08-03 09:15:12,303 base Scheduler started
INFO 2026-08-03 13:25:28,178 updater Received signal 15 (SIGTERM), stopping...
INFO 2026-08-03 13:25:28,309 base Scheduler has been shut down
ERROR 2026-08-03 22:08:36,021 signal Signal handler <bound method DjangoFixup.on_import_modules of <celery.fixups.django.DjangoFixup object at 0x76fff7e1f9a0>> raised: ImproperlyConfigured('The SECRET_KEY setting must not be empty.')
Traceback (most recent call last):
  File "/usr/local/lib/python3.10/site-packages/celery/utils/dispatch/signal.py", line 276, in send
    response = receiver(signal=self, sender=sender, **named)
  File "/usr/local/lib/python3.10/site-packages/celery/fixups/django.py", line 97, in on_import_modules
    self.worker_fixup.validate_models()
  File "/usr/local/lib/python3.10/site-packages/celery/fixups/django.py", line 135, in validate_models
    self.django_setup()
  File "/usr/local/lib/python3.10/site-packages/celery/fixups/django.py", line 131, in django_setup
    django.setup()
  File "/usr/local/lib/python3.10/site-packages/django/__init__.py", line 24, in setup
    apps.populate(settings.INSTALLED_APPS)
  File "/usr/local/lib/python3.10/site-packages/django/apps/registry.py", line 116, in populate
    app_config.import_models()
  File "/usr/local/lib/python3.10/site-packages/django/apps/config.py", line 269, in import_models
    self.models_module = import_module(models_module_name)
  File "/usr/local/lib/python3.10/importlib/__init__.py", line 126, in import_module
    return _bootstrap._gcd_import(name[level:], package, level)
  File "<frozen importlib._bootstrap>", line 1050, in _gcd_import
  File "<frozen importlib._bootstrap>", line 1027, in _find_and_load
  File "<frozen importlib._bootstrap>", line 1006, in _find_and_load_unlocked
  File "<frozen importlib._bootstrap>", line 688, in _load_unlocked
  File "<frozen importlib._bootstrap_external>", line 883, in exec_module
  File "<frozen importlib._bootstrap>", line 241, in _call_with_frames_removed
  File "/usr/local/lib/python3.10/site-packages/rest_framework_simplejwt/models.py", line 7, in <module>
    from .settings import api_settings
  File "/usr/local/lib/python3.10/site-packages/rest_framework_simplejwt/settings.py", line 20, in <module>
    "SIGNING_KEY": settings.SECRET_KEY,
  File "/usr/local/lib/python3.10/site-packages/django/conf/__init__.py", line 90, in __getattr__
    raise ImproperlyConfigured("The SECRET_KEY setting must not be empty.")
django.core.exceptions.ImproperlyConfigured: The SECRET_KEY setting must not be empty.
INFO 2026-08-03 22:11:21,275 runbot1 Starting bot polling (attempt 1/5)...
INFO 2026-08-03 22:11:21,278 base Scheduler started
INFO 2026-08-03 23:32:25,502 updater Received signal 15 (SIGTERM), stopping...
INFO 2026-08-03 23:32:25,525 base Scheduler has been shut down
INFO 2026-08-04 12:15:28,432 runbot1 Starting bot polling (attempt 1/5)...
INFO 2026-08-04 12:15:28,434 base Scheduler started
WARNING 2026-08-04 13:34:50,603 connectionpool Retrying (Retry(total=2, connect=None, read=None, redirect=None)) after connection broken by 'NewConnectionError('<telegram.vendor.ptb_urllib3.urllib3.connection.VerifiedHTTPSConnection object at 0x7f51a1b5fa30>: Failed to establish a new connection: [Errno -2] Name or service not known')': /bot8663400657:AAEbBqdhw4ZfHrU7JqCGlj2twvONKQLYnTs/getUpdates
WARNING 2026-08-04 13:34:50,711 connectionpool Retrying (Retry(total=1, connect=None, read=None, redirect=None)) after connection broken by 'NewConnectionError('<telegram.vendor.ptb_urllib3.urllib3.connection.VerifiedHTTPSConnection object at 0x7f51a1b5d480>: Failed to establish a new connection: [Errno -2] Name or service not known')': /bot8663400657:AAEbBqdhw4ZfHrU7JqCGlj2twvONKQLYnTs/getUpdates
WARNING 2026-08-04 13:34:50,740 connectionpool Retrying (Retry(total=0, connect=None, read=None, redirect=None)) after connection broken by 'NewConnectionError('<telegram.vendor.ptb_urllib3.urllib3.connection.VerifiedHTTPSConnection object at 0x7f51a1b5cac0>: Failed to establish a new connection: [Errno -2] Name or service not known')': /bot8663400657:AAEbBqdhw4ZfHrU7JqCGlj2twvONKQLYnTs/getUpdates
ERROR 2026-08-04 13:34:50,751 updater Error while getting Updates: urllib3 HTTPError HTTPSConnectionPool(host='api.telegram.org', port=443): Max retries exceeded with url: /bot8663400657:AAEbBqdhw4ZfHrU7JqCGlj2twvONKQLYnTs/getUpdates (Caused by NewConnectionError('<telegram.vendor.ptb_urllib3.urllib3.connection.VerifiedHTTPSConnection object at 0x7f51a1b5f2e0>: Failed to establish a new connection: [Errno -2] Name or service not known'))
ERROR 2026-08-04 13:34:50,803 dispatcher No error handlers are registered, logging exception.
Traceback (most recent call last):
  File "/usr/local/lib/python3.10/site-packages/telegram/vendor/ptb_urllib3/urllib3/connection.py", line 140, in _new_conn
    conn = connection.create_connection(
  File "/usr/local/lib/python3.10/site-packages/telegram/vendor/ptb_urllib3/urllib3/util/connection.py", line 60, in create_connection
    for res in socket.getaddrinfo(host, port, family, socket.SOCK_STREAM):
  File "/usr/local/lib/python3.10/socket.py", line 967, in getaddrinfo
    for res in _socket.getaddrinfo(host, port, family, type, proto, flags):
socket.gaierror: [Errno -2] Name or service not known

During handling of the above exception, another exception occurred:

Traceback (most recent call last):
  File "/usr/local/lib/python3.10/site-packages/telegram/vendor/ptb_urllib3/urllib3/connectionpool.py", line 614, in urlopen
    httplib_response = self._make_request(conn, method, url,
  File "/usr/local/lib/python3.10/site-packages/telegram/vendor/ptb_urllib3/urllib3/connectionpool.py", line 360, in _make_request
    self._validate_conn(conn)
  File "/usr/local/lib/python3.10/site-packages/telegram/vendor/ptb_urllib3/urllib3/connectionpool.py", line 857, in _validate_conn
    super(HTTPSConnectionPool, self)._validate_conn(conn)
  File "/usr/local/lib/python3.10/site-packages/telegram/vendor/ptb_urllib3/urllib3/connectionpool.py", line 289, in _validate_conn
    conn.connect()
  File "/usr/local/lib/python3.10/site-packages/telegram/vendor/ptb_urllib3/urllib3/connection.py", line 284, in connect
    conn = self._new_conn()
  File "/usr/local/lib/python3.10/site-packages/telegram/vendor/ptb_urllib3/urllib3/connection.py", line 149, in _new_conn
    raise NewConnectionError(
telegram.vendor.ptb_urllib3.urllib3.exceptions.NewConnectionError: <telegram.vendor.ptb_urllib3.urllib3.connection.VerifiedHTTPSConnection object at 0x7f51a1b5f2e0>: Failed to establish a new connection: [Errno -2] Name or service not known

During handling of the above exception, another exception occurred:

Traceback (most recent call last):
  File "/usr/local/lib/python3.10/site-packages/telegram/utils/request.py", line 259, in _request_wrapper
    resp = self._con_pool.request(*args, **kwargs)
  File "/usr/local/lib/python3.10/site-packages/telegram/vendor/ptb_urllib3/urllib3/request.py", line 68, in request
    return self.request_encode_body(method, url, fields=fields,
  File "/usr/local/lib/python3.10/site-packages/telegram/vendor/ptb_urllib3/urllib3/request.py", line 148, in request_encode_body
    return self.urlopen(method, url, **extra_kw)
  File "/usr/local/lib/python3.10/site-packages/telegram/vendor/ptb_urllib3/urllib3/poolmanager.py", line 244, in urlopen
    response = conn.urlopen(method, u.request_uri, **kw)
  File "/usr/local/lib/python3.10/site-packages/telegram/vendor/ptb_urllib3/urllib3/connectionpool.py", line 691, in urlopen
    return self.urlopen(method, url, body, headers, retries,
  File "/usr/local/lib/python3.10/site-packages/telegram/vendor/ptb_urllib3/urllib3/connectionpool.py", line 691, in urlopen
    return self.urlopen(method, url, body, headers, retries,
  File "/usr/local/lib/python3.10/site-packages/telegram/vendor/ptb_urllib3/urllib3/connectionpool.py", line 691, in urlopen
    return self.urlopen(method, url, body, headers, retries,
  File "/usr/local/lib/python3.10/site-packages/telegram/vendor/ptb_urllib3/urllib3/connectionpool.py", line 665, in urlopen
    retries = retries.increment(method, url, error=e, _pool=self,
  File "/usr/local/lib/python3.10/site-packages/telegram/vendor/ptb_urllib3/urllib3/util/retry.py", line 376, in increment
    raise MaxRetryError(_pool, url, error or ResponseError(cause))
telegram.vendor.ptb_urllib3.urllib3.exceptions.MaxRetryError: HTTPSConnectionPool(host='api.telegram.org', port=443): Max retries exceeded with url: /bot8663400657:AAEbBqdhw4ZfHrU7JqCGlj2twvONKQLYnTs/getUpdates (Caused by NewConnectionError('<telegram.vendor.ptb_urllib3.urllib3.connection.VerifiedHTTPSConnection object at 0x7f51a1b5f2e0>: Failed to establish a new connection: [Errno -2] Name or service not known'))

The above exception was the direct cause of the following exception:

Traceback (most recent call last):
  File "/usr/local/lib/python3.10/site-packages/telegram/ext/updater.py", line 651, in _network_loop_retry
    if not action_cb():
  File "/usr/local/lib/python3.10/site-packages/telegram/ext/updater.py", line 602, in polling_action_cb
    updates = self.bot.get_updates(
  File "/usr/local/lib/python3.10/site-packages/telegram/ext/extbot.py", line 228, in get_updates
    updates = super().get_updates(
  File "/usr/local/lib/python3.10/site-packages/telegram/bot.py", line 134, in decorator
    result = func(*args, **kwargs)
  File "/usr/local/lib/python3.10/site-packages/telegram/bot.py", line 3140, in get_updates
    self._post(
  File "/usr/local/lib/python3.10/site-packages/telegram/bot.py", line 299, in _post
    return self.request.post(
  File "/usr/local/lib/python3.10/site-packages/telegram/utils/request.py", line 361, in post
    result = self._request_wrapper(
  File "/usr/local/lib/python3.10/site-packages/telegram/utils/request.py", line 265, in _request_wrapper
    raise NetworkError(f'urllib3 HTTPError {error}') from error
telegram.error.NetworkError: urllib3 HTTPError HTTPSConnectionPool(host='api.telegram.org', port=443): Max retries exceeded with url: /bot8663400657:AAEbBqdhw4ZfHrU7JqCGlj2twvONKQLYnTs/getUpdates (Caused by NewConnectionError('<telegram.vendor.ptb_urllib3.urllib3.connection.VerifiedHTTPSConnection object at 0x7f51a1b5f2e0>: Failed to establish a new connection: [Errno -2] Name or service not known'))
WARNING 2026-08-04 13:34:51,867 connectionpool Retrying (Retry(total=2, connect=None, read=None, redirect=None)) after connection broken by 'NewConnectionError('<telegram.vendor.ptb_urllib3.urllib3.connection.VerifiedHTTPSConnection object at 0x7f51a1b5e7d0>: Failed to establish a new connection: [Errno -2] Name or service not known')': /bot8663400657:AAEbBqdhw4ZfHrU7JqCGlj2twvONKQLYnTs/getUpdates
WARNING 2026-08-04 13:34:51,902 connectionpool Retrying (Retry(total=1, connect=None, read=None, redirect=None)) after connection broken by 'NewConnectionError('<telegram.vendor.ptb_urllib3.urllib3.connection.VerifiedHTTPSConnection object at 0x7f51a1b5c6a0>: Failed to establish a new connection: [Errno -2] Name or service not known')': /bot8663400657:AAEbBqdhw4ZfHrU7JqCGlj2twvONKQLYnTs/getUpdates
WARNING 2026-08-04 13:34:52,012 connectionpool Retrying (Retry(total=0, connect=None, read=None, redirect=None)) after connection broken by 'NewConnectionError('<telegram.vendor.ptb_urllib3.urllib3.connection.VerifiedHTTPSConnection object at 0x7f51a1b5d420>: Failed to establish a new connection: [Errno -2] Name or service not known')': /bot8663400657:AAEbBqdhw4ZfHrU7JqCGlj2twvONKQLYnTs/getUpdates
ERROR 2026-08-04 13:34:52,027 updater Error while getting Updates: urllib3 HTTPError HTTPSConnectionPool(host='api.telegram.org', port=443): Max retries exceeded with url: /bot8663400657:AAEbBqdhw4ZfHrU7JqCGlj2twvONKQLYnTs/getUpdates (Caused by NewConnectionError('<telegram.vendor.ptb_urllib3.urllib3.connection.VerifiedHTTPSConnection object at 0x7f51a1b5d300>: Failed to establish a new connection: [Errno -2] Name or service not known'))
ERROR 2026-08-04 13:34:52,032 dispatcher No error handlers are registered, logging exception.
Traceback (most recent call last):
  File "/usr/local/lib/python3.10/site-packages/telegram/vendor/ptb_urllib3/urllib3/connection.py", line 140, in _new_conn
    conn = connection.create_connection(
  File "/usr/local/lib/python3.10/site-packages/telegram/vendor/ptb_urllib3/urllib3/util/connection.py", line 60, in create_connection
    for res in socket.getaddrinfo(host, port, family, socket.SOCK_STREAM):
  File "/usr/local/lib/python3.10/socket.py", line 967, in getaddrinfo
    for res in _socket.getaddrinfo(host, port, family, type, proto, flags):
socket.gaierror: [Errno -2] Name or service not known

During handling of the above exception, another exception occurred:

Traceback (most recent call last):
  File "/usr/local/lib/python3.10/site-packages/telegram/vendor/ptb_urllib3/urllib3/connectionpool.py", line 614, in urlopen
    httplib_response = self._make_request(conn, method, url,
  File "/usr/local/lib/python3.10/site-packages/telegram/vendor/ptb_urllib3/urllib3/connectionpool.py", line 360, in _make_request
    self._validate_conn(conn)
  File "/usr/local/lib/python3.10/site-packages/telegram/vendor/ptb_urllib3/urllib3/connectionpool.py", line 857, in _validate_conn
    super(HTTPSConnectionPool, self)._validate_conn(conn)
  File "/usr/local/lib/python3.10/site-packages/telegram/vendor/ptb_urllib3/urllib3/connectionpool.py", line 289, in _validate_conn
    conn.connect()
  File "/usr/local/lib/python3.10/site-packages/telegram/vendor/ptb_urllib3/urllib3/connection.py", line 284, in connect
    conn = self._new_conn()
  File "/usr/local/lib/python3.10/site-packages/telegram/vendor/ptb_urllib3/urllib3/connection.py", line 149, in _new_conn
    raise NewConnectionError(
telegram.vendor.ptb_urllib3.urllib3.exceptions.NewConnectionError: <telegram.vendor.ptb_urllib3.urllib3.connection.VerifiedHTTPSConnection object at 0x7f51a1b5d300>: Failed to establish a new connection: [Errno -2] Name or service not known

During handling of the above exception, another exception occurred:

Traceback (most recent call last):
  File "/usr/local/lib/python3.10/site-packages/telegram/utils/request.py", line 259, in _request_wrapper
    resp = self._con_pool.request(*args, **kwargs)
  File "/usr/local/lib/python3.10/site-packages/telegram/vendor/ptb_urllib3/urllib3/request.py", line 68, in request
    return self.request_encode_body(method, url, fields=fields,
  File "/usr/local/lib/python3.10/site-packages/telegram/vendor/ptb_urllib3/urllib3/request.py", line 148, in request_encode_body
    return self.urlopen(method, url, **extra_kw)
  File "/usr/local/lib/python3.10/site-packages/telegram/vendor/ptb_urllib3/urllib3/poolmanager.py", line 244, in urlopen
    response = conn.urlopen(method, u.request_uri, **kw)
  File "/usr/local/lib/python3.10/site-packages/telegram/vendor/ptb_urllib3/urllib3/connectionpool.py", line 691, in urlopen
    return self.urlopen(method, url, body, headers, retries,
  File "/usr/local/lib/python3.10/site-packages/telegram/vendor/ptb_urllib3/urllib3/connectionpool.py", line 691, in urlopen
    return self.urlopen(method, url, body, headers, retries,
  File "/usr/local/lib/python3.10/site-packages/telegram/vendor/ptb_urllib3/urllib3/connectionpool.py", line 691, in urlopen
    return self.urlopen(method, url, body, headers, retries,
  File "/usr/local/lib/python3.10/site-packages/telegram/vendor/ptb_urllib3/urllib3/connectionpool.py", line 665, in urlopen
    retries = retries.increment(method, url, error=e, _pool=self,
  File "/usr/local/lib/python3.10/site-packages/telegram/vendor/ptb_urllib3/urllib3/util/retry.py", line 376, in increment
    raise MaxRetryError(_pool, url, error or ResponseError(cause))
telegram.vendor.ptb_urllib3.urllib3.exceptions.MaxRetryError: HTTPSConnectionPool(host='api.telegram.org', port=443): Max retries exceeded with url: /bot8663400657:AAEbBqdhw4ZfHrU7JqCGlj2twvONKQLYnTs/getUpdates (Caused by NewConnectionError('<telegram.vendor.ptb_urllib3.urllib3.connection.VerifiedHTTPSConnection object at 0x7f51a1b5d300>: Failed to establish a new connection: [Errno -2] Name or service not known'))

The above exception was the direct cause of the following exception:

Traceback (most recent call last):
  File "/usr/local/lib/python3.10/site-packages/telegram/ext/updater.py", line 651, in _network_loop_retry
    if not action_cb():
  File "/usr/local/lib/python3.10/site-packages/telegram/ext/updater.py", line 602, in polling_action_cb
    updates = self.bot.get_updates(
  File "/usr/local/lib/python3.10/site-packages/telegram/ext/extbot.py", line 228, in get_updates
    updates = super().get_updates(
  File "/usr/local/lib/python3.10/site-packages/telegram/bot.py", line 134, in decorator
    result = func(*args, **kwargs)
  File "/usr/local/lib/python3.10/site-packages/telegram/bot.py", line 3140, in get_updates
    self._post(
  File "/usr/local/lib/python3.10/site-packages/telegram/bot.py", line 299, in _post
    return self.request.post(
  File "/usr/local/lib/python3.10/site-packages/telegram/utils/request.py", line 361, in post
    result = self._request_wrapper(
  File "/usr/local/lib/python3.10/site-packages/telegram/utils/request.py", line 265, in _request_wrapper
    raise NetworkError(f'urllib3 HTTPError {error}') from error
telegram.error.NetworkError: urllib3 HTTPError HTTPSConnectionPool(host='api.telegram.org', port=443): Max retries exceeded with url: /bot8663400657:AAEbBqdhw4ZfHrU7JqCGlj2twvONKQLYnTs/getUpdates (Caused by NewConnectionError('<telegram.vendor.ptb_urllib3.urllib3.connection.VerifiedHTTPSConnection object at 0x7f51a1b5d300>: Failed to establish a new connection: [Errno -2] Name or service not known'))
WARNING 2026-08-04 13:34:53,539 connectionpool Retrying (Retry(total=2, connect=None, read=None, redirect=None)) after connection broken by 'NewConnectionError('<telegram.vendor.ptb_urllib3.urllib3.connection.VerifiedHTTPSConnection object at 0x7f51a1b5f6a0>: Failed to establish a new connection: [Errno -2] Name or service not known')': /bot8663400657:AAEbBqdhw4ZfHrU7JqCGlj2twvONKQLYnTs/getUpdates
WARNING 2026-08-04 13:34:53,546 connectionpool Retrying (Retry(total=1, connect=None, read=None, redirect=None)) after connection broken by 'NewConnectionError('<telegram.vendor.ptb_urllib3.urllib3.connection.VerifiedHTTPSConnection object at 0x7f51a1b2fd30>: Failed to establish a new connection: [Errno -2] Name or service not known')': /bot8663400657:AAEbBqdhw4ZfHrU7JqCGlj2twvONKQLYnTs/getUpdates
WARNING 2026-08-04 13:34:53,553 connectionpool Retrying (Retry(total=0, connect=None, read=None, redirect=None)) after connection broken by 'NewConnectionError('<telegram.vendor.ptb_urllib3.urllib3.connection.VerifiedHTTPSConnection object at 0x7f51a1b2f3d0>: Failed to establish a new connection: [Errno -2] Name or service not known')': /bot8663400657:AAEbBqdhw4ZfHrU7JqCGlj2twvONKQLYnTs/getUpdates
ERROR 2026-08-04 13:34:53,562 updater Error while getting Updates: urllib3 HTTPError HTTPSConnectionPool(host='api.telegram.org', port=443): Max retries exceeded with url: /bot8663400657:AAEbBqdhw4ZfHrU7JqCGlj2twvONKQLYnTs/getUpdates (Caused by NewConnectionError('<telegram.vendor.ptb_urllib3.urllib3.connection.VerifiedHTTPSConnection object at 0x7f51a1b2f520>: Failed to establish a new connection: [Errno -2] Name or service not known'))
ERROR 2026-08-04 13:34:53,564 dispatcher No error handlers are registered, logging exception.
Traceback (most recent call last):
  File "/usr/local/lib/python3.10/site-packages/telegram/vendor/ptb_urllib3/urllib3/connection.py", line 140, in _new_conn
    conn = connection.create_connection(
  File "/usr/local/lib/python3.10/site-packages/telegram/vendor/ptb_urllib3/urllib3/util/connection.py", line 60, in create_connection
    for res in socket.getaddrinfo(host, port, family, socket.SOCK_STREAM):
  File "/usr/local/lib/python3.10/socket.py", line 967, in getaddrinfo
    for res in _socket.getaddrinfo(host, port, family, type, proto, flags):
socket.gaierror: [Errno -2] Name or service not known

During handling of the above exception, another exception occurred:

Traceback (most recent call last):
  File "/usr/local/lib/python3.10/site-packages/telegram/vendor/ptb_urllib3/urllib3/connectionpool.py", line 614, in urlopen
    httplib_response = self._make_request(conn, method, url,
  File "/usr/local/lib/python3.10/site-packages/telegram/vendor/ptb_urllib3/urllib3/connectionpool.py", line 360, in _make_request
    self._validate_conn(conn)
  File "/usr/local/lib/python3.10/site-packages/telegram/vendor/ptb_urllib3/urllib3/connectionpool.py", line 857, in _validate_conn
    super(HTTPSConnectionPool, self)._validate_conn(conn)
  File "/usr/local/lib/python3.10/site-packages/telegram/vendor/ptb_urllib3/urllib3/connectionpool.py", line 289, in _validate_conn
    conn.connect()
  File "/usr/local/lib/python3.10/site-packages/telegram/vendor/ptb_urllib3/urllib3/connection.py", line 284, in connect
    conn = self._new_conn()
  File "/usr/local/lib/python3.10/site-packages/telegram/vendor/ptb_urllib3/urllib3/connection.py", line 149, in _new_conn
    raise NewConnectionError(
telegram.vendor.ptb_urllib3.urllib3.exceptions.NewConnectionError: <telegram.vendor.ptb_urllib3.urllib3.connection.VerifiedHTTPSConnection object at 0x7f51a1b2f520>: Failed to establish a new connection: [Errno -2] Name or service not known

During handling of the above exception, another exception occurred:

Traceback (most recent call last):
  File "/usr/local/lib/python3.10/site-packages/telegram/utils/request.py", line 259, in _request_wrapper
    resp = self._con_pool.request(*args, **kwargs)
  File "/usr/local/lib/python3.10/site-packages/telegram/vendor/ptb_urllib3/urllib3/request.py", line 68, in request
    return self.request_encode_body(method, url, fields=fields,
  File "/usr/local/lib/python3.10/site-packages/telegram/vendor/ptb_urllib3/urllib3/request.py", line 148, in request_encode_body
    return self.urlopen(method, url, **extra_kw)
  File "/usr/local/lib/python3.10/site-packages/telegram/vendor/ptb_urllib3/urllib3/poolmanager.py", line 244, in urlopen
    response = conn.urlopen(method, u.request_uri, **kw)
  File "/usr/local/lib/python3.10/site-packages/telegram/vendor/ptb_urllib3/urllib3/connectionpool.py", line 691, in urlopen
    return self.urlopen(method, url, body, headers, retries,
  File "/usr/local/lib/python3.10/site-packages/telegram/vendor/ptb_urllib3/urllib3/connectionpool.py", line 691, in urlopen
    return self.urlopen(method, url, body, headers, retries,
  File "/usr/local/lib/python3.10/site-packages/telegram/vendor/ptb_urllib3/urllib3/connectionpool.py", line 691, in urlopen
    return self.urlopen(method, url, body, headers, retries,
  File "/usr/local/lib/python3.10/site-packages/telegram/vendor/ptb_urllib3/urllib3/connectionpool.py", line 665, in urlopen
    retries = retries.increment(method, url, error=e, _pool=self,
  File "/usr/local/lib/python3.10/site-packages/telegram/vendor/ptb_urllib3/urllib3/util/retry.py", line 376, in increment
    raise MaxRetryError(_pool, url, error or ResponseError(cause))
telegram.vendor.ptb_urllib3.urllib3.exceptions.MaxRetryError: HTTPSConnectionPool(host='api.telegram.org', port=443): Max retries exceeded with url: /bot8663400657:AAEbBqdhw4ZfHrU7JqCGlj2twvONKQLYnTs/getUpdates (Caused by NewConnectionError('<telegram.vendor.ptb_urllib3.urllib3.connection.VerifiedHTTPSConnection object at 0x7f51a1b2f520>: Failed to establish a new connection: [Errno -2] Name or service not known'))

The above exception was the direct cause of the following exception:

Traceback (most recent call last):
  File "/usr/local/lib/python3.10/site-packages/telegram/ext/updater.py", line 651, in _network_loop_retry
    if not action_cb():
  File "/usr/local/lib/python3.10/site-packages/telegram/ext/updater.py", line 602, in polling_action_cb
    updates = self.bot.get_updates(
  File "/usr/local/lib/python3.10/site-packages/telegram/ext/extbot.py", line 228, in get_updates
    updates = super().get_updates(
  File "/usr/local/lib/python3.10/site-packages/telegram/bot.py", line 134, in decorator
    result = func(*args, **kwargs)
  File "/usr/local/lib/python3.10/site-packages/telegram/bot.py", line 3140, in get_updates
    self._post(
  File "/usr/local/lib/python3.10/site-packages/telegram/bot.py", line 299, in _post
    return self.request.post(
  File "/usr/local/lib/python3.10/site-packages/telegram/utils/request.py", line 361, in post
    result = self._request_wrapper(
  File "/usr/local/lib/python3.10/site-packages/telegram/utils/request.py", line 265, in _request_wrapper
    raise NetworkError(f'urllib3 HTTPError {error}') from error
telegram.error.NetworkError: urllib3 HTTPError HTTPSConnectionPool(host='api.telegram.org', port=443): Max retries exceeded with url: /bot8663400657:AAEbBqdhw4ZfHrU7JqCGlj2twvONKQLYnTs/getUpdates (Caused by NewConnectionError('<telegram.vendor.ptb_urllib3.urllib3.connection.VerifiedHTTPSConnection object at 0x7f51a1b2f520>: Failed to establish a new connection: [Errno -2] Name or service not known'))
WARNING 2026-08-04 13:34:55,835 connectionpool Retrying (Retry(total=2, connect=None, read=None, redirect=None)) after connection broken by 'NewConnectionError('<telegram.vendor.ptb_urllib3.urllib3.connection.VerifiedHTTPSConnection object at 0x7f51a1b5f2e0>: Failed to establish a new connection: [Errno -2] Name or service not known')': /bot8663400657:AAEbBqdhw4ZfHrU7JqCGlj2twvONKQLYnTs/getUpdates
WARNING 2026-08-04 13:34:55,842 connectionpool Retrying (Retry(total=1, connect=None, read=None, redirect=None)) after connection broken by 'NewConnectionError('<telegram.vendor.ptb_urllib3.urllib3.connection.VerifiedHTTPSConnection object at 0x7f51a1b2ee00>: Failed to establish a new connection: [Errno -2] Name or service not known')': /bot8663400657:AAEbBqdhw4ZfHrU7JqCGlj2twvONKQLYnTs/getUpdates
WARNING 2026-08-04 13:34:55,847 connectionpool Retrying (Retry(total=0, connect=None, read=None, redirect=None)) after connection broken by 'NewConnectionError('<telegram.vendor.ptb_urllib3.urllib3.connection.VerifiedHTTPSConnection object at 0x7f51a1b2f7c0>: Failed to establish a new connection: [Errno -2] Name or service not known')': /bot8663400657:AAEbBqdhw4ZfHrU7JqCGlj2twvONKQLYnTs/getUpdates
ERROR 2026-08-04 13:34:55,855 updater Error while getting Updates: urllib3 HTTPError HTTPSConnectionPool(host='api.telegram.org', port=443): Max retries exceeded with url: /bot8663400657:AAEbBqdhw4ZfHrU7JqCGlj2twvONKQLYnTs/getUpdates (Caused by NewConnectionError('<telegram.vendor.ptb_urllib3.urllib3.connection.VerifiedHTTPSConnection object at 0x7f51a1b2f910>: Failed to establish a new connection: [Errno -2] Name or service not known'))
ERROR 2026-08-04 13:34:55,857 dispatcher No error handlers are registered, logging exception.
Traceback (most recent call last):
  File "/usr/local/lib/python3.10/site-packages/telegram/vendor/ptb_urllib3/urllib3/connection.py", line 140, in _new_conn
    conn = connection.create_connection(
  File "/usr/local/lib/python3.10/site-packages/telegram/vendor/ptb_urllib3/urllib3/util/connection.py", line 60, in create_connection
    for res in socket.getaddrinfo(host, port, family, socket.SOCK_STREAM):
  File "/usr/local/lib/python3.10/socket.py", line 967, in getaddrinfo
    for res in _socket.getaddrinfo(host, port, family, type, proto, flags):
socket.gaierror: [Errno -2] Name or service not known

During handling of the above exception, another exception occurred:

Traceback (most recent call last):
  File "/usr/local/lib/python3.10/site-packages/telegram/vendor/ptb_urllib3/urllib3/connectionpool.py", line 614, in urlopen
    httplib_response = self._make_request(conn, method, url,
  File "/usr/local/lib/python3.10/site-packages/telegram/vendor/ptb_urllib3/urllib3/connectionpool.py", line 360, in _make_request
    self._validate_conn(conn)
  File "/usr/local/lib/python3.10/site-packages/telegram/vendor/ptb_urllib3/urllib3/connectionpool.py", line 857, in _validate_conn
    super(HTTPSConnectionPool, self)._validate_conn(conn)
  File "/usr/local/lib/python3.10/site-packages/telegram/vendor/ptb_urllib3/urllib3/connectionpool.py", line 289, in _validate_conn
    conn.connect()
  File "/usr/local/lib/python3.10/site-packages/telegram/vendor/ptb_urllib3/urllib3/connection.py", line 284, in connect
    conn = self._new_conn()
  File "/usr/local/lib/python3.10/site-packages/telegram/vendor/ptb_urllib3/urllib3/connection.py", line 149, in _new_conn
    raise NewConnectionError(
telegram.vendor.ptb_urllib3.urllib3.exceptions.NewConnectionError: <telegram.vendor.ptb_urllib3.urllib3.connection.VerifiedHTTPSConnection object at 0x7f51a1b2f910>: Failed to establish a new connection: [Errno -2] Name or service not known

During handling of the above exception, another exception occurred:

Traceback (most recent call last):
  File "/usr/local/lib/python3.10/site-packages/telegram/utils/request.py", line 259, in _request_wrapper
    resp = self._con_pool.request(*args, **kwargs)
  File "/usr/local/lib/python3.10/site-packages/telegram/vendor/ptb_urllib3/urllib3/request.py", line 68, in request
    return self.request_encode_body(method, url, fields=fields,
  File "/usr/local/lib/python3.10/site-packages/telegram/vendor/ptb_urllib3/urllib3/request.py", line 148, in request_encode_body
    return self.urlopen(method, url, **extra_kw)
  File "/usr/local/lib/python3.10/site-packages/telegram/vendor/ptb_urllib3/urllib3/poolmanager.py", line 244, in urlopen
    response = conn.urlopen(method, u.request_uri, **kw)
  File "/usr/local/lib/python3.10/site-packages/telegram/vendor/ptb_urllib3/urllib3/connectionpool.py", line 691, in urlopen
    return self.urlopen(method, url, body, headers, retries,
  File "/usr/local/lib/python3.10/site-packages/telegram/vendor/ptb_urllib3/urllib3/connectionpool.py", line 691, in urlopen
    return self.urlopen(method, url, body, headers, retries,
  File "/usr/local/lib/python3.10/site-packages/telegram/vendor/ptb_urllib3/urllib3/connectionpool.py", line 691, in urlopen
    return self.urlopen(method, url, body, headers, retries,
  File "/usr/local/lib/python3.10/site-packages/telegram/vendor/ptb_urllib3/urllib3/connectionpool.py", line 665, in urlopen
    retries = retries.increment(method, url, error=e, _pool=self,
  File "/usr/local/lib/python3.10/site-packages/telegram/vendor/ptb_urllib3/urllib3/util/retry.py", line 376, in increment
    raise MaxRetryError(_pool, url, error or ResponseError(cause))
telegram.vendor.ptb_urllib3.urllib3.exceptions.MaxRetryError: HTTPSConnectionPool(host='api.telegram.org', port=443): Max retries exceeded with url: /bot8663400657:AAEbBqdhw4ZfHrU7JqCGlj2twvONKQLYnTs/getUpdates (Caused by NewConnectionError('<telegram.vendor.ptb_urllib3.urllib3.connection.VerifiedHTTPSConnection object at 0x7f51a1b2f910>: Failed to establish a new connection: [Errno -2] Name or service not known'))

The above exception was the direct cause of the following exception:

Traceback (most recent call last):
  File "/usr/local/lib/python3.10/site-packages/telegram/ext/updater.py", line 651, in _network_loop_retry
    if not action_cb():
  File "/usr/local/lib/python3.10/site-packages/telegram/ext/updater.py", line 602, in polling_action_cb
    updates = self.bot.get_updates(
  File "/usr/local/lib/python3.10/site-packages/telegram/ext/extbot.py", line 228, in get_updates
    updates = super().get_updates(
  File "/usr/local/lib/python3.10/site-packages/telegram/bot.py", line 134, in decorator
    result = func(*args, **kwargs)
  File "/usr/local/lib/python3.10/site-packages/telegram/bot.py", line 3140, in get_updates
    self._post(
  File "/usr/local/lib/python3.10/site-packages/telegram/bot.py", line 299, in _post
    return self.request.post(
  File "/usr/local/lib/python3.10/site-packages/telegram/utils/request.py", line 361, in post
    result = self._request_wrapper(
  File "/usr/local/lib/python3.10/site-packages/telegram/utils/request.py", line 265, in _request_wrapper
    raise NetworkError(f'urllib3 HTTPError {error}') from error
telegram.error.NetworkError: urllib3 HTTPError HTTPSConnectionPool(host='api.telegram.org', port=443): Max retries exceeded with url: /bot8663400657:AAEbBqdhw4ZfHrU7JqCGlj2twvONKQLYnTs/getUpdates (Caused by NewConnectionError('<telegram.vendor.ptb_urllib3.urllib3.connection.VerifiedHTTPSConnection object at 0x7f51a1b2f910>: Failed to establish a new connection: [Errno -2] Name or service not known'))
WARNING 2026-08-04 13:34:59,240 connectionpool Retrying (Retry(total=2, connect=None, read=None, redirect=None)) after connection broken by 'NewConnectionError('<telegram.vendor.ptb_urllib3.urllib3.connection.VerifiedHTTPSConnection object at 0x7f51a1b2f700>: Failed to establish a new connection: [Errno -2] Name or service not known')': /bot8663400657:AAEbBqdhw4ZfHrU7JqCGlj2twvONKQLYnTs/getUpdates
WARNING 2026-08-04 13:34:59,246 connectionpool Retrying (Retry(total=1, connect=None, read=None, redirect=None)) after connection broken by 'NewConnectionError('<telegram.vendor.ptb_urllib3.urllib3.connection.VerifiedHTTPSConnection object at 0x7f51a1b2fb20>: Failed to establish a new connection: [Errno -2] Name or service not known')': /bot8663400657:AAEbBqdhw4ZfHrU7JqCGlj2twvONKQLYnTs/getUpdates
WARNING 2026-08-04 13:34:59,256 connectionpool Retrying (Retry(total=0, connect=None, read=None, redirect=None)) after connection broken by 'NewConnectionError('<telegram.vendor.ptb_urllib3.urllib3.connection.VerifiedHTTPSConnection object at 0x7f51a1b2fca0>: Failed to establish a new connection: [Errno -2] Name or service not known')': /bot8663400657:AAEbBqdhw4ZfHrU7JqCGlj2twvONKQLYnTs/getUpdates
ERROR 2026-08-04 13:34:59,262 updater Error while getting Updates: urllib3 HTTPError HTTPSConnectionPool(host='api.telegram.org', port=443): Max retries exceeded with url: /bot8663400657:AAEbBqdhw4ZfHrU7JqCGlj2twvONKQLYnTs/getUpdates (Caused by NewConnectionError('<telegram.vendor.ptb_urllib3.urllib3.connection.VerifiedHTTPSConnection object at 0x7f51a1b2c0d0>: Failed to establish a new connection: [Errno -2] Name or service not known'))
ERROR 2026-08-04 13:34:59,263 dispatcher No error handlers are registered, logging exception.
Traceback (most recent call last):
  File "/usr/local/lib/python3.10/site-packages/telegram/vendor/ptb_urllib3/urllib3/connection.py", line 140, in _new_conn
    conn = connection.create_connection(
  File "/usr/local/lib/python3.10/site-packages/telegram/vendor/ptb_urllib3/urllib3/util/connection.py", line 60, in create_connection
    for res in socket.getaddrinfo(host, port, family, socket.SOCK_STREAM):
  File "/usr/local/lib/python3.10/socket.py", line 967, in getaddrinfo
    for res in _socket.getaddrinfo(host, port, family, type, proto, flags):
socket.gaierror: [Errno -2] Name or service not known

During handling of the above exception, another exception occurred:

Traceback (most recent call last):
  File "/usr/local/lib/python3.10/site-packages/telegram/vendor/ptb_urllib3/urllib3/connectionpool.py", line 614, in urlopen
    httplib_response = self._make_request(conn, method, url,
  File "/usr/local/lib/python3.10/site-packages/telegram/vendor/ptb_urllib3/urllib3/connectionpool.py", line 360, in _make_request
    self._validate_conn(conn)
  File "/usr/local/lib/python3.10/site-packages/telegram/vendor/ptb_urllib3/urllib3/connectionpool.py", line 857, in _validate_conn
    super(HTTPSConnectionPool, self)._validate_conn(conn)
  File "/usr/local/lib/python3.10/site-packages/telegram/vendor/ptb_urllib3/urllib3/connectionpool.py", line 289, in _validate_conn
    conn.connect()
  File "/usr/local/lib/python3.10/site-packages/telegram/vendor/ptb_urllib3/urllib3/connection.py", line 284, in connect
    conn = self._new_conn()
  File "/usr/local/lib/python3.10/site-packages/telegram/vendor/ptb_urllib3/urllib3/connection.py", line 149, in _new_conn
    raise NewConnectionError(
telegram.vendor.ptb_urllib3.urllib3.exceptions.NewConnectionError: <telegram.vendor.ptb_urllib3.urllib3.connection.VerifiedHTTPSConnection object at 0x7f51a1b2c0d0>: Failed to establish a new connection: [Errno -2] Name or service not known

During handling of the above exception, another exception occurred:

Traceback (most recent call last):
  File "/usr/local/lib/python3.10/site-packages/telegram/utils/request.py", line 259, in _request_wrapper
    resp = self._con_pool.request(*args, **kwargs)
  File "/usr/local/lib/python3.10/site-packages/telegram/vendor/ptb_urllib3/urllib3/request.py", line 68, in request
    return self.request_encode_body(method, url, fields=fields,
  File "/usr/local/lib/python3.10/site-packages/telegram/vendor/ptb_urllib3/urllib3/request.py", line 148, in request_encode_body
    return self.urlopen(method, url, **extra_kw)
  File "/usr/local/lib/python3.10/site-packages/telegram/vendor/ptb_urllib3/urllib3/poolmanager.py", line 244, in urlopen
    response = conn.urlopen(method, u.request_uri, **kw)
  File "/usr/local/lib/python3.10/site-packages/telegram/vendor/ptb_urllib3/urllib3/connectionpool.py", line 691, in urlopen
    return self.urlopen(method, url, body, headers, retries,
  File "/usr/local/lib/python3.10/site-packages/telegram/vendor/ptb_urllib3/urllib3/connectionpool.py", line 691, in urlopen
    return self.urlopen(method, url, body, headers, retries,
  File "/usr/local/lib/python3.10/site-packages/telegram/vendor/ptb_urllib3/urllib3/connectionpool.py", line 691, in urlopen
    return self.urlopen(method, url, body, headers, retries,
  File "/usr/local/lib/python3.10/site-packages/telegram/vendor/ptb_urllib3/urllib3/connectionpool.py", line 665, in urlopen
    retries = retries.increment(method, url, error=e, _pool=self,
  File "/usr/local/lib/python3.10/site-packages/telegram/vendor/ptb_urllib3/urllib3/util/retry.py", line 376, in increment
    raise MaxRetryError(_pool, url, error or ResponseError(cause))
telegram.vendor.ptb_urllib3.urllib3.exceptions.MaxRetryError: HTTPSConnectionPool(host='api.telegram.org', port=443): Max retries exceeded with url: /bot8663400657:AAEbBqdhw4ZfHrU7JqCGlj2twvONKQLYnTs/getUpdates (Caused by NewConnectionError('<telegram.vendor.ptb_urllib3.urllib3.connection.VerifiedHTTPSConnection object at 0x7f51a1b2c0d0>: Failed to establish a new connection: [Errno -2] Name or service not known'))

The above exception was the direct cause of the following exception:

Traceback (most recent call last):
  File "/usr/local/lib/python3.10/site-packages/telegram/ext/updater.py", line 651, in _network_loop_retry
    if not action_cb():
  File "/usr/local/lib/python3.10/site-packages/telegram/ext/updater.py", line 602, in polling_action_cb
    updates = self.bot.get_updates(
  File "/usr/local/lib/python3.10/site-packages/telegram/ext/extbot.py", line 228, in get_updates
    updates = super().get_updates(
  File "/usr/local/lib/python3.10/site-packages/telegram/bot.py", line 134, in decorator
    result = func(*args, **kwargs)
  File "/usr/local/lib/python3.10/site-packages/telegram/bot.py", line 3140, in get_updates
    self._post(
  File "/usr/local/lib/python3.10/site-packages/telegram/bot.py", line 299, in _post
    return self.request.post(
  File "/usr/local/lib/python3.10/site-packages/telegram/utils/request.py", line 361, in post
    result = self._request_wrapper(
  File "/usr/local/lib/python3.10/site-packages/telegram/utils/request.py", line 265, in _request_wrapper
    raise NetworkError(f'urllib3 HTTPError {error}') from error
telegram.error.NetworkError: urllib3 HTTPError HTTPSConnectionPool(host='api.telegram.org', port=443): Max retries exceeded with url: /bot8663400657:AAEbBqdhw4ZfHrU7JqCGlj2twvONKQLYnTs/getUpdates (Caused by NewConnectionError('<telegram.vendor.ptb_urllib3.urllib3.connection.VerifiedHTTPSConnection object at 0x7f51a1b2c0d0>: Failed to establish a new connection: [Errno -2] Name or service not known'))
WARNING 2026-08-04 13:35:04,355 connectionpool Retrying (Retry(total=2, connect=None, read=None, redirect=None)) after connection broken by 'NewConnectionError('<telegram.vendor.ptb_urllib3.urllib3.connection.VerifiedHTTPSConnection object at 0x7f51a1b2fa90>: Failed to establish a new connection: [Errno -2] Name or service not known')': /bot8663400657:AAEbBqdhw4ZfHrU7JqCGlj2twvONKQLYnTs/getUpdates
WARNING 2026-08-04 13:35:04,370 connectionpool Retrying (Retry(total=1, connect=None, read=None, redirect=None)) after connection broken by 'NewConnectionError('<telegram.vendor.ptb_urllib3.urllib3.connection.VerifiedHTTPSConnection object at 0x7f51a1b2e3b0>: Failed to establish a new connection: [Errno -2] Name or service not known')': /bot8663400657:AAEbBqdhw4ZfHrU7JqCGlj2twvONKQLYnTs/getUpdates
WARNING 2026-08-04 13:35:04,382 connectionpool Retrying (Retry(total=0, connect=None, read=None, redirect=None)) after connection broken by 'NewConnectionError('<telegram.vendor.ptb_urllib3.urllib3.connection.VerifiedHTTPSConnection object at 0x7f51a1b2fd90>: Failed to establish a new connection: [Errno -2] Name or service not known')': /bot8663400657:AAEbBqdhw4ZfHrU7JqCGlj2twvONKQLYnTs/getUpdates
ERROR 2026-08-04 13:35:04,388 updater Error while getting Updates: urllib3 HTTPError HTTPSConnectionPool(host='api.telegram.org', port=443): Max retries exceeded with url: /bot8663400657:AAEbBqdhw4ZfHrU7JqCGlj2twvONKQLYnTs/getUpdates (Caused by NewConnectionError('<telegram.vendor.ptb_urllib3.urllib3.connection.VerifiedHTTPSConnection object at 0x7f51a1bd0cd0>: Failed to establish a new connection: [Errno -2] Name or service not known'))
ERROR 2026-08-04 13:35:04,391 dispatcher No error handlers are registered, logging exception.
Traceback (most recent call last):
  File "/usr/local/lib/python3.10/site-packages/telegram/vendor/ptb_urllib3/urllib3/connection.py", line 140, in _new_conn
    conn = connection.create_connection(
  File "/usr/local/lib/python3.10/site-packages/telegram/vendor/ptb_urllib3/urllib3/util/connection.py", line 60, in create_connection
    for res in socket.getaddrinfo(host, port, family, socket.SOCK_STREAM):
  File "/usr/local/lib/python3.10/socket.py", line 967, in getaddrinfo
    for res in _socket.getaddrinfo(host, port, family, type, proto, flags):
socket.gaierror: [Errno -2] Name or service not known

During handling of the above exception, another exception occurred:

Traceback (most recent call last):
  File "/usr/local/lib/python3.10/site-packages/telegram/vendor/ptb_urllib3/urllib3/connectionpool.py", line 614, in urlopen
    httplib_response = self._make_request(conn, method, url,
  File "/usr/local/lib/python3.10/site-packages/telegram/vendor/ptb_urllib3/urllib3/connectionpool.py", line 360, in _make_request
    self._validate_conn(conn)
  File "/usr/local/lib/python3.10/site-packages/telegram/vendor/ptb_urllib3/urllib3/connectionpool.py", line 857, in _validate_conn
    super(HTTPSConnectionPool, self)._validate_conn(conn)
  File "/usr/local/lib/python3.10/site-packages/telegram/vendor/ptb_urllib3/urllib3/connectionpool.py", line 289, in _validate_conn
    conn.connect()
  File "/usr/local/lib/python3.10/site-packages/telegram/vendor/ptb_urllib3/urllib3/connection.py", line 284, in connect
    conn = self._new_conn()
  File "/usr/local/lib/python3.10/site-packages/telegram/vendor/ptb_urllib3/urllib3/connection.py", line 149, in _new_conn
    raise NewConnectionError(
telegram.vendor.ptb_urllib3.urllib3.exceptions.NewConnectionError: <telegram.vendor.ptb_urllib3.urllib3.connection.VerifiedHTTPSConnection object at 0x7f51a1bd0cd0>: Failed to establish a new connection: [Errno -2] Name or service not known

During handling of the above exception, another exception occurred:

Traceback (most recent call last):
  File "/usr/local/lib/python3.10/site-packages/telegram/utils/request.py", line 259, in _request_wrapper
    resp = self._con_pool.request(*args, **kwargs)
  File "/usr/local/lib/python3.10/site-packages/telegram/vendor/ptb_urllib3/urllib3/request.py", line 68, in request
    return self.request_encode_body(method, url, fields=fields,
  File "/usr/local/lib/python3.10/site-packages/telegram/vendor/ptb_urllib3/urllib3/request.py", line 148, in request_encode_body
    return self.urlopen(method, url, **extra_kw)
  File "/usr/local/lib/python3.10/site-packages/telegram/vendor/ptb_urllib3/urllib3/poolmanager.py", line 244, in urlopen
    response = conn.urlopen(method, u.request_uri, **kw)
  File "/usr/local/lib/python3.10/site-packages/telegram/vendor/ptb_urllib3/urllib3/connectionpool.py", line 691, in urlopen
    return self.urlopen(method, url, body, headers, retries,
  File "/usr/local/lib/python3.10/site-packages/telegram/vendor/ptb_urllib3/urllib3/connectionpool.py", line 691, in urlopen
    return self.urlopen(method, url, body, headers, retries,
  File "/usr/local/lib/python3.10/site-packages/telegram/vendor/ptb_urllib3/urllib3/connectionpool.py", line 691, in urlopen
    return self.urlopen(method, url, body, headers, retries,
  File "/usr/local/lib/python3.10/site-packages/telegram/vendor/ptb_urllib3/urllib3/connectionpool.py", line 665, in urlopen
    retries = retries.increment(method, url, error=e, _pool=self,
  File "/usr/local/lib/python3.10/site-packages/telegram/vendor/ptb_urllib3/urllib3/util/retry.py", line 376, in increment
    raise MaxRetryError(_pool, url, error or ResponseError(cause))
telegram.vendor.ptb_urllib3.urllib3.exceptions.MaxRetryError: HTTPSConnectionPool(host='api.telegram.org', port=443): Max retries exceeded with url: /bot8663400657:AAEbBqdhw4ZfHrU7JqCGlj2twvONKQLYnTs/getUpdates (Caused by NewConnectionError('<telegram.vendor.ptb_urllib3.urllib3.connection.VerifiedHTTPSConnection object at 0x7f51a1bd0cd0>: Failed to establish a new connection: [Errno -2] Name or service not known'))

The above exception was the direct cause of the following exception:

Traceback (most recent call last):
  File "/usr/local/lib/python3.10/site-packages/telegram/ext/updater.py", line 651, in _network_loop_retry
    if not action_cb():
  File "/usr/local/lib/python3.10/site-packages/telegram/ext/updater.py", line 602, in polling_action_cb
    updates = self.bot.get_updates(
  File "/usr/local/lib/python3.10/site-packages/telegram/ext/extbot.py", line 228, in get_updates
    updates = super().get_updates(
  File "/usr/local/lib/python3.10/site-packages/telegram/bot.py", line 134, in decorator
    result = func(*args, **kwargs)
  File "/usr/local/lib/python3.10/site-packages/telegram/bot.py", line 3140, in get_updates
    self._post(
  File "/usr/local/lib/python3.10/site-packages/telegram/bot.py", line 299, in _post
    return self.request.post(
  File "/usr/local/lib/python3.10/site-packages/telegram/utils/request.py", line 361, in post
    result = self._request_wrapper(
  File "/usr/local/lib/python3.10/site-packages/telegram/utils/request.py", line 265, in _request_wrapper
    raise NetworkError(f'urllib3 HTTPError {error}') from error
telegram.error.NetworkError: urllib3 HTTPError HTTPSConnectionPool(host='api.telegram.org', port=443): Max retries exceeded with url: /bot8663400657:AAEbBqdhw4ZfHrU7JqCGlj2twvONKQLYnTs/getUpdates (Caused by NewConnectionError('<telegram.vendor.ptb_urllib3.urllib3.connection.VerifiedHTTPSConnection object at 0x7f51a1bd0cd0>: Failed to establish a new connection: [Errno -2] Name or service not known'))
WARNING 2026-08-04 13:35:12,014 connectionpool Retrying (Retry(total=2, connect=None, read=None, redirect=None)) after connection broken by 'NewConnectionError('<telegram.vendor.ptb_urllib3.urllib3.connection.VerifiedHTTPSConnection object at 0x7f51a1b2d1e0>: Failed to establish a new connection: [Errno -2] Name or service not known')': /bot8663400657:AAEbBqdhw4ZfHrU7JqCGlj2twvONKQLYnTs/getUpdates
WARNING 2026-08-04 13:35:12,023 connectionpool Retrying (Retry(total=1, connect=None, read=None, redirect=None)) after connection broken by 'NewConnectionError('<telegram.vendor.ptb_urllib3.urllib3.connection.VerifiedHTTPSConnection object at 0x7f51a1bd3550>: Failed to establish a new connection: [Errno -2] Name or service not known')': /bot8663400657:AAEbBqdhw4ZfHrU7JqCGlj2twvONKQLYnTs/getUpdates
WARNING 2026-08-04 13:35:12,033 connectionpool Retrying (Retry(total=0, connect=None, read=None, redirect=None)) after connection broken by 'NewConnectionError('<telegram.vendor.ptb_urllib3.urllib3.connection.VerifiedHTTPSConnection object at 0x7f51a1bd36d0>: Failed to establish a new connection: [Errno -2] Name or service not known')': /bot8663400657:AAEbBqdhw4ZfHrU7JqCGlj2twvONKQLYnTs/getUpdates
ERROR 2026-08-04 13:35:12,103 updater Error while getting Updates: urllib3 HTTPError HTTPSConnectionPool(host='api.telegram.org', port=443): Max retries exceeded with url: /bot8663400657:AAEbBqdhw4ZfHrU7JqCGlj2twvONKQLYnTs/getUpdates (Caused by NewConnectionError('<telegram.vendor.ptb_urllib3.urllib3.connection.VerifiedHTTPSConnection object at 0x7f51a1bd3850>: Failed to establish a new connection: [Errno -2] Name or service not known'))
ERROR 2026-08-04 13:35:12,105 dispatcher No error handlers are registered, logging exception.
Traceback (most recent call last):
  File "/usr/local/lib/python3.10/site-packages/telegram/vendor/ptb_urllib3/urllib3/connection.py", line 140, in _new_conn
    conn = connection.create_connection(
  File "/usr/local/lib/python3.10/site-packages/telegram/vendor/ptb_urllib3/urllib3/util/connection.py", line 60, in create_connection
    for res in socket.getaddrinfo(host, port, family, socket.SOCK_STREAM):
  File "/usr/local/lib/python3.10/socket.py", line 967, in getaddrinfo
    for res in _socket.getaddrinfo(host, port, family, type, proto, flags):
socket.gaierror: [Errno -2] Name or service not known

During handling of the above exception, another exception occurred:

Traceback (most recent call last):
  File "/usr/local/lib/python3.10/site-packages/telegram/vendor/ptb_urllib3/urllib3/connectionpool.py", line 614, in urlopen
    httplib_response = self._make_request(conn, method, url,
  File "/usr/local/lib/python3.10/site-packages/telegram/vendor/ptb_urllib3/urllib3/connectionpool.py", line 360, in _make_request
    self._validate_conn(conn)
  File "/usr/local/lib/python3.10/site-packages/telegram/vendor/ptb_urllib3/urllib3/connectionpool.py", line 857, in _validate_conn
    super(HTTPSConnectionPool, self)._validate_conn(conn)
  File "/usr/local/lib/python3.10/site-packages/telegram/vendor/ptb_urllib3/urllib3/connectionpool.py", line 289, in _validate_conn
    conn.connect()
  File "/usr/local/lib/python3.10/site-packages/telegram/vendor/ptb_urllib3/urllib3/connection.py", line 284, in connect
    conn = self._new_conn()
  File "/usr/local/lib/python3.10/site-packages/telegram/vendor/ptb_urllib3/urllib3/connection.py", line 149, in _new_conn
    raise NewConnectionError(
telegram.vendor.ptb_urllib3.urllib3.exceptions.NewConnectionError: <telegram.vendor.ptb_urllib3.urllib3.connection.VerifiedHTTPSConnection object at 0x7f51a1bd3850>: Failed to establish a new connection: [Errno -2] Name or service not known

During handling of the above exception, another exception occurred:

Traceback (most recent call last):
  File "/usr/local/lib/python3.10/site-packages/telegram/utils/request.py", line 259, in _request_wrapper
    resp = self._con_pool.request(*args, **kwargs)
  File "/usr/local/lib/python3.10/site-packages/telegram/vendor/ptb_urllib3/urllib3/request.py", line 68, in request
    return self.request_encode_body(method, url, fields=fields,
  File "/usr/local/lib/python3.10/site-packages/telegram/vendor/ptb_urllib3/urllib3/request.py", line 148, in request_encode_body
    return self.urlopen(method, url, **extra_kw)
  File "/usr/local/lib/python3.10/site-packages/telegram/vendor/ptb_urllib3/urllib3/poolmanager.py", line 244, in urlopen
    response = conn.urlopen(method, u.request_uri, **kw)
  File "/usr/local/lib/python3.10/site-packages/telegram/vendor/ptb_urllib3/urllib3/connectionpool.py", line 691, in urlopen
    return self.urlopen(method, url, body, headers, retries,
  File "/usr/local/lib/python3.10/site-packages/telegram/vendor/ptb_urllib3/urllib3/connectionpool.py", line 691, in urlopen
    return self.urlopen(method, url, body, headers, retries,
  File "/usr/local/lib/python3.10/site-packages/telegram/vendor/ptb_urllib3/urllib3/connectionpool.py", line 691, in urlopen
    return self.urlopen(method, url, body, headers, retries,
  File "/usr/local/lib/python3.10/site-packages/telegram/vendor/ptb_urllib3/urllib3/connectionpool.py", line 665, in urlopen
    retries = retries.increment(method, url, error=e, _pool=self,
  File "/usr/local/lib/python3.10/site-packages/telegram/vendor/ptb_urllib3/urllib3/util/retry.py", line 376, in increment
    raise MaxRetryError(_pool, url, error or ResponseError(cause))
telegram.vendor.ptb_urllib3.urllib3.exceptions.MaxRetryError: HTTPSConnectionPool(host='api.telegram.org', port=443): Max retries exceeded with url: /bot8663400657:AAEbBqdhw4ZfHrU7JqCGlj2twvONKQLYnTs/getUpdates (Caused by NewConnectionError('<telegram.vendor.ptb_urllib3.urllib3.connection.VerifiedHTTPSConnection object at 0x7f51a1bd3850>: Failed to establish a new connection: [Errno -2] Name or service not known'))

The above exception was the direct cause of the following exception:

Traceback (most recent call last):
  File "/usr/local/lib/python3.10/site-packages/telegram/ext/updater.py", line 651, in _network_loop_retry
    if not action_cb():
  File "/usr/local/lib/python3.10/site-packages/telegram/ext/updater.py", line 602, in polling_action_cb
    updates = self.bot.get_updates(
  File "/usr/local/lib/python3.10/site-packages/telegram/ext/extbot.py", line 228, in get_updates
    updates = super().get_updates(
  File "/usr/local/lib/python3.10/site-packages/telegram/bot.py", line 134, in decorator
    result = func(*args, **kwargs)
  File "/usr/local/lib/python3.10/site-packages/telegram/bot.py", line 3140, in get_updates
    self._post(
  File "/usr/local/lib/python3.10/site-packages/telegram/bot.py", line 299, in _post
    return self.request.post(
  File "/usr/local/lib/python3.10/site-packages/telegram/utils/request.py", line 361, in post
    result = self._request_wrapper(
  File "/usr/local/lib/python3.10/site-packages/telegram/utils/request.py", line 265, in _request_wrapper
    raise NetworkError(f'urllib3 HTTPError {error}') from error
telegram.error.NetworkError: urllib3 HTTPError HTTPSConnectionPool(host='api.telegram.org', port=443): Max retries exceeded with url: /bot8663400657:AAEbBqdhw4ZfHrU7JqCGlj2twvONKQLYnTs/getUpdates (Caused by NewConnectionError('<telegram.vendor.ptb_urllib3.urllib3.connection.VerifiedHTTPSConnection object at 0x7f51a1bd3850>: Failed to establish a new connection: [Errno -2] Name or service not known'))
WARNING 2026-08-04 13:35:23,540 connectionpool Retrying (Retry(total=2, connect=None, read=None, redirect=None)) after connection broken by 'NewConnectionError('<telegram.vendor.ptb_urllib3.urllib3.connection.VerifiedHTTPSConnection object at 0x7f51a1b2fca0>: Failed to establish a new connection: [Errno -2] Name or service not known')': /bot8663400657:AAEbBqdhw4ZfHrU7JqCGlj2twvONKQLYnTs/getUpdates
WARNING 2026-08-04 13:35:23,548 connectionpool Retrying (Retry(total=1, connect=None, read=None, redirect=None)) after connection broken by 'NewConnectionError('<telegram.vendor.ptb_urllib3.urllib3.connection.VerifiedHTTPSConnection object at 0x7f51a1b2fb20>: Failed to establish a new connection: [Errno -2] Name or service not known')': /bot8663400657:AAEbBqdhw4ZfHrU7JqCGlj2twvONKQLYnTs/getUpdates
WARNING 2026-08-04 13:35:23,554 connectionpool Retrying (Retry(total=0, connect=None, read=None, redirect=None)) after connection broken by 'NewConnectionError('<telegram.vendor.ptb_urllib3.urllib3.connection.VerifiedHTTPSConnection object at 0x7f51a1b2f730>: Failed to establish a new connection: [Errno -2] Name or service not known')': /bot8663400657:AAEbBqdhw4ZfHrU7JqCGlj2twvONKQLYnTs/getUpdates
ERROR 2026-08-04 13:35:23,565 updater Error while getting Updates: urllib3 HTTPError HTTPSConnectionPool(host='api.telegram.org', port=443): Max retries exceeded with url: /bot8663400657:AAEbBqdhw4ZfHrU7JqCGlj2twvONKQLYnTs/getUpdates (Caused by NewConnectionError('<telegram.vendor.ptb_urllib3.urllib3.connection.VerifiedHTTPSConnection object at 0x7f51a1b2f850>: Failed to establish a new connection: [Errno -2] Name or service not known'))
ERROR 2026-08-04 13:35:23,567 dispatcher No error handlers are registered, logging exception.
Traceback (most recent call last):
  File "/usr/local/lib/python3.10/site-packages/telegram/vendor/ptb_urllib3/urllib3/connection.py", line 140, in _new_conn
    conn = connection.create_connection(
  File "/usr/local/lib/python3.10/site-packages/telegram/vendor/ptb_urllib3/urllib3/util/connection.py", line 60, in create_connection
    for res in socket.getaddrinfo(host, port, family, socket.SOCK_STREAM):
  File "/usr/local/lib/python3.10/socket.py", line 967, in getaddrinfo
    for res in _socket.getaddrinfo(host, port, family, type, proto, flags):
socket.gaierror: [Errno -2] Name or service not known

During handling of the above exception, another exception occurred:

Traceback (most recent call last):
  File "/usr/local/lib/python3.10/site-packages/telegram/vendor/ptb_urllib3/urllib3/connectionpool.py", line 614, in urlopen
    httplib_response = self._make_request(conn, method, url,
  File "/usr/local/lib/python3.10/site-packages/telegram/vendor/ptb_urllib3/urllib3/connectionpool.py", line 360, in _make_request
    self._validate_conn(conn)
  File "/usr/local/lib/python3.10/site-packages/telegram/vendor/ptb_urllib3/urllib3/connectionpool.py", line 857, in _validate_conn
    super(HTTPSConnectionPool, self)._validate_conn(conn)
  File "/usr/local/lib/python3.10/site-packages/telegram/vendor/ptb_urllib3/urllib3/connectionpool.py", line 289, in _validate_conn
    conn.connect()
  File "/usr/local/lib/python3.10/site-packages/telegram/vendor/ptb_urllib3/urllib3/connection.py", line 284, in connect
    conn = self._new_conn()
  File "/usr/local/lib/python3.10/site-packages/telegram/vendor/ptb_urllib3/urllib3/connection.py", line 149, in _new_conn
    raise NewConnectionError(
telegram.vendor.ptb_urllib3.urllib3.exceptions.NewConnectionError: <telegram.vendor.ptb_urllib3.urllib3.connection.VerifiedHTTPSConnection object at 0x7f51a1b2f850>: Failed to establish a new connection: [Errno -2] Name or service not known

During handling of the above exception, another exception occurred:

Traceback (most recent call last):
  File "/usr/local/lib/python3.10/site-packages/telegram/utils/request.py", line 259, in _request_wrapper
    resp = self._con_pool.request(*args, **kwargs)
  File "/usr/local/lib/python3.10/site-packages/telegram/vendor/ptb_urllib3/urllib3/request.py", line 68, in request
    return self.request_encode_body(method, url, fields=fields,
  File "/usr/local/lib/python3.10/site-packages/telegram/vendor/ptb_urllib3/urllib3/request.py", line 148, in request_encode_body
    return self.urlopen(method, url, **extra_kw)
  File "/usr/local/lib/python3.10/site-packages/telegram/vendor/ptb_urllib3/urllib3/poolmanager.py", line 244, in urlopen
    response = conn.urlopen(method, u.request_uri, **kw)
  File "/usr/local/lib/python3.10/site-packages/telegram/vendor/ptb_urllib3/urllib3/connectionpool.py", line 691, in urlopen
    return self.urlopen(method, url, body, headers, retries,
  File "/usr/local/lib/python3.10/site-packages/telegram/vendor/ptb_urllib3/urllib3/connectionpool.py", line 691, in urlopen
    return self.urlopen(method, url, body, headers, retries,
  File "/usr/local/lib/python3.10/site-packages/telegram/vendor/ptb_urllib3/urllib3/connectionpool.py", line 691, in urlopen
    return self.urlopen(method, url, body, headers, retries,
  File "/usr/local/lib/python3.10/site-packages/telegram/vendor/ptb_urllib3/urllib3/connectionpool.py", line 665, in urlopen
    retries = retries.increment(method, url, error=e, _pool=self,
  File "/usr/local/lib/python3.10/site-packages/telegram/vendor/ptb_urllib3/urllib3/util/retry.py", line 376, in increment
    raise MaxRetryError(_pool, url, error or ResponseError(cause))
telegram.vendor.ptb_urllib3.urllib3.exceptions.MaxRetryError: HTTPSConnectionPool(host='api.telegram.org', port=443): Max retries exceeded with url: /bot8663400657:AAEbBqdhw4ZfHrU7JqCGlj2twvONKQLYnTs/getUpdates (Caused by NewConnectionError('<telegram.vendor.ptb_urllib3.urllib3.connection.VerifiedHTTPSConnection object at 0x7f51a1b2f850>: Failed to establish a new connection: [Errno -2] Name or service not known'))

The above exception was the direct cause of the following exception:

Traceback (most recent call last):
  File "/usr/local/lib/python3.10/site-packages/telegram/ext/updater.py", line 651, in _network_loop_retry
    if not action_cb():
  File "/usr/local/lib/python3.10/site-packages/telegram/ext/updater.py", line 602, in polling_action_cb
    updates = self.bot.get_updates(
  File "/usr/local/lib/python3.10/site-packages/telegram/ext/extbot.py", line 228, in get_updates
    updates = super().get_updates(
  File "/usr/local/lib/python3.10/site-packages/telegram/bot.py", line 134, in decorator
    result = func(*args, **kwargs)
  File "/usr/local/lib/python3.10/site-packages/telegram/bot.py", line 3140, in get_updates
    self._post(
  File "/usr/local/lib/python3.10/site-packages/telegram/bot.py", line 299, in _post
    return self.request.post(
  File "/usr/local/lib/python3.10/site-packages/telegram/utils/request.py", line 361, in post
    result = self._request_wrapper(
  File "/usr/local/lib/python3.10/site-packages/telegram/utils/request.py", line 265, in _request_wrapper
    raise NetworkError(f'urllib3 HTTPError {error}') from error
telegram.error.NetworkError: urllib3 HTTPError HTTPSConnectionPool(host='api.telegram.org', port=443): Max retries exceeded with url: /bot8663400657:AAEbBqdhw4ZfHrU7JqCGlj2twvONKQLYnTs/getUpdates (Caused by NewConnectionError('<telegram.vendor.ptb_urllib3.urllib3.connection.VerifiedHTTPSConnection object at 0x7f51a1b2f850>: Failed to establish a new connection: [Errno -2] Name or service not known'))
WARNING 2026-08-04 13:35:40,699 connectionpool Retrying (Retry(total=2, connect=None, read=None, redirect=None)) after connection broken by 'NewConnectionError('<telegram.vendor.ptb_urllib3.urllib3.connection.VerifiedHTTPSConnection object at 0x7f51a1b2f790>: Failed to establish a new connection: [Errno -2] Name or service not known')': /bot8663400657:AAEbBqdhw4ZfHrU7JqCGlj2twvONKQLYnTs/getUpdates
WARNING 2026-08-04 13:35:40,710 connectionpool Retrying (Retry(total=1, connect=None, read=None, redirect=None)) after connection broken by 'NewConnectionError('<telegram.vendor.ptb_urllib3.urllib3.connection.VerifiedHTTPSConnection object at 0x7f51a1b2ef80>: Failed to establish a new connection: [Errno -2] Name or service not known')': /bot8663400657:AAEbBqdhw4ZfHrU7JqCGlj2twvONKQLYnTs/getUpdates
WARNING 2026-08-04 13:35:40,716 connectionpool Retrying (Retry(total=0, connect=None, read=None, redirect=None)) after connection broken by 'NewConnectionError('<telegram.vendor.ptb_urllib3.urllib3.connection.VerifiedHTTPSConnection object at 0x7f51a1b2f4f0>: Failed to establish a new connection: [Errno -2] Name or service not known')': /bot8663400657:AAEbBqdhw4ZfHrU7JqCGlj2twvONKQLYnTs/getUpdates
ERROR 2026-08-04 13:35:40,723 updater Error while getting Updates: urllib3 HTTPError HTTPSConnectionPool(host='api.telegram.org', port=443): Max retries exceeded with url: /bot8663400657:AAEbBqdhw4ZfHrU7JqCGlj2twvONKQLYnTs/getUpdates (Caused by NewConnectionError('<telegram.vendor.ptb_urllib3.urllib3.connection.VerifiedHTTPSConnection object at 0x7f51a1b2f2e0>: Failed to establish a new connection: [Errno -2] Name or service not known'))
ERROR 2026-08-04 13:35:40,725 dispatcher No error handlers are registered, logging exception.
Traceback (most recent call last):
  File "/usr/local/lib/python3.10/site-packages/telegram/vendor/ptb_urllib3/urllib3/connection.py", line 140, in _new_conn
    conn = connection.create_connection(
  File "/usr/local/lib/python3.10/site-packages/telegram/vendor/ptb_urllib3/urllib3/util/connection.py", line 60, in create_connection
    for res in socket.getaddrinfo(host, port, family, socket.SOCK_STREAM):
  File "/usr/local/lib/python3.10/socket.py", line 967, in getaddrinfo
    for res in _socket.getaddrinfo(host, port, family, type, proto, flags):
socket.gaierror: [Errno -2] Name or service not known

During handling of the above exception, another exception occurred:

Traceback (most recent call last):
  File "/usr/local/lib/python3.10/site-packages/telegram/vendor/ptb_urllib3/urllib3/connectionpool.py", line 614, in urlopen
    httplib_response = self._make_request(conn, method, url,
  File "/usr/local/lib/python3.10/site-packages/telegram/vendor/ptb_urllib3/urllib3/connectionpool.py", line 360, in _make_request
    self._validate_conn(conn)
  File "/usr/local/lib/python3.10/site-packages/telegram/vendor/ptb_urllib3/urllib3/connectionpool.py", line 857, in _validate_conn
    super(HTTPSConnectionPool, self)._validate_conn(conn)
  File "/usr/local/lib/python3.10/site-packages/telegram/vendor/ptb_urllib3/urllib3/connectionpool.py", line 289, in _validate_conn
    conn.connect()
  File "/usr/local/lib/python3.10/site-packages/telegram/vendor/ptb_urllib3/urllib3/connection.py", line 284, in connect
    conn = self._new_conn()
  File "/usr/local/lib/python3.10/site-packages/telegram/vendor/ptb_urllib3/urllib3/connection.py", line 149, in _new_conn
    raise NewConnectionError(
telegram.vendor.ptb_urllib3.urllib3.exceptions.NewConnectionError: <telegram.vendor.ptb_urllib3.urllib3.connection.VerifiedHTTPSConnection object at 0x7f51a1b2f2e0>: Failed to establish a new connection: [Errno -2] Name or service not known

During handling of the above exception, another exception occurred:

Traceback (most recent call last):
  File "/usr/local/lib/python3.10/site-packages/telegram/utils/request.py", line 259, in _request_wrapper
    resp = self._con_pool.request(*args, **kwargs)
  File "/usr/local/lib/python3.10/site-packages/telegram/vendor/ptb_urllib3/urllib3/request.py", line 68, in request
    return self.request_encode_body(method, url, fields=fields,
  File "/usr/local/lib/python3.10/site-packages/telegram/vendor/ptb_urllib3/urllib3/request.py", line 148, in request_encode_body
    return self.urlopen(method, url, **extra_kw)
  File "/usr/local/lib/python3.10/site-packages/telegram/vendor/ptb_urllib3/urllib3/poolmanager.py", line 244, in urlopen
    response = conn.urlopen(method, u.request_uri, **kw)
  File "/usr/local/lib/python3.10/site-packages/telegram/vendor/ptb_urllib3/urllib3/connectionpool.py", line 691, in urlopen
    return self.urlopen(method, url, body, headers, retries,
  File "/usr/local/lib/python3.10/site-packages/telegram/vendor/ptb_urllib3/urllib3/connectionpool.py", line 691, in urlopen
    return self.urlopen(method, url, body, headers, retries,
  File "/usr/local/lib/python3.10/site-packages/telegram/vendor/ptb_urllib3/urllib3/connectionpool.py", line 691, in urlopen
    return self.urlopen(method, url, body, headers, retries,
  File "/usr/local/lib/python3.10/site-packages/telegram/vendor/ptb_urllib3/urllib3/connectionpool.py", line 665, in urlopen
    retries = retries.increment(method, url, error=e, _pool=self,
  File "/usr/local/lib/python3.10/site-packages/telegram/vendor/ptb_urllib3/urllib3/util/retry.py", line 376, in increment
    raise MaxRetryError(_pool, url, error or ResponseError(cause))
telegram.vendor.ptb_urllib3.urllib3.exceptions.MaxRetryError: HTTPSConnectionPool(host='api.telegram.org', port=443): Max retries exceeded with url: /bot8663400657:AAEbBqdhw4ZfHrU7JqCGlj2twvONKQLYnTs/getUpdates (Caused by NewConnectionError('<telegram.vendor.ptb_urllib3.urllib3.connection.VerifiedHTTPSConnection object at 0x7f51a1b2f2e0>: Failed to establish a new connection: [Errno -2] Name or service not known'))

The above exception was the direct cause of the following exception:

Traceback (most recent call last):
  File "/usr/local/lib/python3.10/site-packages/telegram/ext/updater.py", line 651, in _network_loop_retry
    if not action_cb():
  File "/usr/local/lib/python3.10/site-packages/telegram/ext/updater.py", line 602, in polling_action_cb
    updates = self.bot.get_updates(
  File "/usr/local/lib/python3.10/site-packages/telegram/ext/extbot.py", line 228, in get_updates
    updates = super().get_updates(
  File "/usr/local/lib/python3.10/site-packages/telegram/bot.py", line 134, in decorator
    result = func(*args, **kwargs)
  File "/usr/local/lib/python3.10/site-packages/telegram/bot.py", line 3140, in get_updates
    self._post(
  File "/usr/local/lib/python3.10/site-packages/telegram/bot.py", line 299, in _post
    return self.request.post(
  File "/usr/local/lib/python3.10/site-packages/telegram/utils/request.py", line 361, in post
    result = self._request_wrapper(
  File "/usr/local/lib/python3.10/site-packages/telegram/utils/request.py", line 265, in _request_wrapper
    raise NetworkError(f'urllib3 HTTPError {error}') from error
telegram.error.NetworkError: urllib3 HTTPError HTTPSConnectionPool(host='api.telegram.org', port=443): Max retries exceeded with url: /bot8663400657:AAEbBqdhw4ZfHrU7JqCGlj2twvONKQLYnTs/getUpdates (Caused by NewConnectionError('<telegram.vendor.ptb_urllib3.urllib3.connection.VerifiedHTTPSConnection object at 0x7f51a1b2f2e0>: Failed to establish a new connection: [Errno -2] Name or service not known'))
WARNING 2026-08-04 13:36:06,397 connectionpool Retrying (Retry(total=2, connect=None, read=None, redirect=None)) after connection broken by 'NewConnectionError('<telegram.vendor.ptb_urllib3.urllib3.connection.VerifiedHTTPSConnection object at 0x7f51a1b2ed10>: Failed to establish a new connection: [Errno -2] Name or service not known')': /bot8663400657:AAEbBqdhw4ZfHrU7JqCGlj2twvONKQLYnTs/getUpdates
WARNING 2026-08-04 13:36:06,405 connectionpool Retrying (Retry(total=1, connect=None, read=None, redirect=None)) after connection broken by 'NewConnectionError('<telegram.vendor.ptb_urllib3.urllib3.connection.VerifiedHTTPSConnection object at 0x7f51a1b5f970>: Failed to establish a new connection: [Errno -2] Name or service not known')': /bot8663400657:AAEbBqdhw4ZfHrU7JqCGlj2twvONKQLYnTs/getUpdates
WARNING 2026-08-04 13:36:06,412 connectionpool Retrying (Retry(total=0, connect=None, read=None, redirect=None)) after connection broken by 'NewConnectionError('<telegram.vendor.ptb_urllib3.urllib3.connection.VerifiedHTTPSConnection object at 0x7f51a1b5c5e0>: Failed to establish a new connection: [Errno -2] Name or service not known')': /bot8663400657:AAEbBqdhw4ZfHrU7JqCGlj2twvONKQLYnTs/getUpdates
ERROR 2026-08-04 13:36:06,418 updater Error while getting Updates: urllib3 HTTPError HTTPSConnectionPool(host='api.telegram.org', port=443): Max retries exceeded with url: /bot8663400657:AAEbBqdhw4ZfHrU7JqCGlj2twvONKQLYnTs/getUpdates (Caused by NewConnectionError('<telegram.vendor.ptb_urllib3.urllib3.connection.VerifiedHTTPSConnection object at 0x7f51a1b5c730>: Failed to establish a new connection: [Errno -2] Name or service not known'))
ERROR 2026-08-04 13:36:06,421 dispatcher No error handlers are registered, logging exception.
Traceback (most recent call last):
  File "/usr/local/lib/python3.10/site-packages/telegram/vendor/ptb_urllib3/urllib3/connection.py", line 140, in _new_conn
    conn = connection.create_connection(
  File "/usr/local/lib/python3.10/site-packages/telegram/vendor/ptb_urllib3/urllib3/util/connection.py", line 60, in create_connection
    for res in socket.getaddrinfo(host, port, family, socket.SOCK_STREAM):
  File "/usr/local/lib/python3.10/socket.py", line 967, in getaddrinfo
    for res in _socket.getaddrinfo(host, port, family, type, proto, flags):
socket.gaierror: [Errno -2] Name or service not known

During handling of the above exception, another exception occurred:

Traceback (most recent call last):
  File "/usr/local/lib/python3.10/site-packages/telegram/vendor/ptb_urllib3/urllib3/connectionpool.py", line 614, in urlopen
    httplib_response = self._make_request(conn, method, url,
  File "/usr/local/lib/python3.10/site-packages/telegram/vendor/ptb_urllib3/urllib3/connectionpool.py", line 360, in _make_request
    self._validate_conn(conn)
  File "/usr/local/lib/python3.10/site-packages/telegram/vendor/ptb_urllib3/urllib3/connectionpool.py", line 857, in _validate_conn
    super(HTTPSConnectionPool, self)._validate_conn(conn)
  File "/usr/local/lib/python3.10/site-packages/telegram/vendor/ptb_urllib3/urllib3/connectionpool.py", line 289, in _validate_conn
    conn.connect()
  File "/usr/local/lib/python3.10/site-packages/telegram/vendor/ptb_urllib3/urllib3/connection.py", line 284, in connect
    conn = self._new_conn()
  File "/usr/local/lib/python3.10/site-packages/telegram/vendor/ptb_urllib3/urllib3/connection.py", line 149, in _new_conn
    raise NewConnectionError(
telegram.vendor.ptb_urllib3.urllib3.exceptions.NewConnectionError: <telegram.vendor.ptb_urllib3.urllib3.connection.VerifiedHTTPSConnection object at 0x7f51a1b5c730>: Failed to establish a new connection: [Errno -2] Name or service not known

During handling of the above exception, another exception occurred:

Traceback (most recent call last):
  File "/usr/local/lib/python3.10/site-packages/telegram/utils/request.py", line 259, in _request_wrapper
    resp = self._con_pool.request(*args, **kwargs)
  File "/usr/local/lib/python3.10/site-packages/telegram/vendor/ptb_urllib3/urllib3/request.py", line 68, in request
    return self.request_encode_body(method, url, fields=fields,
  File "/usr/local/lib/python3.10/site-packages/telegram/vendor/ptb_urllib3/urllib3/request.py", line 148, in request_encode_body
    return self.urlopen(method, url, **extra_kw)
  File "/usr/local/lib/python3.10/site-packages/telegram/vendor/ptb_urllib3/urllib3/poolmanager.py", line 244, in urlopen
    response = conn.urlopen(method, u.request_uri, **kw)
  File "/usr/local/lib/python3.10/site-packages/telegram/vendor/ptb_urllib3/urllib3/connectionpool.py", line 691, in urlopen
    return self.urlopen(method, url, body, headers, retries,
  File "/usr/local/lib/python3.10/site-packages/telegram/vendor/ptb_urllib3/urllib3/connectionpool.py", line 691, in urlopen
    return self.urlopen(method, url, body, headers, retries,
  File "/usr/local/lib/python3.10/site-packages/telegram/vendor/ptb_urllib3/urllib3/connectionpool.py", line 691, in urlopen
    return self.urlopen(method, url, body, headers, retries,
  File "/usr/local/lib/python3.10/site-packages/telegram/vendor/ptb_urllib3/urllib3/connectionpool.py", line 665, in urlopen
    retries = retries.increment(method, url, error=e, _pool=self,
  File "/usr/local/lib/python3.10/site-packages/telegram/vendor/ptb_urllib3/urllib3/util/retry.py", line 376, in increment
    raise MaxRetryError(_pool, url, error or ResponseError(cause))
telegram.vendor.ptb_urllib3.urllib3.exceptions.MaxRetryError: HTTPSConnectionPool(host='api.telegram.org', port=443): Max retries exceeded with url: /bot8663400657:AAEbBqdhw4ZfHrU7JqCGlj2twvONKQLYnTs/getUpdates (Caused by NewConnectionError('<telegram.vendor.ptb_urllib3.urllib3.connection.VerifiedHTTPSConnection object at 0x7f51a1b5c730>: Failed to establish a new connection: [Errno -2] Name or service not known'))

The above exception was the direct cause of the following exception:

Traceback (most recent call last):
  File "/usr/local/lib/python3.10/site-packages/telegram/ext/updater.py", line 651, in _network_loop_retry
    if not action_cb():
  File "/usr/local/lib/python3.10/site-packages/telegram/ext/updater.py", line 602, in polling_action_cb
    updates = self.bot.get_updates(
  File "/usr/local/lib/python3.10/site-packages/telegram/ext/extbot.py", line 228, in get_updates
    updates = super().get_updates(
  File "/usr/local/lib/python3.10/site-packages/telegram/bot.py", line 134, in decorator
    result = func(*args, **kwargs)
  File "/usr/local/lib/python3.10/site-packages/telegram/bot.py", line 3140, in get_updates
    self._post(
  File "/usr/local/lib/python3.10/site-packages/telegram/bot.py", line 299, in _post
    return self.request.post(
  File "/usr/local/lib/python3.10/site-packages/telegram/utils/request.py", line 361, in post
    result = self._request_wrapper(
  File "/usr/local/lib/python3.10/site-packages/telegram/utils/request.py", line 265, in _request_wrapper
    raise NetworkError(f'urllib3 HTTPError {error}') from error
telegram.error.NetworkError: urllib3 HTTPError HTTPSConnectionPool(host='api.telegram.org', port=443): Max retries exceeded with url: /bot8663400657:AAEbBqdhw4ZfHrU7JqCGlj2twvONKQLYnTs/getUpdates (Caused by NewConnectionError('<telegram.vendor.ptb_urllib3.urllib3.connection.VerifiedHTTPSConnection object at 0x7f51a1b5c730>: Failed to establish a new connection: [Errno -2] Name or service not known'))
INFO 2026-08-04 13:36:41,861 updater Received signal 15 (SIGTERM), stopping...
INFO 2026-08-04 13:36:41,892 base Scheduler has been shut down
INFO 2026-08-04 16:18:19,075 runbot1 Starting bot polling (attempt 1/5)...
INFO 2026-08-04 16:18:19,076 base Scheduler started
INFO 2026-08-04 19:18:42,713 updater Received signal 15 (SIGTERM), stopping...
INFO 2026-08-04 19:18:42,808 base Scheduler has been shut down
ERROR 2026-08-04 19:18:48,211 signal Signal handler <bound method DjangoFixup.on_import_modules of <celery.fixups.django.DjangoFixup object at 0x7cae6a9b39a0>> raised: ImportError("cannot import name 'IsDashboardAdmin' from 'dashboard.permissions' (/app/dashboard/permissions.py)")
Traceback (most recent call last):
  File "/usr/local/lib/python3.10/site-packages/celery/utils/dispatch/signal.py", line 276, in send
    response = receiver(signal=self, sender=sender, **named)
  File "/usr/local/lib/python3.10/site-packages/celery/fixups/django.py", line 97, in on_import_modules
    self.worker_fixup.validate_models()
  File "/usr/local/lib/python3.10/site-packages/celery/fixups/django.py", line 137, in validate_models
    run_checks()
  File "/usr/local/lib/python3.10/site-packages/django/core/checks/registry.py", line 88, in run_checks
    new_errors = check(app_configs=app_configs, databases=databases)
  File "/usr/local/lib/python3.10/site-packages/django/core/checks/urls.py", line 44, in check_url_namespaces_unique
    all_namespaces = _load_all_namespaces(resolver)
  File "/usr/local/lib/python3.10/site-packages/django/core/checks/urls.py", line 63, in _load_all_namespaces
    url_patterns = getattr(resolver, "url_patterns", [])
  File "/usr/local/lib/python3.10/site-packages/django/utils/functional.py", line 47, in __get__
    res = instance.__dict__[self.name] = self.func(instance)
  File "/usr/local/lib/python3.10/site-packages/django/urls/resolvers.py", line 718, in url_patterns
    patterns = getattr(self.urlconf_module, "urlpatterns", self.urlconf_module)
  File "/usr/local/lib/python3.10/site-packages/django/utils/functional.py", line 47, in __get__
    res = instance.__dict__[self.name] = self.func(instance)
  File "/usr/local/lib/python3.10/site-packages/django/urls/resolvers.py", line 711, in urlconf_module
    return import_module(self.urlconf_name)
  File "/usr/local/lib/python3.10/importlib/__init__.py", line 126, in import_module
    return _bootstrap._gcd_import(name[level:], package, level)
  File "<frozen importlib._bootstrap>", line 1050, in _gcd_import
  File "<frozen importlib._bootstrap>", line 1027, in _find_and_load
  File "<frozen importlib._bootstrap>", line 1006, in _find_and_load_unlocked
  File "<frozen importlib._bootstrap>", line 688, in _load_unlocked
  File "<frozen importlib._bootstrap_external>", line 883, in exec_module
  File "<frozen importlib._bootstrap>", line 241, in _call_with_frames_removed
  File "/app/config/urls.py", line 62, in <module>
    path('api/v1/dashboard/', include('dashboard.api_urls', namespace='dashboard_api')),
  File "/usr/local/lib/python3.10/site-packages/django/urls/conf.py", line 39, in include
    urlconf_module = import_module(urlconf_module)
  File "/usr/local/lib/python3.10/importlib/__init__.py", line 126, in import_module
    return _bootstrap._gcd_import(name[level:], package, level)
  File "<frozen importlib._bootstrap>", line 1050, in _gcd_import
  File "<frozen importlib._bootstrap>", line 1027, in _find_and_load
  File "<frozen importlib._bootstrap>", line 1006, in _find_and_load_unlocked
  File "<frozen importlib._bootstrap>", line 688, in _load_unlocked
  File "<frozen importlib._bootstrap_external>", line 883, in exec_module
  File "<frozen importlib._bootstrap>", line 241, in _call_with_frames_removed
  File "/app/dashboard/api_urls.py", line 3, in <module>
    from . import api_views
  File "/app/dashboard/api_views.py", line 15, in <module>
    from .permissions import IsDashboardAdmin
ImportError: cannot import name 'IsDashboardAdmin' from 'dashboard.permissions' (/app/dashboard/permissions.py)
INFO 2026-08-04 19:18:55,899 runbot1 Starting bot polling (attempt 1/5)...
INFO 2026-08-04 19:18:55,901 base Scheduler started
INFO 2026-08-04 19:39:44,463 runbot1 Starting bot polling (attempt 1/5)...
INFO 2026-08-04 19:39:44,466 base Scheduler started
